# This file uses centimeters as units for non-parametric coordinates.

mtllib HELMET.mtl
g default
v 0.416054 0.790042 11.035565
v 0.410022 0.791988 11.037425
v 0.405100 0.794908 11.040728
v 0.401774 0.798517 11.045151
v 0.400368 0.802462 11.050263
v 0.401023 0.806357 11.055562
v 0.403666 0.809820 11.060526
v 0.408051 0.812511 11.064675
v 0.413740 0.814169 11.067596
v 0.420180 0.814630 11.069012
v 0.426735 0.813850 11.068777
v 0.432771 0.811905 11.066915
v 0.437690 0.808985 11.063614
v 0.441016 0.805376 11.059187
v 0.442422 0.801431 11.054076
v 0.441767 0.797536 11.048780
v 0.439120 0.794074 11.043816
v 0.434735 0.791382 11.039664
v 0.429049 0.789724 11.036742
v 0.422613 0.789262 11.035328
v 0.416705 0.797125 11.030278
v 0.410673 0.799070 11.032138
v 0.405751 0.801990 11.035439
v 0.402425 0.805599 11.039866
v 0.401023 0.809545 11.044975
v 0.401674 0.813439 11.050275
v 0.404321 0.816901 11.055239
v 0.408706 0.819594 11.059387
v 0.414391 0.821251 11.062313
v 0.420831 0.821713 11.063724
v 0.427390 0.820933 11.063492
v 0.433422 0.818987 11.061630
v 0.438344 0.816067 11.058327
v 0.441667 0.812458 11.053902
v 0.443072 0.808513 11.048791
v 0.442422 0.804618 11.043493
v 0.439775 0.801155 11.038525
v 0.435390 0.798464 11.034378
v 0.429704 0.796807 11.031457
v 0.423264 0.796345 11.030043
v 0.418468 0.803183 11.032978
v 0.414144 0.804577 11.034311
v 0.410618 0.806669 11.036682
v 0.408235 0.809257 11.039851
v 0.407229 0.812083 11.043513
v 0.407694 0.814875 11.047311
v 0.409592 0.817356 11.050867
v 0.412735 0.819285 11.053840
v 0.416810 0.820474 11.055936
v 0.421421 0.820804 11.056949
v 0.426124 0.820245 11.056781
v 0.430448 0.818850 11.055449
v 0.433974 0.816758 11.053081
v 0.436357 0.814172 11.049908
v 0.437363 0.811344 11.046247
v 0.436895 0.808554 11.042449
v 0.435000 0.806072 11.038890
v 0.431861 0.804142 11.035920
v 0.427783 0.802954 11.033822
v 0.423167 0.802624 11.032812
v 0.423255 0.796913 11.030290
v 0.429529 0.797362 11.031670
v 0.435073 0.798976 11.034518
v 0.439341 0.801600 11.038559
v 0.441918 0.804974 11.043397
v 0.442557 0.808769 11.048561
v 0.441189 0.812613 11.053542
v 0.437949 0.816130 11.057853
v 0.433153 0.818975 11.061072
v 0.427276 0.820871 11.062882
v 0.420886 0.821631 11.063112
v 0.414612 0.821182 11.061735
v 0.409071 0.819567 11.058885
v 0.404799 0.816944 11.054845
v 0.402218 0.813569 11.050008
v 0.401583 0.809774 11.044843
v 0.402952 0.805930 11.039866
v 0.406192 0.802413 11.035551
v 0.410988 0.799568 11.032333
v 0.416864 0.797672 11.030520
v 0.423176 0.801916 11.032497
v 0.427999 0.802261 11.033555
v 0.432256 0.803502 11.035744
v 0.435537 0.805517 11.038852
v 0.437519 0.808110 11.042568
v 0.438006 0.811024 11.046532
v 0.436956 0.813979 11.050360
v 0.434467 0.816680 11.053672
v 0.430783 0.818866 11.056145
v 0.426269 0.820322 11.057539
v 0.421359 0.820906 11.057712
v 0.416539 0.820562 11.056656
v 0.412279 0.819320 11.054465
v 0.408997 0.817305 11.051360
v 0.407016 0.814713 11.047646
v 0.406529 0.811797 11.043679
v 0.407582 0.808844 11.039853
v 0.410068 0.806142 11.036540
v 0.413752 0.803956 11.034065
v 0.418270 0.802499 11.032675
v 0.423251 0.796187 11.030160
v 0.429687 0.796649 11.031572
v 0.435376 0.798307 11.034497
v 0.439761 0.800999 11.038646
v 0.442408 0.804461 11.043612
v 0.443059 0.808356 11.048910
v 0.441653 0.812301 11.054019
v 0.438331 0.815909 11.058444
v 0.433408 0.818830 11.061749
v 0.427377 0.820775 11.063607
v 0.420817 0.821555 11.063842
v 0.414377 0.821094 11.062430
v 0.408692 0.819437 11.059505
v 0.404307 0.816744 11.055356
v 0.401660 0.813281 11.050392
v 0.401009 0.809387 11.045096
v 0.402411 0.805442 11.039985
v 0.405737 0.801833 11.035558
v 0.410659 0.798912 11.032255
v 0.416691 0.796968 11.030397
v 0.422633 0.789478 11.035169
v 0.429069 0.789939 11.036581
v 0.434759 0.791597 11.039504
v 0.439140 0.794290 11.043651
v 0.441787 0.797753 11.048617
v 0.442441 0.801647 11.053917
v 0.441035 0.805592 11.059028
v 0.437713 0.809201 11.063451
v 0.432787 0.812122 11.066754
v 0.426755 0.814066 11.068616
v 0.420200 0.814847 11.068849
v 0.413760 0.814385 11.067435
v 0.408071 0.812727 11.064512
v 0.403689 0.810035 11.060365
v 0.401042 0.806572 11.055401
v 0.400388 0.802678 11.050103
v 0.401794 0.798734 11.044990
v 0.405120 0.795124 11.040565
v 0.410042 0.792203 11.037264
v 0.416074 0.790259 11.035402
vt 0.289887 0.025616
vt 0.336663 0.064025
vt 0.335275 0.065254
vt 0.288947 0.027221
vt 0.369281 0.115010
vt 0.367580 0.115754
vt 0.384536 0.173563
vt 0.382690 0.173750
vt 0.380958 0.233971
vt 0.379142 0.233568
vt 0.358890 0.290319
vt 0.357291 0.289377
vt 0.320486 0.337100
vt 0.319249 0.335713
vt 0.269479 0.369718
vt 0.268727 0.368021
vt 0.210884 0.384962
vt 0.210706 0.383112
vt 0.150438 0.381317
vt 0.150840 0.379503
vt 0.094109 0.359161
vt 0.095061 0.357565
vt 0.047458 0.320661
vt 0.048861 0.319442
vt 0.015066 0.269690
vt 0.016767 0.268937
vt 0.000000 0.211312
vt 0.001845 0.211131
vt 0.003462 0.151211
vt 0.005283 0.151602
vt 0.025291 0.094926
vt 0.026891 0.095864
vt 0.063509 0.048080
vt 0.064760 0.049457
vt 0.114451 0.015348
vt 0.115203 0.017042
vt 0.173024 0.000000
vt 0.173211 0.001849
vt 0.233486 0.003538
vt 0.233090 0.005351
vt 0.633152 0.205578
vt 0.612929 0.232053
vt 0.585505 0.250971
vt 0.553573 0.260489
vt 0.520264 0.259697
vt 0.488829 0.248631
vt 0.462355 0.228406
vt 0.443424 0.200970
vt 0.433896 0.169035
vt 0.434715 0.135732
vt 0.445774 0.104278
vt 0.466006 0.077799
vt 0.493434 0.058880
vt 0.525364 0.049355
vt 0.558687 0.050163
vt 0.590114 0.061232
vt 0.616591 0.081473
vt 0.635517 0.108893
vt 0.645033 0.140821
vt 0.644210 0.174136
vt 0.675840 0.228459
vt 0.646464 0.266997
vt 0.643421 0.263815
vt 0.671971 0.226369
vt 0.606596 0.294587
vt 0.604689 0.290612
vt 0.560168 0.308488
vt 0.559573 0.304123
vt 0.511697 0.307359
vt 0.512488 0.303032
vt 0.465950 0.291321
vt 0.468033 0.287450
vt 0.427402 0.261931
vt 0.430577 0.258888
vt 0.399824 0.222053
vt 0.403786 0.220136
vt 0.385915 0.175621
vt 0.390274 0.175027
vt 0.387048 0.127148
vt 0.391377 0.127946
vt 0.403086 0.081407
vt 0.406966 0.083490
vt 0.432481 0.042861
vt 0.435522 0.046034
vt 0.472356 0.015271
vt 0.474257 0.019244
vt 0.518797 0.001379
vt 0.519383 0.005734
vt 0.567271 0.002499
vt 0.566482 0.006833
vt 0.613023 0.018560
vt 0.610934 0.022436
vt 0.651566 0.047963
vt 0.648380 0.051003
vt 0.679126 0.087845
vt 0.675166 0.089743
vt 0.693012 0.134264
vt 0.688655 0.134848
vt 0.691883 0.182718
vt 0.687551 0.181929
vt 0.649573 0.175126
vt 0.650435 0.140098
vt 0.640428 0.106534
vt 0.620537 0.077706
vt 0.592703 0.056434
vt 0.559671 0.044807
vt 0.524641 0.043941
vt 0.491075 0.053961
vt 0.462244 0.073862
vt 0.440973 0.101688
vt 0.429350 0.134743
vt 0.428496 0.169761
vt 0.438510 0.203340
vt 0.458405 0.232166
vt 0.486230 0.253431
vt 0.519284 0.265062
vt 0.554303 0.265895
vt 0.587865 0.255890
vt 0.616691 0.235999
vt 0.637952 0.208157
vt 0.179019 0.055465
vt 0.222002 0.058127
vt 0.137357 0.066217
vt 0.101086 0.089318
vt 0.073782 0.122486
vt 0.058090 0.162478
vt 0.055547 0.205410
vt 0.066098 0.247075
vt 0.089010 0.283412
vt 0.122052 0.310867
vt 0.162025 0.326749
vt 0.204967 0.329497
vt 0.246666 0.318819
vt 0.283053 0.295757
vt 0.310518 0.262570
vt 0.326384 0.222511
vt 0.329086 0.179502
vt 0.318368 0.137771
vt 0.295270 0.101396
vt 0.262055 0.073957
vt 0.677071 0.229113
vt 0.693250 0.182976
vt 0.647422 0.268010
vt 0.607201 0.295840
vt 0.560353 0.309866
vt 0.511448 0.308733
vt 0.465290 0.292546
vt 0.426396 0.262893
vt 0.398569 0.222654
vt 0.384536 0.175807
vt 0.385677 0.126908
vt 0.401863 0.080737
vt 0.431521 0.041850
vt 0.471747 0.014018
vt 0.518611 0.000000
vt 0.567515 0.001129
vt 0.613678 0.017331
vt 0.652563 0.046995
vt 0.680378 0.087232
vt 0.694391 0.134080
vt 0.870625 0.000000
vt 0.822246 0.000238
vt 0.916702 0.014717
vt 0.955961 0.042953
vt 0.984600 0.081945
vt 0.999761 0.127857
vt 1.000000 0.176231
vt 0.985292 0.222309
vt 0.957054 0.261588
vt 0.918069 0.290204
vt 0.872146 0.305378
vt 0.823777 0.305612
vt 0.777690 0.290899
vt 0.738421 0.262666
vt 0.709790 0.223680
vt 0.694621 0.177757
vt 0.694391 0.129389
vt 0.709109 0.083308
vt 0.737337 0.044037
vt 0.776331 0.015417
vn -0.253262 -0.563680 -0.786208
vn -0.538333 -0.473515 -0.697124
vn -0.538535 -0.471721 -0.698183
vn -0.252829 -0.563666 -0.786357
vn -0.771654 -0.334466 -0.541002
vn -0.771521 -0.333473 -0.541804
vn -0.929217 -0.163350 -0.331471
vn -0.929132 -0.162329 -0.332208
vn -0.995656 0.023941 -0.089974
vn -0.995626 0.024523 -0.090155
vn -0.964562 0.211129 0.158256
vn -0.964674 0.208880 0.160540
vn -0.839500 0.377047 0.391248
vn -0.839259 0.372941 0.395675
vn -0.631483 0.503178 0.589950
vn -0.631867 0.500275 0.592005
vn -0.362190 0.579725 0.729888
vn -0.362401 0.578663 0.730626
vn -0.057514 0.601487 0.796809
vn -0.057567 0.600556 0.797508
vn 0.252972 0.564879 0.785441
vn 0.252785 0.563666 0.786372
vn 0.540713 0.472358 0.696066
vn 0.538503 0.471521 0.698343
vn 0.771168 0.332186 0.543095
vn 0.771684 0.333168 0.541759
vn 0.929232 0.159142 0.333469
vn 0.929119 0.162315 0.332254
vn 0.995647 -0.025382 0.089680
vn 0.995602 -0.024327 0.090469
vn 0.964579 -0.209965 -0.159692
vn 0.964678 -0.208906 -0.160480
vn 0.839116 -0.377522 -0.391614
vn 0.839280 -0.373007 -0.395570
vn 0.630416 -0.506312 -0.588407
vn 0.631802 -0.500385 -0.591981
vn 0.362395 -0.579182 -0.730218
vn 0.362374 -0.578726 -0.730590
vn 0.057472 -0.598188 -0.799292
vn 0.057498 -0.600535 -0.797528
vn -0.073709 -0.799161 0.596581
vn -0.073709 -0.799161 0.596581
vn -0.073709 -0.799161 0.596581
vn -0.073709 -0.799161 0.596581
vn -0.073709 -0.799161 0.596581
vn -0.073709 -0.799161 0.596581
vn -0.073709 -0.799161 0.596581
vn -0.073709 -0.799161 0.596581
vn -0.073709 -0.799161 0.596581
vn -0.073709 -0.799161 0.596581
vn -0.073709 -0.799161 0.596581
vn -0.073709 -0.799161 0.596581
vn -0.073709 -0.799161 0.596581
vn -0.073709 -0.799161 0.596581
vn -0.073709 -0.799161 0.596581
vn -0.073709 -0.799161 0.596581
vn -0.073709 -0.799161 0.596581
vn -0.073709 -0.799161 0.596581
vn -0.073709 -0.799161 0.596581
vn -0.073709 -0.799161 0.596581
vn 0.072926 0.797421 -0.599001
vn 0.072049 0.797706 -0.598727
vn 0.071335 0.798133 -0.598243
vn 0.070846 0.798656 -0.597603
vn 0.070640 0.799228 -0.596862
vn 0.070735 0.799796 -0.596090
vn 0.071124 0.800301 -0.595366
vn 0.071760 0.800692 -0.594762
vn 0.072586 0.800934 -0.594337
vn 0.073524 0.801001 -0.594132
vn 0.074479 0.800888 -0.594164
vn 0.075356 0.800603 -0.594438
vn 0.076074 0.800177 -0.594920
vn 0.076561 0.799652 -0.595564
vn 0.076762 0.799080 -0.596304
vn 0.076668 0.798512 -0.597078
vn 0.076286 0.798005 -0.597803
vn 0.075644 0.797618 -0.598400
vn 0.074814 0.797379 -0.598824
vn 0.073879 0.797311 -0.599030
vn -0.060384 0.418327 -0.906287
vn -0.200224 0.464563 -0.862608
vn -0.199373 0.465867 -0.862101
vn -0.059615 0.420740 -0.905220
vn -0.313378 0.533466 -0.785626
vn -0.313474 0.533892 -0.785299
vn -0.389602 0.617796 -0.683036
vn -0.390343 0.617582 -0.682807
vn -0.422484 0.709151 -0.564457
vn -0.422866 0.708833 -0.564571
vn -0.407737 0.799172 -0.441672
vn -0.407985 0.799041 -0.441681
vn -0.346619 0.879219 -0.326847
vn -0.346628 0.879354 -0.326475
vn -0.245407 0.941697 -0.230178
vn -0.244999 0.941777 -0.230287
vn -0.113676 0.980227 -0.161965
vn -0.113146 0.980189 -0.162567
vn 0.035940 0.990979 -0.129111
vn 0.036079 0.990882 -0.129815
vn 0.188123 0.972886 -0.134546
vn 0.188146 0.972778 -0.135291
vn 0.327979 0.927762 -0.178009
vn 0.328033 0.927676 -0.178356
vn 0.442189 0.859890 -0.255066
vn 0.442026 0.860032 -0.254869
vn 0.519856 0.776049 -0.357069
vn 0.519283 0.776239 -0.357488
vn 0.552142 0.684708 -0.475725
vn 0.551800 0.684809 -0.475976
vn 0.536027 0.595212 -0.598663
vn 0.536442 0.594760 -0.598740
vn 0.474407 0.515297 -0.713728
vn 0.474972 0.514643 -0.713823
vn 0.372894 0.452469 -0.810075
vn 0.373542 0.452072 -0.809999
vn 0.241892 0.412773 -0.878127
vn 0.241773 0.413361 -0.877883
vn 0.092518 0.400173 -0.911758
vn 0.092493 0.402623 -0.910681
vn 0.092434 0.403068 -0.910490
vn 0.241753 0.413576 -0.877787
vn 0.373586 0.451938 -0.810053
vn 0.475216 0.514439 -0.713809
vn 0.536583 0.594709 -0.598666
vn 0.551757 0.684813 -0.476020
vn 0.519213 0.776256 -0.357554
vn 0.442027 0.860021 -0.254905
vn 0.328049 0.927656 -0.178431
vn 0.188114 0.972770 -0.135396
vn 0.036136 0.990869 -0.129893
vn -0.113068 0.980186 -0.162636
vn -0.244996 0.941758 -0.230368
vn -0.346647 0.879349 -0.326468
vn -0.408037 0.799014 -0.441682
vn -0.423006 0.708770 -0.564545
vn -0.390490 0.617530 -0.682770
vn -0.313446 0.534079 -0.785182
vn -0.199237 0.466147 -0.861982
vn -0.059479 0.421071 -0.905075
vn 0.362331 -0.578637 -0.730682
vn 0.057488 -0.600537 -0.797528
vn 0.056956 -0.597418 -0.799905
vn 0.364826 -0.574729 -0.732522
vn 0.631800 -0.500252 -0.592095
vn 0.631581 -0.502000 -0.590849
vn 0.839370 -0.372837 -0.395538
vn 0.838400 -0.375939 -0.394659
vn 0.964712 -0.208792 -0.160428
vn 0.964895 -0.207855 -0.160546
vn 0.995607 -0.024238 0.090435
vn 0.995845 -0.021416 0.088509
vn 0.929136 0.162458 0.332135
vn 0.929336 0.165312 0.330162
vn 0.771648 0.333287 0.541738
vn 0.771628 0.335160 0.540609
vn 0.538530 0.471443 0.698374
vn 0.538744 0.471050 0.698475
vn 0.252835 0.563545 0.786443
vn 0.251578 0.560811 0.788796
vn -0.057590 0.600463 0.797576
vn -0.058326 0.597778 0.799537
vn -0.362414 0.578596 0.730673
vn -0.363083 0.577145 0.731488
vn -0.631821 0.500164 0.592146
vn -0.632918 0.497925 0.592862
vn -0.839298 0.372704 0.395815
vn -0.839586 0.369756 0.397965
vn -0.964696 0.208711 0.160626
vn -0.965356 0.204871 0.161605
vn -0.995634 0.024459 -0.090081
vn -0.995911 0.019812 -0.088136
vn -0.929159 -0.162388 -0.332105
vn -0.929699 -0.167376 -0.328094
vn -0.771577 -0.333491 -0.541713
vn -0.772361 -0.337017 -0.538403
vn -0.538566 -0.471712 -0.698165
vn -0.539473 -0.473857 -0.696009
vn -0.252855 -0.563684 -0.786337
vn -0.253279 -0.564728 -0.785450
s 1
g DHONI_MOTION_POSTER_2:Gopiknath_20210802_1927:Gopiknath_20210801_1428:Gopiknath_20210731_0019:pCylinder56 DHONI_MOTION_POSTER_2:Gopiknath_20210802_1927:Gopiknath_20210801_1428:Gopiknath_20210731_0019:group4 DHONI_MOTION_POSTER_2:Gopiknath_20210802_1927:Gopiknath_20210801_1428:Gopiknath_20210731_0019:group3 DHONI_MOTION_POSTER_2:Gopiknath_20210802_1927:Gopiknath_20210801_1428:Gopiknath_20210731_0019:helmet DHONI_MOTION_POSTER_2:Gopiknath_20210802_1927:Gopiknath_20210801_1428:Gopiknath_20210731_0019:group7 DHONI_MOTION_POSTER_2:Gopiknath_20210802_1927:Gopiknath_20210801_1428:Gopiknath_20210731_0019:helemt DHONI_MOTION_POSTER_2:Gopiknath_20210802_1927:Gopiknath_20210801_1428:Gopiknath_20210731_0019:HELMET5 HELMETS
usemtl DHONI_MOTION_POSTER_2:Gopiknath_20210802_1927:Gopiknath_20210801_1428:Gopiknath_20210731_0019:aiStandardSurface23SG
f 1/1/1 2/2/2 139/3/3 140/4/4
f 2/2/2 3/5/5 138/6/6 139/3/3
f 3/5/5 4/7/7 137/8/8 138/6/6
f 4/7/7 5/9/9 136/10/10 137/8/8
f 5/9/9 6/11/11 135/12/12 136/10/10
f 6/11/11 7/13/13 134/14/14 135/12/12
f 7/13/13 8/15/15 133/16/16 134/14/14
f 8/15/15 9/17/17 132/18/18 133/16/16
f 9/17/17 10/19/19 131/20/20 132/18/18
f 10/19/19 11/21/21 130/22/22 131/20/20
f 11/21/21 12/23/23 129/24/24 130/22/22
f 12/23/23 13/25/25 128/26/26 129/24/24
f 13/25/25 14/27/27 127/28/28 128/26/26
f 14/27/27 15/29/29 126/30/30 127/28/28
f 15/29/29 16/31/31 125/32/32 126/30/30
f 16/31/31 17/33/33 124/34/34 125/32/32
f 17/33/33 18/35/35 123/36/36 124/34/34
f 18/35/35 19/37/37 122/38/38 123/36/36
f 19/37/37 20/39/39 121/40/40 122/38/38
f 20/39/39 1/1/1 140/4/4 121/40/40
s off
f 1/162/41 20/161/42 19/163/43 18/164/44 17/165/45 16/166/46 15/167/47 14/168/48 13/169/49 12/170/50 11/171/51 10/172/52 9/173/53 8/174/54 7/175/55 6/176/56 5/177/57 4/178/58 3/179/59 2/180/60
s 2
f 41/41/61 42/42/62 43/43/63 44/44/64 45/45/65 46/46/66 47/47/67 48/48/68 49/49/69 50/50/70 51/51/71 52/52/72 53/53/73 54/54/74 55/55/75 56/56/76 57/57/77 58/58/78 59/59/79 60/60/80
f 21/61/81 22/62/82 79/63/83 80/64/84
f 22/62/82 23/65/85 78/66/86 79/63/83
f 23/65/85 24/67/87 77/68/88 78/66/86
f 24/67/87 25/69/89 76/70/90 77/68/88
f 25/69/89 26/71/91 75/72/92 76/70/90
f 26/71/91 27/73/93 74/74/94 75/72/92
f 27/73/93 28/75/95 73/76/96 74/74/94
f 28/75/95 29/77/97 72/78/98 73/76/96
f 29/77/97 30/79/99 71/80/100 72/78/98
f 30/79/99 31/81/101 70/82/102 71/80/100
f 31/81/101 32/83/103 69/84/104 70/82/102
f 32/83/103 33/85/105 68/86/106 69/84/104
f 33/85/105 34/87/107 67/88/108 68/86/106
f 34/87/107 35/89/109 66/90/110 67/88/108
f 35/89/109 36/91/111 65/92/112 66/90/110
f 36/91/111 37/93/113 64/94/114 65/92/112
f 37/93/113 38/95/115 63/96/116 64/94/114
f 38/95/115 39/97/117 62/98/118 63/96/116
f 39/97/117 40/99/119 61/100/120 62/98/118
f 40/99/119 21/61/81 80/64/84 61/100/120
f 62/98/118 61/100/120 81/101/121 82/102/122
f 63/96/116 62/98/118 82/102/122 83/103/123
f 64/94/114 63/96/116 83/103/123 84/104/124
f 65/92/112 64/94/114 84/104/124 85/105/125
f 66/90/110 65/92/112 85/105/125 86/106/126
f 67/88/108 66/90/110 86/106/126 87/107/127
f 68/86/106 67/88/108 87/107/127 88/108/128
f 69/84/104 68/86/106 88/108/128 89/109/129
f 70/82/102 69/84/104 89/109/129 90/110/130
f 71/80/100 70/82/102 90/110/130 91/111/131
f 72/78/98 71/80/100 91/111/131 92/112/132
f 73/76/96 72/78/98 92/112/132 93/113/133
f 74/74/94 73/76/96 93/113/133 94/114/134
f 75/72/92 74/74/94 94/114/134 95/115/135
f 76/70/90 75/72/92 95/115/135 96/116/136
f 77/68/88 76/70/90 96/116/136 97/117/137
f 78/66/86 77/68/88 97/117/137 98/118/138
f 79/63/83 78/66/86 98/118/138 99/119/139
f 80/64/84 79/63/83 99/119/139 100/120/140
f 61/100/120 80/64/84 100/120/140 81/101/121
f 82/102/122 81/101/121 60/60/80 59/59/79
f 83/103/123 82/102/122 59/59/79 58/58/78
f 84/104/124 83/103/123 58/58/78 57/57/77
f 85/105/125 84/104/124 57/57/77 56/56/76
f 86/106/126 85/105/125 56/56/76 55/55/75
f 87/107/127 86/106/126 55/55/75 54/54/74
f 88/108/128 87/107/127 54/54/74 53/53/73
f 89/109/129 88/108/128 53/53/73 52/52/72
f 90/110/130 89/109/129 52/52/72 51/51/71
f 91/111/131 90/110/130 51/51/71 50/50/70
f 92/112/132 91/111/131 50/50/70 49/49/69
f 93/113/133 92/112/132 49/49/69 48/48/68
f 94/114/134 93/113/133 48/48/68 47/47/67
f 95/115/135 94/114/134 47/47/67 46/46/66
f 96/116/136 95/115/135 46/46/66 45/45/65
f 97/117/137 96/116/136 45/45/65 44/44/64
f 98/118/138 97/117/137 44/44/64 43/43/63
f 99/119/139 98/118/138 43/43/63 42/42/62
f 100/120/140 99/119/139 42/42/62 41/41/61
f 81/101/121 100/120/140 41/41/61 60/60/80
s 1
f 102/160/141 101/142/142 40/99/143 39/97/144
f 103/159/145 102/160/141 39/97/144 38/95/146
f 104/158/147 103/159/145 38/95/146 37/93/148
f 105/157/149 104/158/147 37/93/148 36/91/150
f 106/156/151 105/157/149 36/91/150 35/89/152
f 107/155/153 106/156/151 35/89/152 34/87/154
f 108/154/155 107/155/153 34/87/154 33/85/156
f 109/153/157 108/154/155 33/85/156 32/83/158
f 110/152/159 109/153/157 32/83/158 31/81/160
f 111/151/161 110/152/159 31/81/160 30/79/162
f 112/150/163 111/151/161 30/79/162 29/77/164
f 113/149/165 112/150/163 29/77/164 28/75/166
f 114/148/167 113/149/165 28/75/166 27/73/168
f 115/147/169 114/148/167 27/73/168 26/71/170
f 116/146/171 115/147/169 26/71/170 25/69/172
f 117/145/173 116/146/171 25/69/172 24/67/174
f 118/144/175 117/145/173 24/67/174 23/65/176
f 119/143/177 118/144/175 23/65/176 22/62/178
f 120/141/179 119/143/177 22/62/178 21/61/180
f 101/142/142 120/141/179 21/61/180 40/99/143
f 122/38/38 121/40/40 101/122/142 102/121/141
f 123/36/36 122/38/38 102/121/141 103/123/145
f 124/34/34 123/36/36 103/123/145 104/124/147
f 125/32/32 124/34/34 104/124/147 105/125/149
f 126/30/30 125/32/32 105/125/149 106/126/151
f 127/28/28 126/30/30 106/126/151 107/127/153
f 128/26/26 127/28/28 107/127/153 108/128/155
f 129/24/24 128/26/26 108/128/155 109/129/157
f 130/22/22 129/24/24 109/129/157 110/130/159
f 131/20/20 130/22/22 110/130/159 111/131/161
f 132/18/18 131/20/20 111/131/161 112/132/163
f 133/16/16 132/18/18 112/132/163 113/133/165
f 134/14/14 133/16/16 113/133/165 114/134/167
f 135/12/12 134/14/14 114/134/167 115/135/169
f 136/10/10 135/12/12 115/135/169 116/136/171
f 137/8/8 136/10/10 116/136/171 117/137/173
f 138/6/6 137/8/8 117/137/173 118/138/175
f 139/3/3 138/6/6 118/138/175 119/139/177
f 140/4/4 139/3/3 119/139/177 120/140/179
f 121/40/40 140/4/4 120/140/179 101/122/142
g default
v 0.106364 0.502236 11.128350
v 0.090316 0.534739 11.169909
v 0.083645 0.567879 11.213477
v 0.086559 0.600646 11.257736
v 0.098966 0.632048 11.301335
v 0.150466 0.687010 11.381326
v 0.187996 0.708899 11.415282
v 0.231934 0.726131 11.443797
v 0.280954 0.738187 11.466003
v 0.333554 0.744696 11.481222
v 0.443062 0.740464 11.489081
v 0.496637 0.729849 11.481479
v 0.547246 0.713945 11.466429
v 0.593354 0.693231 11.444378
v 0.633548 0.668338 11.415993
v 0.691556 0.609144 11.343864
v 0.707601 0.576641 11.302306
v 0.714268 0.543504 11.258736
v 0.711357 0.510735 11.214483
v 0.698954 0.479333 11.170882
v 0.647454 0.424371 11.090895
v 0.609920 0.402482 11.056935
v 0.565982 0.385249 11.028417
v 0.516963 0.373194 11.006214
v 0.464363 0.366683 10.990992
v 0.354855 0.370917 10.983134
v 0.301276 0.381532 10.990736
v 0.250670 0.397437 11.005789
v 0.204566 0.418151 11.027842
v 0.164369 0.443043 11.056222
v 0.113610 0.542444 11.100153
v 0.097764 0.574547 11.141201
v 0.091173 0.607276 11.184233
v 0.094055 0.639642 11.227946
v 0.106307 0.670658 11.271005
v 0.157170 0.724942 11.350013
v 0.194240 0.746561 11.383553
v 0.237642 0.763584 11.411718
v 0.286053 0.775490 11.433650
v 0.338009 0.781921 11.448683
v 0.446167 0.777738 11.456443
v 0.499084 0.767257 11.448939
v 0.549069 0.751549 11.434068
v 0.594605 0.731088 11.412287
v 0.634307 0.706502 11.384255
v 0.691605 0.648035 11.313014
v 0.707447 0.615935 11.271970
v 0.714034 0.583204 11.228937
v 0.711159 0.550837 11.185225
v 0.698904 0.519822 11.142160
v 0.648041 0.465537 11.063156
v 0.610971 0.443919 11.029614
v 0.567572 0.426898 11.001449
v 0.519158 0.414991 10.979521
v 0.467201 0.408561 10.964486
v 0.359044 0.412742 10.956727
v 0.306127 0.423226 10.964234
v 0.256142 0.438934 10.979099
v 0.210606 0.459394 11.000882
v 0.170904 0.483980 11.028912
v 0.127887 0.582979 11.075308
v 0.112624 0.613890 11.114830
v 0.106288 0.645407 11.156265
v 0.109051 0.676573 11.198359
v 0.120853 0.706438 11.239823
v 0.169832 0.758710 11.315896
v 0.205523 0.779527 11.348194
v 0.247317 0.795917 11.375314
v 0.293933 0.807380 11.396428
v 0.343958 0.813571 11.410903
v 0.448108 0.809547 11.418379
v 0.499062 0.799454 11.411153
v 0.547193 0.784326 11.396837
v 0.591042 0.764624 11.375860
v 0.629272 0.740953 11.348872
v 0.684440 0.684655 11.280271
v 0.699700 0.653744 11.240745
v 0.706040 0.622225 11.199310
v 0.703273 0.591060 11.157218
v 0.691478 0.561196 11.115756
v 0.642499 0.508925 11.039679
v 0.606801 0.488108 11.007383
v 0.565010 0.471718 10.980262
v 0.518395 0.460252 10.959143
v 0.468365 0.454062 10.944674
v 0.364219 0.458086 10.937196
v 0.313265 0.468179 10.944421
v 0.265130 0.483309 10.958740
v 0.221285 0.503009 10.979716
v 0.183055 0.526681 11.006703
v 0.148839 0.622842 11.054416
v 0.134541 0.651802 11.091443
v 0.128600 0.681327 11.130260
v 0.131195 0.710524 11.169696
v 0.142246 0.738506 11.208546
v 0.188138 0.787477 11.279818
v 0.221577 0.806980 11.310072
v 0.260725 0.822334 11.335479
v 0.304399 0.833076 11.355266
v 0.351267 0.838876 11.368826
v 0.448841 0.835104 11.375828
v 0.496578 0.825647 11.369057
v 0.541672 0.811475 11.355643
v 0.582751 0.793020 11.335992
v 0.618567 0.770840 11.310709
v 0.670250 0.718099 11.246441
v 0.684544 0.689137 11.209409
v 0.690489 0.659612 11.170592
v 0.687890 0.630414 11.131161
v 0.676843 0.602434 11.092309
v 0.630952 0.553463 11.021037
v 0.597512 0.533960 10.990779
v 0.558360 0.518605 10.965374
v 0.514686 0.507865 10.945591
v 0.467818 0.502064 10.932026
v 0.370252 0.505836 10.925030
v 0.322511 0.515293 10.931800
v 0.277417 0.529464 10.945212
v 0.236338 0.547920 10.964857
v 0.200522 0.570100 10.990146
v 0.175947 0.661052 11.038001
v 0.162967 0.687344 11.071619
v 0.157573 0.714157 11.106868
v 0.159923 0.740666 11.142672
v 0.169964 0.766070 11.177946
v 0.211629 0.810535 11.242658
v 0.241992 0.828243 11.270130
v 0.277540 0.842186 11.293199
v 0.317194 0.851939 11.311166
v 0.359749 0.857205 11.323476
v 0.448342 0.853780 11.329833
v 0.491689 0.845194 11.323686
v 0.532635 0.832327 11.311509
v 0.569931 0.815569 11.293667
v 0.602453 0.795430 11.270708
v 0.649380 0.747541 11.212353
v 0.662361 0.721247 11.178732
v 0.667755 0.694437 11.143486
v 0.665400 0.667928 11.107679
v 0.655364 0.642522 11.072406
v 0.613699 0.598057 11.007692
v 0.583336 0.580349 10.980220
v 0.547787 0.566407 10.957153
v 0.508133 0.556653 10.939186
v 0.465579 0.551386 10.926872
v 0.376986 0.554811 10.920515
v 0.333639 0.563398 10.926662
v 0.292693 0.576265 10.938845
v 0.255396 0.593024 10.956687
v 0.222874 0.613163 10.979644
v 0.208549 0.696666 11.026460
v 0.197204 0.719649 11.055847
v 0.192490 0.743080 11.086652
v 0.194546 0.766252 11.117951
v 0.203318 0.788456 11.148778
v 0.239735 0.827320 11.205340
v 0.266274 0.842797 11.229354
v 0.297342 0.854983 11.249515
v 0.332006 0.863509 11.265214
v 0.369198 0.868111 11.275980
v 0.446632 0.865119 11.281535
v 0.484515 0.857614 11.276162
v 0.520302 0.846367 11.265519
v 0.552906 0.831718 11.249925
v 0.581326 0.814117 11.229855
v 0.622346 0.772260 11.178852
v 0.633691 0.749279 11.149466
v 0.638405 0.725847 11.118657
v 0.636345 0.702675 11.087363
v 0.627573 0.680471 11.056533
v 0.591159 0.641606 10.999973
v 0.564621 0.626127 10.975959
v 0.533549 0.613943 10.955797
v 0.498888 0.605419 10.940096
v 0.461693 0.600815 10.929335
v 0.384262 0.603809 10.923777
v 0.346376 0.611312 10.929150
v 0.310589 0.622562 10.939796
v 0.277989 0.637208 10.955390
v 0.249565 0.654808 10.975455
v 0.245838 0.728808 11.020083
v 0.236407 0.747913 11.044510
v 0.232488 0.767394 11.070121
v 0.234198 0.786652 11.096136
v 0.241489 0.805111 11.121763
v 0.271764 0.837416 11.168780
v 0.293824 0.850282 11.188739
v 0.319648 0.860412 11.205499
v 0.348463 0.867498 11.218551
v 0.379378 0.871323 11.227496
v 0.443747 0.868835 11.232118
v 0.475238 0.862597 11.227653
v 0.504985 0.853247 11.218802
v 0.532087 0.841072 11.205839
v 0.555713 0.826441 11.189157
v 0.589807 0.791648 11.146761
v 0.599238 0.772543 11.122334
v 0.603157 0.753066 11.096725
v 0.601447 0.733805 11.070714
v 0.594156 0.715346 11.045083
v 0.563881 0.683041 10.998066
v 0.541825 0.670176 10.978107
v 0.515997 0.660047 10.961345
v 0.487185 0.652960 10.948295
v 0.456264 0.649134 10.939346
v 0.391902 0.651623 10.934732
v 0.360411 0.657861 10.939199
v 0.330660 0.667210 10.948044
v 0.303563 0.679384 10.961004
v 0.279936 0.694014 10.977689
v 0.286898 0.756689 11.019028
v 0.279614 0.771446 11.037897
v 0.276584 0.786490 11.057677
v 0.277908 0.801366 11.077766
v 0.283540 0.815624 11.097560
v 0.306919 0.840575 11.133877
v 0.323962 0.850511 11.149291
v 0.343909 0.858336 11.162239
v 0.366159 0.863809 11.172319
v 0.390042 0.866764 11.179228
v 0.439756 0.864843 11.182799
v 0.464079 0.860024 11.179346
v 0.487056 0.852803 11.172513
v 0.507985 0.843400 11.162501
v 0.526236 0.832100 11.149619
v 0.552571 0.805225 11.116869
v 0.559851 0.790469 11.098002
v 0.562885 0.775424 11.078226
v 0.561561 0.760549 11.058133
v 0.555929 0.746291 11.038337
v 0.532546 0.721338 11.002020
v 0.515507 0.711402 10.986606
v 0.495560 0.703580 10.973661
v 0.473306 0.698105 10.963580
v 0.449430 0.695150 10.956669
v 0.399713 0.697072 10.953100
v 0.375390 0.701890 10.956553
v 0.352413 0.709111 10.963386
v 0.331483 0.718517 10.973399
v 0.313233 0.729817 10.986280
v 0.330714 0.779620 11.023315
v 0.325758 0.789666 11.036162
v 0.323696 0.799905 11.049624
v 0.324598 0.810032 11.063300
v 0.328434 0.819734 11.076772
v 0.344343 0.836719 11.101489
v 0.355945 0.843483 11.111984
v 0.369524 0.848810 11.120799
v 0.384667 0.852533 11.127658
v 0.400922 0.854545 11.132361
v 0.434762 0.853238 11.134789
v 0.451319 0.849957 11.132439
v 0.466957 0.845043 11.127789
v 0.481205 0.838641 11.120976
v 0.493628 0.830950 11.112209
v 0.511551 0.812657 11.089914
v 0.516507 0.802614 11.077073
v 0.518570 0.792374 11.063611
v 0.517671 0.782247 11.049933
v 0.513840 0.772543 11.036461
v 0.497922 0.755560 11.011742
v 0.486329 0.748795 11.001246
v 0.472745 0.743470 10.992438
v 0.457599 0.739746 10.985575
v 0.441344 0.737734 10.980872
v 0.407504 0.739042 10.978444
v 0.390950 0.742323 10.980792
v 0.375309 0.747236 10.985445
v 0.361065 0.753638 10.992255
v 0.348641 0.761328 11.001029
v 0.376217 0.797040 11.032846
v 0.373704 0.802124 11.039346
v 0.372665 0.807306 11.046162
v 0.373117 0.812433 11.053084
v 0.375057 0.817346 11.059906
v 0.383117 0.825943 11.072417
v 0.388985 0.829368 11.077732
v 0.395863 0.832063 11.082194
v 0.403530 0.833949 11.085668
v 0.411757 0.834967 11.088047
v 0.428886 0.834307 11.089277
v 0.437271 0.832646 11.088088
v 0.445185 0.830158 11.085732
v 0.452399 0.826916 11.082284
v 0.458686 0.823023 11.077842
v 0.467760 0.813763 11.066558
v 0.470268 0.808679 11.060061
v 0.471315 0.803494 11.053242
v 0.470859 0.798368 11.046320
v 0.468919 0.793457 11.039500
v 0.460860 0.784858 11.026983
v 0.454991 0.781433 11.021675
v 0.448117 0.778738 11.017211
v 0.440450 0.776853 11.013741
v 0.432219 0.775834 11.011358
v 0.415090 0.776496 11.010129
v 0.406709 0.778156 11.011320
v 0.398792 0.780645 11.013671
v 0.391581 0.783886 11.017123
v 0.385294 0.787780 11.021562
v 0.131222 0.471456 11.090186
v 0.131308 0.471359 11.090070
v 0.131401 0.471270 11.089963
v 0.138348 0.511857 11.062235
v 0.138247 0.511948 11.062347
v 0.138164 0.512043 11.062463
v 0.120579 0.661213 11.343073
v 0.120490 0.661129 11.342951
v 0.120413 0.661039 11.342819
v 0.127493 0.699292 11.311983
v 0.127566 0.699379 11.312111
v 0.127656 0.699464 11.312235
v 0.388318 0.745448 11.488992
v 0.388142 0.745459 11.488986
v 0.387971 0.745461 11.488969
v 0.391756 0.782674 11.456333
v 0.391927 0.782672 11.456351
v 0.392099 0.782662 11.456357
v 0.666695 0.639926 11.382028
v 0.666613 0.640021 11.382144
v 0.666515 0.640111 11.382253
v 0.666867 0.678622 11.350933
v 0.666964 0.678531 11.350824
v 0.667047 0.678438 11.350706
v 0.677341 0.450169 11.129142
v 0.677427 0.450253 11.129266
v 0.677504 0.450342 11.129396
v 0.677718 0.491189 11.101186
v 0.677648 0.491101 11.101059
v 0.677559 0.491016 11.100934
v 0.409603 0.365934 10.983223
v 0.409774 0.365922 10.983229
v 0.409945 0.365919 10.983246
v 0.413459 0.407806 10.956837
v 0.413288 0.407807 10.956816
v 0.413116 0.407819 10.956810
v 0.151708 0.553523 11.038787
v 0.151607 0.553614 11.038896
v 0.151529 0.553710 11.039014
v 0.141251 0.734005 11.279271
v 0.141325 0.734094 11.279399
v 0.141414 0.734179 11.279525
v 0.395706 0.814298 11.418272
v 0.395881 0.814297 11.418290
v 0.396049 0.814285 11.418296
v 0.660619 0.714110 11.316788
v 0.660716 0.714021 11.316677
v 0.660803 0.713924 11.316559
v 0.671080 0.533627 11.076304
v 0.670999 0.533539 11.076172
v 0.670913 0.533456 11.076050
v 0.416617 0.453333 10.937303
v 0.416450 0.453337 10.937283
v 0.416278 0.453347 10.937279
v 0.171159 0.595242 11.020198
v 0.171062 0.595331 11.020305
v 0.170980 0.595426 11.020423
v 0.161356 0.764326 11.245495
v 0.161429 0.764416 11.245624
v 0.161515 0.764499 11.245746
v 0.399735 0.839557 11.375726
v 0.399906 0.839554 11.375744
v 0.400082 0.839544 11.375751
v 0.647922 0.745698 11.280657
v 0.648023 0.745607 11.280546
v 0.648110 0.745513 11.280431
v 0.657730 0.576611 11.055356
v 0.657660 0.576523 11.055229
v 0.657574 0.576441 11.055107
v 0.419354 0.501384 10.925131
v 0.419179 0.501386 10.925111
v 0.419007 0.501396 10.925106
v 0.196226 0.635982 11.006918
v 0.196129 0.636072 11.007029
v 0.196046 0.636166 11.007149
v 0.187305 0.789509 11.211484
v 0.187379 0.789597 11.211614
v 0.187464 0.789680 11.211734
v 0.403747 0.857823 11.329740
v 0.403914 0.857820 11.329758
v 0.404086 0.857810 11.329763
v 0.629106 0.772611 11.243430
v 0.629199 0.772521 11.243322
v 0.629285 0.772427 11.243209
v 0.638022 0.619084 11.038869
v 0.637949 0.618996 11.038740
v 0.637863 0.618911 11.038618
v 0.421585 0.550770 10.920610
v 0.421414 0.550770 10.920591
v 0.421242 0.550782 10.920589
v 0.226288 0.674742 10.999283
v 0.226191 0.674834 10.999396
v 0.226104 0.674929 10.999512
v 0.218468 0.808930 11.178078
v 0.218542 0.809019 11.178204
v 0.218627 0.809102 11.178327
v 0.407629 0.868651 11.281448
v 0.407800 0.868649 11.281464
v 0.407968 0.868637 11.281472
v 0.604607 0.794184 11.206029
v 0.604704 0.794094 11.205920
v 0.604790 0.794000 11.205802
v 0.612423 0.659996 11.027235
v 0.612349 0.659909 11.027108
v 0.612264 0.659823 11.026984
v 0.423262 0.600275 10.923863
v 0.423094 0.600279 10.923847
v 0.422923 0.600288 10.923839
v 0.260599 0.710571 10.997474
v 0.260502 0.710661 10.997585
v 0.260419 0.710756 10.997701
v 0.254072 0.822114 11.146093
v 0.254146 0.822202 11.146220
v 0.254235 0.822286 11.146346
v 0.411294 0.871773 11.232041
v 0.411465 0.871769 11.232059
v 0.411636 0.871760 11.232068
v 0.575046 0.809887 11.169370
v 0.575140 0.809796 11.169257
v 0.575226 0.809701 11.169143
v 0.581573 0.698342 11.020749
v 0.581499 0.698254 11.020624
v 0.581410 0.698172 11.020504
v 0.424351 0.648685 10.934805
v 0.424180 0.648689 10.934789
v 0.424008 0.648698 10.934782
v 0.298323 0.742583 11.001541
v 0.298226 0.742673 11.001648
v 0.298140 0.742767 11.001768
v 0.293241 0.828736 11.116324
v 0.293314 0.828823 11.116453
v 0.293404 0.828908 11.116576
v 0.414652 0.867110 11.182733
v 0.414823 0.867107 11.182751
v 0.414998 0.867098 11.182759
v 0.541146 0.819331 11.134356
v 0.541243 0.819241 11.134247
v 0.541325 0.819149 11.134129
v 0.546228 0.733178 11.019571
v 0.546151 0.733090 11.019445
v 0.546065 0.733008 11.019324
v 0.424813 0.694804 10.953163
v 0.424646 0.694807 10.953148
v 0.424471 0.694818 10.953140
v 0.338527 0.769993 11.011382
v 0.338429 0.770082 11.011489
v 0.338343 0.770176 11.011606
v 0.335015 0.828633 11.089501
v 0.335085 0.828720 11.089629
v 0.335174 0.828802 11.089754
v 0.417621 0.854780 11.134739
v 0.417792 0.854778 11.134754
v 0.417964 0.854767 11.134762
v 0.503743 0.822288 11.101848
v 0.503836 0.822198 11.101744
v 0.503923 0.822104 11.101625
v 0.507254 0.763648 11.023728
v 0.507181 0.763558 11.023599
v 0.507096 0.763474 11.023477
v 0.424644 0.737498 10.978496
v 0.424477 0.737500 10.978478
v 0.424306 0.737512 10.978469
v 0.380221 0.792121 11.026751
v 0.380124 0.792209 11.026860
v 0.380037 0.792305 11.026976
v 0.378360 0.821803 11.066287
v 0.378434 0.821892 11.066412
v 0.378520 0.821977 11.066534
v 0.420126 0.835086 11.089240
v 0.420297 0.835084 11.089256
v 0.420464 0.835072 11.089262
v 0.463755 0.818682 11.072653
v 0.463852 0.818591 11.072546
v 0.463939 0.818497 11.072430
v 0.465620 0.788998 11.033119
v 0.465546 0.788910 11.032994
v 0.465461 0.788824 11.032868
v 0.423850 0.775717 11.010168
v 0.423680 0.775717 11.010148
v 0.423508 0.775731 11.010143
v 0.422062 0.808432 11.047278
v 0.421927 0.808506 11.047373
v 0.422055 0.808581 11.047477
v 0.422090 0.808677 11.047620
v 0.422267 0.808649 11.047593
v 0.422436 0.808664 11.047645
v 0.422485 0.808565 11.047506
v 0.422616 0.808479 11.047418
v 0.422499 0.808415 11.047305
v 0.422453 0.808308 11.047169
v 0.422284 0.808347 11.047191
v 0.422111 0.808320 11.047144
v 0.422274 0.808505 11.047387
vt 0.927585 0.333778
vt 0.907775 0.388075
vt 0.896208 0.350748
vt 0.952043 0.408185
vt 0.919416 0.425322
vt 0.039607 0.669966
vt 0.067924 0.688253
vt 0.063743 0.636683
vt 0.092941 0.658540
vt 0.113141 0.579239
vt 0.136464 0.551372
vt 0.164630 0.574312
vt 0.141252 0.602071
vt 0.158211 0.524211
vt 0.186514 0.546933
vt 0.178300 0.497472
vt 0.206896 0.519935
vt 0.196488 0.470897
vt 0.225417 0.492933
vt 0.227044 0.416268
vt 0.240934 0.387812
vt 0.270446 0.408883
vt 0.256526 0.437485
vt 0.254096 0.358244
vt 0.283555 0.379040
vt 0.267836 0.327164
vt 0.296955 0.348298
vt 0.283375 0.294924
vt 0.311738 0.317012
vt 0.324654 0.229725
vt 0.351110 0.199858
vt 0.373472 0.227708
vt 0.349093 0.255396
vt 0.380527 0.172637
vt 0.400587 0.202124
vt 0.413075 0.148282
vt 0.430436 0.179466
vt 0.448611 0.127463
vt 0.462838 0.160277
vt 0.527769 0.099543
vt 0.569271 0.093579
vt 0.571592 0.129101
vt 0.533800 0.134188
vt 0.610813 0.092598
vt 0.609729 0.128177
vt 0.652398 0.096482
vt 0.647675 0.131819
vt 0.693525 0.105422
vt 0.684963 0.140133
vt 0.771821 0.139676
vt 0.806717 0.164129
vt 0.786615 0.193506
vt 0.755218 0.170656
vt 0.838146 0.192230
vt 0.815353 0.219609
vt 0.866269 0.223705
vt 0.840870 0.248816
vt 0.890742 0.258154
vt 0.862913 0.280758
vt 0.875658 0.404721
vt 0.865298 0.369095
vt 0.885022 0.441554
vt 0.093267 0.710802
vt 0.119950 0.684245
vt 0.193784 0.596582
vt 0.169725 0.624577
vt 0.215937 0.569091
vt 0.236779 0.541764
vt 0.255683 0.514397
vt 0.300524 0.429896
vt 0.287140 0.458508
vt 0.313008 0.400378
vt 0.325609 0.370244
vt 0.339345 0.339941
vt 0.395541 0.255351
vt 0.373621 0.281337
vt 0.420090 0.231592
vt 0.447127 0.210646
vt 0.476430 0.193008
vt 0.574415 0.164188
vt 0.540580 0.169027
vt 0.608668 0.163392
vt 0.642786 0.166790
vt 0.676255 0.174476
vt 0.767449 0.223067
vt 0.739410 0.202455
vt 0.793066 0.246966
vt 0.815831 0.273848
vt 0.835458 0.303393
vt 0.842544 0.419103
vt 0.833991 0.386134
vt 0.848718 0.453219
vt 0.850594 0.487617
vt 0.149747 0.703610
vt 0.224011 0.618637
vt 0.198562 0.645647
vt 0.246367 0.590548
vt 0.268122 0.562437
vt 0.287491 0.534799
vt 0.331659 0.450670
vt 0.319134 0.479104
vt 0.343061 0.421581
vt 0.354428 0.392138
vt 0.366729 0.362786
vt 0.417232 0.283096
vt 0.397632 0.307469
vt 0.439222 0.261066
vt 0.463439 0.241746
vt 0.489669 0.225446
vt 0.576997 0.199184
vt 0.546892 0.203733
vt 0.607438 0.198448
vt 0.637762 0.201538
vt 0.667553 0.208440
vt 0.748241 0.252458
vt 0.723386 0.233913
vt 0.770836 0.274124
vt 0.790888 0.298599
vt 0.808214 0.325602
vt 0.808176 0.431016
vt 0.801954 0.401483
vt 0.811102 0.461425
vt 0.809987 0.492538
vt 0.255340 0.640384
vt 0.227637 0.668869
vt 0.277693 0.609333
vt 0.301543 0.581850
vt 0.321386 0.553945
vt 0.364596 0.470391
vt 0.353408 0.498495
vt 0.374341 0.441793
vt 0.383983 0.413205
vt 0.394500 0.385115
vt 0.438831 0.310710
vt 0.421578 0.333328
vt 0.458215 0.290416
vt 0.479566 0.272710
vt 0.502650 0.257826
vt 0.579309 0.234154
vt 0.552911 0.238321
vt 0.605977 0.233436
vt 0.632531 0.236146
vt 0.658584 0.242249
vt 0.728769 0.281583
vt 0.707142 0.265070
vt 0.748373 0.300930
vt 0.765718 0.322844
vt 0.780613 0.347058
vt 0.772727 0.440402
vt 0.768887 0.414884
vt 0.773242 0.466532
vt 0.769767 0.492849
vt 0.761575 0.519026
vt 0.291762 0.652844
vt 0.311148 0.628382
vt 0.338185 0.599529
vt 0.357912 0.569520
vt 0.400375 0.487723
vt 0.391520 0.515571
vt 0.407636 0.459913
vt 0.414931 0.432606
vt 0.423240 0.406220
vt 0.460671 0.337885
vt 0.445914 0.358519
vt 0.477323 0.319480
vt 0.495695 0.303512
vt 0.515547 0.290165
vt 0.581370 0.269136
vt 0.558716 0.272877
vt 0.604231 0.268419
vt 0.626966 0.270716
vt 0.649221 0.275992
vt 0.708815 0.310352
vt 0.690477 0.295949
vt 0.725383 0.327231
vt 0.739944 0.346364
vt 0.752275 0.367502
vt 0.736449 0.447332
vt 0.734712 0.426240
vt 0.735099 0.468746
vt 0.730233 0.490032
vt 0.721361 0.510609
vt 0.670122 0.562620
vt 0.690473 0.547562
vt 0.645891 0.574642
vt 0.382958 0.605574
vt 0.399222 0.582532
vt 0.440701 0.500575
vt 0.436373 0.527729
vt 0.443959 0.474227
vt 0.447999 0.448974
vt 0.453568 0.425026
vt 0.483166 0.364225
vt 0.471150 0.382482
vt 0.496877 0.348021
vt 0.512095 0.334036
vt 0.528576 0.322415
vt 0.583196 0.304186
vt 0.564404 0.307477
vt 0.602151 0.303458
vt 0.620969 0.305313
vt 0.639336 0.309722
vt 0.688114 0.338677
vt 0.673151 0.326552
vt 0.701559 0.352875
vt 0.713229 0.368967
vt 0.722879 0.386718
vt 0.699531 0.451782
vt 0.699461 0.435438
vt 0.696968 0.468242
vt 0.691472 0.484419
vt 0.682809 0.499884
vt 0.637091 0.537994
vt 0.655478 0.526961
vt 0.615467 0.547102
vt 0.591021 0.553817
vt 0.561872 0.559093
vt 0.487801 0.501585
vt 0.496586 0.523394
vt 0.484148 0.480081
vt 0.483857 0.459315
vt 0.486169 0.439557
vt 0.506875 0.389130
vt 0.497939 0.404321
vt 0.517351 0.375644
vt 0.529159 0.364045
vt 0.542046 0.354465
vt 0.584847 0.339349
vt 0.570110 0.342169
vt 0.599717 0.338610
vt 0.614451 0.339997
vt 0.628763 0.343487
vt 0.666365 0.366472
vt 0.654881 0.356869
vt 0.676578 0.377725
vt 0.685253 0.390474
vt 0.692155 0.404502
vt 0.662363 0.453543
vt 0.663291 0.442234
vt 0.659446 0.464832
vt 0.654398 0.475794
vt 0.647160 0.486110
vt 0.613010 0.510523
vt 0.626320 0.503662
vt 0.598005 0.515600
vt 0.581690 0.518470
vt 0.564839 0.517994
vt 0.528705 0.488819
vt 0.537138 0.501165
vt 0.523425 0.475417
vt 0.520900 0.461648
vt 0.520771 0.448032
vt 0.532444 0.411712
vt 0.526859 0.422885
vt 0.539378 0.401735
vt 0.547452 0.393155
vt 0.556423 0.386117
vt 0.586468 0.374660
vt 0.576083 0.376982
vt 0.596956 0.373943
vt 0.607310 0.374860
vt 0.617296 0.377374
vt 0.643218 0.393670
vt 0.635318 0.386911
vt 0.650087 0.401643
vt 0.655704 0.410687
vt 0.659888 0.420613
vt 0.625719 0.452157
vt 0.626743 0.446237
vt 0.623577 0.457962
vt 0.620339 0.463476
vt 0.616041 0.468511
vt 0.598432 0.479825
vt 0.604936 0.476808
vt 0.591468 0.481720
vt 0.584345 0.482240
vt 0.577464 0.481141
vt 0.561814 0.468870
vt 0.566027 0.474092
vt 0.558717 0.462938
vt 0.556785 0.456545
vt 0.556069 0.449942
vt 0.560354 0.430962
vt 0.557958 0.436966
vt 0.563654 0.425551
vt 0.567711 0.420878
vt 0.572389 0.417084
vt 0.588325 0.410211
vt 0.582815 0.411735
vt 0.593893 0.409694
vt 0.599365 0.410149
vt 0.604595 0.411568
vt 0.618226 0.420225
vt 0.614123 0.416660
vt 0.621633 0.424501
vt 0.624252 0.429367
vt 0.625967 0.434707
vt 0.911560 0.294792
vt 0.911619 0.294909
vt 0.881147 0.314950
vt 0.881101 0.314833
vt 0.911678 0.295030
vt 0.881187 0.315068
vt 0.089480 0.607984
vt 0.089562 0.607900
vt 0.117890 0.631117
vt 0.117809 0.631202
vt 0.089643 0.607818
vt 0.117977 0.631036
vt 0.212724 0.444343
vt 0.212769 0.444261
vt 0.242119 0.465814
vt 0.242061 0.465894
vt 0.212816 0.444178
vt 0.242182 0.465739
vt 0.301578 0.262035
vt 0.301642 0.261930
vt 0.328881 0.285823
vt 0.328815 0.285915
vt 0.301706 0.261826
vt 0.328952 0.285739
vt 0.486677 0.110569
vt 0.486805 0.110522
vt 0.497439 0.145284
vt 0.497325 0.145313
vt 0.486931 0.110477
vt 0.497556 0.145259
vt 0.733648 0.119223
vt 0.733773 0.119276
vt 0.720840 0.153314
vt 0.720733 0.153254
vt 0.733898 0.119330
vt 0.720944 0.153378
vt 0.852041 0.335395
vt 0.145647 0.653536
vt 0.145828 0.653359
vt 0.272587 0.486809
vt 0.272695 0.486629
vt 0.354931 0.309864
vt 0.355049 0.309675
vt 0.507680 0.178906
vt 0.507896 0.178840
vt 0.708655 0.186302
vt 0.708856 0.186406
vt 0.851955 0.335170
vt 0.822759 0.354947
vt 0.174766 0.676531
vt 0.174896 0.676293
vt 0.304687 0.507227
vt 0.304801 0.507034
vt 0.380618 0.334133
vt 0.380732 0.333941
vt 0.517509 0.212455
vt 0.517712 0.212393
vt 0.696296 0.219042
vt 0.696486 0.219146
vt 0.822681 0.354730
vt 0.792930 0.373405
vt 0.205525 0.693781
vt 0.205686 0.693591
vt 0.339303 0.526193
vt 0.339428 0.525985
vt 0.406489 0.358117
vt 0.406597 0.357922
vt 0.527060 0.246020
vt 0.527258 0.245957
vt 0.683635 0.251636
vt 0.683818 0.251738
vt 0.792860 0.373189
vt 0.762196 0.390481
vt 0.747491 0.543768
vt 0.378326 0.542841
vt 0.378472 0.542609
vt 0.433070 0.381256
vt 0.433172 0.381048
vt 0.536487 0.279638
vt 0.536681 0.279572
vt 0.670544 0.284137
vt 0.670719 0.284237
vt 0.762132 0.390265
vt 0.730297 0.405960
vt 0.708258 0.529811
vt 0.708093 0.530005
vt 0.426225 0.555150
vt 0.426426 0.554847
vt 0.460912 0.402731
vt 0.461006 0.402506
vt 0.545934 0.313314
vt 0.546127 0.313246
vt 0.656840 0.316567
vt 0.657014 0.316668
vt 0.730240 0.405747
vt 0.697079 0.419656
vt 0.670947 0.514135
vt 0.670756 0.514321
vt 0.514824 0.544537
vt 0.514455 0.544279
vt 0.490694 0.421180
vt 0.490776 0.420941
vt 0.555626 0.347035
vt 0.555821 0.346958
vt 0.642299 0.348953
vt 0.642474 0.349053
vt 0.697033 0.419441
vt 0.662479 0.431308
vt 0.637848 0.495377
vt 0.637638 0.495553
vt 0.549161 0.511620
vt 0.548883 0.511447
vt 0.522735 0.435111
vt 0.522796 0.434860
vt 0.565929 0.380756
vt 0.566130 0.380669
vt 0.626600 0.381358
vt 0.626776 0.381458
vt 0.662446 0.431089
vt 0.626641 0.440502
vt 0.610850 0.472752
vt 0.610628 0.472916
vt 0.571395 0.478374
vt 0.571168 0.478234
vt 0.556622 0.443527
vt 0.556661 0.443271
vt 0.577447 0.414392
vt 0.577653 0.414287
vt 0.609304 0.413918
vt 0.609492 0.414020
vt 0.626626 0.440272
vt 0.590883 0.446834
vt 0.590669 0.446997
vt 0.590459 0.446868
vt 0.590478 0.446612
vt 0.590689 0.446484
vt 0.590887 0.446591
vt 0.852000 0.335281
vt 0.145738 0.653449
vt 0.272641 0.486718
vt 0.354988 0.309768
vt 0.507790 0.178871
vt 0.708756 0.186353
vt 0.822723 0.354836
vt 0.174827 0.676409
vt 0.304741 0.507130
vt 0.380673 0.334033
vt 0.517609 0.212420
vt 0.696394 0.219092
vt 0.792897 0.373294
vt 0.205604 0.693684
vt 0.339362 0.526089
vt 0.406539 0.358017
vt 0.527158 0.245985
vt 0.683727 0.251683
vt 0.762167 0.390371
vt 0.747575 0.543668
vt 0.378397 0.542725
vt 0.433116 0.381149
vt 0.536582 0.279601
vt 0.670633 0.284184
vt 0.730274 0.405853
vt 0.708181 0.529909
vt 0.426319 0.554999
vt 0.460955 0.402616
vt 0.546029 0.313275
vt 0.656929 0.316614
vt 0.697061 0.419546
vt 0.670858 0.514231
vt 0.514634 0.544411
vt 0.490730 0.421057
vt 0.555723 0.346992
vt 0.642387 0.348998
vt 0.662467 0.431196
vt 0.637750 0.495468
vt 0.549018 0.511540
vt 0.522760 0.434985
vt 0.566029 0.380707
vt 0.626690 0.381403
vt 0.626630 0.440386
vt 0.610736 0.472830
vt 0.571280 0.478305
vt 0.556646 0.443400
vt 0.577553 0.414352
vt 0.609395 0.413974
vt 0.590840 0.446720
vt 0.590747 0.446879
vt 0.590586 0.446894
vt 0.590509 0.446745
vt 0.590602 0.446596
vt 0.590761 0.446581
vt 0.590676 0.446738
vt 0.940139 0.371938
vt 0.968953 0.442593
vt 0.935725 0.461404
vt 0.893176 0.478937
vt 0.889433 0.518905
vt 0.761378 0.583600
vt 0.740849 0.610248
vt 0.704534 0.588918
vt 0.674159 0.602539
vt 0.650197 0.619186
vt 0.622368 0.586352
vt 0.789428 0.556444
vt 0.846683 0.524664
vt 0.833513 0.561027
vt 0.802742 0.523939
vt 0.747650 0.543566
vt 0.726094 0.566242
vt 0.789151 0.556667
vt 0.596224 0.586398
vt 0.587298 0.600554
vt 0.560368 0.582070
vt 0.789293 0.556558
vn -0.916314 -0.105695 -0.386260
vn -0.966822 -0.003354 -0.255429
vn -0.952447 0.058260 -0.299082
vn -0.902387 -0.043167 -0.428759
vn -0.987837 0.101121 -0.118120
vn -0.973271 0.161773 -0.163016
vn -0.978651 0.204417 0.021369
vn -0.964176 0.264106 -0.024774
vn -0.939614 0.303267 0.158600
vn -0.925485 0.362078 0.111252
vn -0.777201 0.476572 0.410900
vn -0.659006 0.545500 0.517824
vn -0.647404 0.602145 0.467216
vn -0.764538 0.533840 0.361243
vn -0.520553 0.599807 0.607665
vn -0.510180 0.655973 0.556252
vn -0.366095 0.637778 0.677653
vn -0.357112 0.693624 0.625585
vn -0.200458 0.658277 0.725595
vn -0.192966 0.713949 0.673083
vn 0.144900 0.644924 0.750385
vn 0.313601 0.611483 0.726459
vn 0.316454 0.667569 0.673950
vn 0.149271 0.700702 0.697664
vn 0.473071 0.561394 0.679000
vn 0.474511 0.617912 0.626917
vn 0.618374 0.496144 0.609471
vn 0.618481 0.553234 0.558044
vn 0.744951 0.417753 0.520126
vn 0.743916 0.475549 0.469512
vn 0.927873 0.231052 0.292689
vn 0.978399 0.128696 0.161782
vn 0.975273 0.189117 0.114361
vn 0.925208 0.290549 0.244074
vn 0.999404 0.024305 0.024505
vn 0.996089 0.085660 -0.021669
vn 0.990228 -0.078952 -0.114958
vn 0.986997 -0.016684 -0.159871
vn 0.951183 -0.177806 -0.252262
vn 0.948301 -0.114684 -0.295927
vn 0.788749 -0.351197 -0.504516
vn 0.670591 -0.420107 -0.611407
vn 0.670225 -0.354750 -0.651882
vn 0.787331 -0.286471 -0.545934
vn 0.532107 -0.474406 -0.701286
vn 0.532998 -0.408562 -0.740939
vn 0.377648 -0.512374 -0.771269
vn 0.379919 -0.446208 -0.810283
vn 0.212043 -0.532864 -0.819203
vn 0.215799 -0.466507 -0.857789
vn -0.133353 -0.519536 -0.843978
vn -0.302041 -0.486116 -0.820038
vn -0.293643 -0.420195 -0.858609
vn -0.126480 -0.453313 -0.882332
vn -0.461516 -0.436020 -0.772586
vn -0.451692 -0.370518 -0.811598
vn -0.606803 -0.370744 -0.703093
vn -0.595661 -0.305828 -0.742736
vn -0.733376 -0.292353 -0.613750
vn -0.721094 -0.228166 -0.654189
vn -0.906335 0.181349 -0.381668
vn -0.858089 0.083598 -0.506650
vn -0.926400 0.281083 -0.250552
vn -0.917642 0.379690 -0.117344
vn -0.880349 0.474126 0.013792
vn -0.612364 0.705487 0.356789
vn -0.725237 0.639669 0.254666
vn -0.480116 0.757349 0.442619
vn -0.332603 0.793626 0.509444
vn -0.174435 0.813206 0.555219
vn 0.316511 0.768548 0.556018
vn 0.155399 0.800463 0.578886
vn 0.468845 0.720671 0.510704
vn 0.607569 0.658333 0.444362
vn 0.728459 0.583476 0.359031
vn 0.951418 0.307447 0.016757
vn 0.903177 0.405192 0.141741
vn 0.971483 0.207722 -0.114331
vn 0.962721 0.109116 -0.247512
vn 0.925434 0.014669 -0.378624
vn 0.657434 -0.216677 -0.721686
vn 0.770305 -0.150869 -0.619572
vn 0.525200 -0.268536 -0.807498
vn 0.377676 -0.304829 -0.874323
vn 0.219511 -0.324420 -0.920091
vn -0.271420 -0.279731 -0.920914
vn -0.110336 -0.311645 -0.943771
vn -0.423754 -0.231863 -0.875598
vn -0.562494 -0.169546 -0.809231
vn -0.683370 -0.094712 -0.723903
vn -0.838419 0.299993 -0.455036
vn -0.793156 0.208279 -0.572297
vn -0.857251 0.393556 -0.332015
vn -0.849028 0.486093 -0.207038
vn -0.814038 0.574706 -0.083993
vn -0.562587 0.791793 0.237823
vn -0.668478 0.730044 0.142034
vn -0.438520 0.840444 0.318361
vn -0.300103 0.874478 0.381086
vn -0.151694 0.892849 0.424040
vn 0.308947 0.850953 0.424772
vn 0.157802 0.880901 0.446220
vn 0.451872 0.806025 0.382278
vn 0.582044 0.747540 0.320015
vn 0.695479 0.677300 0.239944
vn 0.904670 0.418308 -0.081179
vn 0.859419 0.509998 0.036075
vn 0.923501 0.324731 -0.204194
vn 0.915280 0.232220 -0.329146
vn 0.880286 0.143617 -0.452185
vn 0.628825 -0.073477 -0.774068
vn 0.734725 -0.011731 -0.678263
vn 0.504756 -0.122133 -0.854579
vn 0.366365 -0.156184 -0.917270
vn 0.217942 -0.174594 -0.960218
vn -0.242698 -0.132636 -0.960992
vn -0.091546 -0.162592 -0.982437
vn -0.385613 -0.087721 -0.918481
vn -0.515788 -0.029239 -0.856217
vn -0.629211 0.040976 -0.776154
vn -0.750412 0.411317 -0.517397
vn -0.709218 0.327836 -0.624126
vn -0.767550 0.496485 -0.405425
vn -0.760073 0.580716 -0.291648
vn -0.728230 0.661364 -0.179664
vn -0.499358 0.858957 0.113289
vn -0.595724 0.802765 0.026119
vn -0.386413 0.903257 0.186579
vn -0.260415 0.934247 0.243652
vn -0.125335 0.950969 0.282751
vn 0.293957 0.912819 0.283461
vn 0.156394 0.940078 0.302977
vn 0.424053 0.871933 0.244769
vn 0.542559 0.818692 0.188076
vn 0.645794 0.754769 0.115214
vn 0.836230 0.519002 -0.177077
vn 0.795047 0.602452 -0.070368
vn 0.853367 0.433831 -0.289060
vn 0.845881 0.349608 -0.402814
vn 0.814034 0.268957 -0.514792
vn 0.585139 0.071356 -0.807787
vn 0.681531 0.127548 -0.720588
vn 0.472207 0.027062 -0.881072
vn 0.346248 -0.003913 -0.938135
vn 0.211149 -0.020639 -0.977236
vn -0.208186 0.017485 -0.977933
vn -0.070586 -0.009795 -0.997458
vn -0.338271 0.058393 -0.939235
vn -0.456736 0.111641 -0.882569
vn -0.559974 0.175545 -0.809699
vn -0.644596 0.512581 -0.567236
vn -0.608453 0.439309 -0.660903
vn -0.659626 0.587323 -0.468984
vn -0.653054 0.661254 -0.369140
vn -0.625122 0.732019 -0.270870
vn -0.424261 0.905436 -0.013752
vn -0.508816 0.856132 -0.090246
vn -0.325135 0.944314 0.050580
vn -0.214556 0.971511 0.100657
vn -0.096040 0.986182 0.134990
vn 0.271968 0.952705 0.135594
vn 0.151248 0.976622 0.152751
vn 0.386130 0.916829 0.101624
vn 0.490140 0.870099 0.051882
vn 0.580718 0.814016 -0.012049
vn 0.747861 0.607094 -0.268590
vn 0.711721 0.680329 -0.174945
vn 0.762898 0.532350 -0.366865
vn 0.756323 0.458437 -0.466702
vn 0.728392 0.387655 -0.564950
vn 0.527515 0.214238 -0.822089
vn 0.612093 0.263568 -0.745570
vn 0.428390 0.175358 -0.886415
vn 0.317829 0.148188 -0.936496
vn 0.199303 0.133511 -0.970800
vn -0.168705 0.167010 -0.971415
vn -0.047975 0.143080 -0.988548
vn -0.282876 0.202859 -0.937459
vn -0.386875 0.249570 -0.887718
vn -0.477448 0.305655 -0.823783
vn -0.523784 0.601292 -0.603405
vn -0.493541 0.539966 -0.681801
vn -0.536377 0.663868 -0.521133
vn -0.530879 0.725751 -0.437553
vn -0.507510 0.784979 -0.355305
vn -0.339316 0.930193 -0.140023
vn -0.410112 0.888920 -0.204032
vn -0.256334 0.962740 -0.086165
vn -0.163746 0.985511 -0.044232
vn -0.064558 0.997794 -0.015500
vn 0.243584 0.969764 -0.015008
vn 0.142537 0.989789 -0.000634
vn 0.339151 0.939729 -0.043436
vn 0.426210 0.900616 -0.085066
vn 0.502063 0.853657 -0.138572
vn 0.641979 0.680425 -0.353390
vn 0.611745 0.741720 -0.274990
vn 0.654566 0.617856 -0.435658
vn 0.649075 0.555972 -0.519227
vn 0.625717 0.496715 -0.601459
vn 0.457522 0.351540 -0.816758
vn 0.528328 0.392801 -0.752713
vn 0.374515 0.318985 -0.870625
vn 0.281963 0.296207 -0.912556
vn 0.182775 0.283896 -0.941274
vn -0.125348 0.311956 -0.941791
vn -0.024344 0.291917 -0.956134
vn -0.220902 0.341981 -0.913374
vn -0.308016 0.381111 -0.871711
vn -0.383844 0.428029 -0.818202
vn -0.391565 0.675211 -0.625113
vn -0.367918 0.627173 -0.686506
vn -0.401436 0.724230 -0.560660
vn -0.397127 0.772721 -0.495169
vn -0.378854 0.819093 -0.430762
vn -0.247026 0.932904 -0.262045
vn -0.302527 0.900577 -0.312153
vn -0.182027 0.958398 -0.219863
vn -0.109479 0.976242 -0.186992
vn -0.031793 0.985871 -0.164462
vn 0.209677 0.963905 -0.164085
vn 0.130550 0.979596 -0.152802
vn 0.284559 0.940373 -0.186347
vn 0.352749 0.909734 -0.218982
vn 0.412188 0.872951 -0.260879
vn 0.521822 0.737199 -0.429231
vn 0.498190 0.785186 -0.367816
vn 0.531698 0.688181 -0.493663
vn 0.527387 0.639692 -0.559158
vn 0.509122 0.593271 -0.623559
vn 0.377289 0.479502 -0.792295
vn 0.432789 0.511778 -0.742144
vn 0.312254 0.454012 -0.834488
vn 0.239762 0.436169 -0.867335
vn 0.162084 0.426513 -0.889840
vn -0.079417 0.448468 -0.890264
vn -0.000316 0.432754 -0.901512
vn -0.154247 0.472008 -0.867996
vn -0.222509 0.502677 -0.835347
vn -0.281937 0.539395 -0.793451
vn -0.253121 0.732326 -0.632162
vn -0.236495 0.698374 -0.675532
vn -0.260089 0.766935 -0.586655
vn -0.257029 0.801190 -0.540399
vn -0.244192 0.833932 -0.494901
vn -0.150958 0.914376 -0.375669
vn -0.190223 0.891553 -0.411034
vn -0.105052 0.932381 -0.345876
vn -0.053809 0.944981 -0.322671
vn 0.001019 0.951806 -0.306701
vn 0.171680 0.936273 -0.306462
vn 0.115815 0.947377 -0.298434
vn 0.224609 0.919635 -0.322214
vn 0.272772 0.897993 -0.345260
vn 0.314761 0.872053 -0.374766
vn 0.392220 0.776094 -0.493803
vn 0.375599 0.809956 -0.450441
vn 0.399192 0.741471 -0.539321
vn 0.396159 0.707196 -0.585604
vn 0.383332 0.674409 -0.631054
vn 0.290093 0.594002 -0.750338
vn 0.329315 0.616784 -0.714933
vn 0.244150 0.576009 -0.780131
vn 0.192948 0.563421 -0.803323
vn 0.138088 0.556552 -0.819257
vn -0.032576 0.572121 -0.819522
vn 0.023263 0.560995 -0.827493
vn -0.085426 0.588721 -0.803810
vn -0.133660 0.610409 -0.780727
vn -0.175669 0.636305 -0.751170
vn -0.121153 0.770238 -0.626144
vn -0.111181 0.749904 -0.652138
vn -0.125306 0.790958 -0.598903
vn -0.123480 0.811462 -0.571212
vn -0.115810 0.831104 -0.543925
vn -0.059861 0.879324 -0.472447
vn -0.083412 0.865659 -0.493637
vn -0.032350 0.890104 -0.454608
vn -0.001702 0.897647 -0.440713
vn 0.031107 0.901746 -0.431145
vn 0.133439 0.892422 -0.431018
vn 0.099983 0.899094 -0.426186
vn 0.165204 0.882435 -0.440472
vn 0.194045 0.869497 -0.454227
vn 0.219137 0.854000 -0.471872
vn 0.265612 0.796439 -0.543264
vn 0.255686 0.816688 -0.517345
vn 0.269796 0.775700 -0.570525
vn 0.267977 0.755140 -0.598291
vn 0.260316 0.735536 -0.625478
vn 0.204382 0.687316 -0.697011
vn 0.227866 0.700964 -0.675816
vn 0.176887 0.676527 -0.714858
vn 0.146177 0.668985 -0.728760
vn 0.113342 0.664850 -0.738328
vn 0.011068 0.674213 -0.738454
vn 0.044437 0.667533 -0.743253
vn -0.020587 0.684137 -0.729063
vn -0.049557 0.697170 -0.715191
vn -0.074702 0.712647 -0.697534
vn -0.788719 -0.249026 -0.562057
vn -0.837444 -0.203017 -0.507416
vn -0.825291 -0.137980 -0.547592
vn -0.776015 -0.185478 -0.602826
vn -0.880308 -0.155585 -0.448164
vn -0.866801 -0.092814 -0.489941
vn -0.909148 0.350094 0.225573
vn -0.869306 0.398095 0.292964
vn -0.856171 0.455660 0.243608
vn -0.895368 0.408292 0.177805
vn -0.827813 0.436870 0.351951
vn -0.814768 0.494303 0.303014
vn -0.114628 0.661560 0.741080
vn -0.027290 0.660663 0.750187
vn -0.022686 0.717511 0.696178
vn -0.107955 0.717020 0.688642
vn 0.058260 0.654879 0.753485
vn 0.063410 0.710382 0.700954
vn 0.800220 0.373964 0.468827
vn 0.851453 0.326484 0.410410
vn 0.848229 0.386573 0.362035
vn 0.798741 0.431944 0.418852
vn 0.891828 0.280480 0.354929
vn 0.889518 0.339332 0.305960
vn 0.920669 -0.225090 -0.318911
vn 0.885235 -0.267577 -0.380475
vn 0.881495 -0.203902 -0.425900
vn 0.918100 -0.161796 -0.361821
vn 0.839328 -0.311945 -0.445217
vn 0.837497 -0.247816 -0.487018
vn 0.126158 -0.536607 -0.834348
vn 0.039081 -0.534124 -0.844502
vn 0.046094 -0.466489 -0.883325
vn 0.130724 -0.470467 -0.872681
vn -0.046771 -0.529958 -0.846733
vn -0.040708 -0.463881 -0.884962
vn -0.824078 0.035328 -0.565374
vn -0.851587 0.518332 0.078302
vn -0.773896 0.601252 0.198948
vn -0.092576 0.815918 0.570708
vn 0.072636 0.809533 0.582564
vn 0.781485 0.541122 0.310592
vn 0.868961 0.451864 0.201806
vn 0.896500 -0.031234 -0.441942
vn 0.818830 -0.114108 -0.562580
vn 0.137534 -0.328787 -0.934336
vn -0.027744 -0.322381 -0.946203
vn -0.736528 -0.054048 -0.674245
vn -0.761595 0.162607 -0.627321
vn -0.787407 0.616000 -0.023121
vn -0.714478 0.693830 0.090114
vn -0.074950 0.895317 0.439080
vn 0.080110 0.889334 0.450186
vn 0.745508 0.637366 0.194892
vn 0.827601 0.553592 0.092801
vn 0.853430 0.100136 -0.511497
vn 0.780542 0.022336 -0.624704
vn 0.140981 -0.179217 -0.973656
vn -0.014099 -0.173181 -0.984789
vn -0.679417 0.078729 -0.729516
vn -0.680839 0.285957 -0.674305
vn -0.704377 0.698912 -0.124001
vn -0.637964 0.769783 -0.020866
vn -0.055512 0.953289 0.296916
vn 0.085660 0.947835 0.307036
vn 0.691658 0.718367 0.074553
vn 0.766426 0.642069 -0.018435
vn 0.789965 0.229090 -0.568747
vn 0.723576 0.158232 -0.671864
vn 0.141075 -0.025262 -0.989677
vn -0.000082 -0.019854 -0.999803
vn -0.606072 0.209655 -0.767282
vn -0.583875 0.402362 -0.705120
vn -0.604554 0.765050 -0.221839
vn -0.546243 0.827272 -0.131302
vn -0.034772 0.988410 0.147775
vn 0.089139 0.983619 0.156679
vn 0.621297 0.782133 -0.047517
vn 0.686935 0.715152 -0.129147
vn 0.707620 0.352480 -0.612399
vn 0.649326 0.290312 -0.702919
vn 0.137808 0.129147 -0.982003
vn 0.013941 0.133932 -0.990893
vn -0.518246 0.335453 -0.786697
vn -0.473224 0.508998 -0.719014
vn -0.490553 0.812817 -0.314143
vn -0.441741 0.864904 -0.238340
vn -0.013248 0.999902 -0.004563
vn 0.090487 0.995893 0.002896
vn 0.536343 0.827078 -0.168162
vn 0.591268 0.771022 -0.236490
vn 0.608588 0.467163 -0.641389
vn 0.559796 0.415136 -0.717140
vn 0.131240 0.280087 -0.950961
vn 0.027557 0.284108 -0.958396
vn -0.418256 0.452901 -0.787364
vn -0.352176 0.602932 -0.715852
vn -0.365727 0.841102 -0.398485
vn -0.327499 0.881914 -0.339075
vn 0.008441 0.987753 -0.155800
vn 0.089718 0.984614 -0.149955
vn 0.439273 0.852247 -0.284104
vn 0.482280 0.808355 -0.337591
vn 0.495872 0.570109 -0.655047
vn 0.457681 0.529324 -0.714384
vn 0.121645 0.423511 -0.897686
vn 0.040460 0.426625 -0.903523
vn -0.309059 0.558941 -0.769459
vn -0.225336 0.681286 -0.696472
vn -0.234926 0.849629 -0.472166
vn -0.207933 0.878479 -0.430162
vn 0.029474 0.953282 -0.300641
vn 0.086935 0.951072 -0.296486
vn 0.334026 0.857473 -0.391365
vn 0.364329 0.826544 -0.429056
vn 0.373971 0.658147 -0.653444
vn 0.347006 0.629335 -0.695359
vn 0.109459 0.554532 -0.824932
vn 0.052205 0.556746 -0.829041
vn -0.194869 0.650250 -0.734303
vn -0.103898 0.739913 -0.664630
vn -0.109652 0.840480 -0.530632
vn -0.093575 0.857746 -0.505486
vn 0.048151 0.902421 -0.428156
vn 0.082702 0.901108 -0.425635
vn 0.230287 0.845169 -0.482345
vn 0.248358 0.826743 -0.504792
vn 0.254177 0.726121 -0.638860
vn 0.238038 0.708946 -0.663878
vn 0.096037 0.664187 -0.741372
vn 0.061875 0.665547 -0.743787
vn -0.085731 0.721397 -0.687195
vn -0.001320 0.799722 -0.600368
vn 0.033295 0.837206 -0.545873
vn 0.108992 0.834519 -0.540091
vn 0.148320 0.794155 -0.589338
vn 0.112812 0.756397 -0.644311
vn 0.038148 0.759666 -0.649194
vn -0.785248 -0.006676 -0.619146
vn -0.815116 0.562770 0.137391
vn -0.011529 0.817881 0.575271
vn 0.825445 0.502204 0.257744
vn 0.860307 -0.070303 -0.504905
vn 0.056621 -0.322299 -0.944943
vn -0.724659 0.126955 -0.677312
vn -0.753718 0.656581 0.028452
vn 0.002265 0.896670 0.442693
vn 0.784218 0.603089 0.145896
vn 0.821044 0.067443 -0.566867
vn 0.061393 -0.172118 -0.983161
vn -0.646059 0.257782 -0.718440
vn -0.671882 0.736517 -0.078209
vn 0.017059 0.954259 0.298493
vn 0.725953 0.687235 0.026458
vn 0.759608 0.202748 -0.617972
vn 0.065589 -0.017438 -0.997694
vn -0.550201 0.378834 -0.744153
vn -0.571585 0.799697 -0.183780
vn 0.030177 0.989063 0.144373
vn 0.650112 0.754157 -0.092743
vn 0.676078 0.328934 -0.659334
vn 0.072117 0.139766 -0.987555
vn -0.440499 0.490635 -0.751823
vn -0.458218 0.842796 -0.282366
vn 0.039619 0.999149 -0.011474
vn 0.556605 0.803998 -0.209233
vn 0.575715 0.447338 -0.684427
vn 0.075804 0.292704 -0.953194
vn -0.320780 0.591478 -0.739766
vn -0.334136 0.865283 -0.373682
vn 0.048660 0.984847 -0.166461
vn 0.450117 0.834316 -0.318294
vn 0.463951 0.557046 -0.688802
vn 0.078818 0.438401 -0.895317
vn -0.193516 0.676267 -0.710785
vn -0.202827 0.864711 -0.459495
vn 0.058034 0.945781 -0.319577
vn 0.332647 0.843080 -0.422566
vn 0.343251 0.654967 -0.673198
vn 0.082212 0.572528 -0.815753
vn -0.061881 0.747310 -0.661588
vn -0.067802 0.840879 -0.536959
vn 0.066014 0.883874 -0.463042
vn 0.206982 0.831416 -0.515661
vn 0.211835 0.736790 -0.642080
vn 0.078672 0.693287 -0.716355
vn 0.006208 0.777731 -0.628567
vn 0.002087 0.820413 -0.571768
vn 0.069640 0.844289 -0.531344
vn 0.139308 0.818639 -0.557157
vn 0.142085 0.770135 -0.621855
vn 0.074248 0.750051 -0.657200
vn 0.069214 0.799920 -0.596102
s 1
g DHONI_MOTION_POSTER_2:Gopiknath_20210802_1927:Gopiknath_20210801_1428:Gopiknath_20210731_0019:group4 DHONI_MOTION_POSTER_2:Gopiknath_20210802_1927:Gopiknath_20210801_1428:Gopiknath_20210731_0019:group3 DHONI_MOTION_POSTER_2:Gopiknath_20210802_1927:Gopiknath_20210801_1428:Gopiknath_20210731_0019:helmet DHONI_MOTION_POSTER_2:Gopiknath_20210802_1927:Gopiknath_20210801_1428:Gopiknath_20210731_0019:group7 DHONI_MOTION_POSTER_2:Gopiknath_20210802_1927:Gopiknath_20210801_1428:Gopiknath_20210731_0019:helemt DHONI_MOTION_POSTER_2:Gopiknath_20210802_1927:Gopiknath_20210801_1428:Gopiknath_20210731_0019:HELMET5 HELMETS DHONI_MOTION_POSTER_2:Gopiknath_20210802_1927:Gopiknath_20210801_1428:Gopiknath_20210731_0019:pSphere3
usemtl DHONI_MOTION_POSTER_2:Gopiknath_20210802_1927:Gopiknath_20210801_1428:Gopiknath_20210731_0019:aiStandardSurface18SG
f 141/181/181 142/670/182 172/182/183 171/183/184
f 142/670/182 143/184/185 173/185/186 172/182/183
f 143/184/185 144/671/187 174/672/188 173/185/186
f 144/186/187 145/188/189 175/189/190 174/187/188
f 146/190/191 147/191/192 177/192/193 176/193/194
f 147/191/192 148/194/195 178/195/196 177/192/193
f 148/194/195 149/196/197 179/197/198 178/195/196
f 149/196/197 150/198/199 180/199/200 179/197/198
f 151/200/201 152/201/202 182/202/203 181/203/204
f 152/201/202 153/204/205 183/205/206 182/202/203
f 153/204/205 154/206/207 184/207/208 183/205/206
f 154/206/207 155/208/209 185/209/210 184/207/208
f 156/210/211 157/211/212 187/212/213 186/213/214
f 157/211/212 158/214/215 188/215/216 187/212/213
f 158/214/215 159/216/217 189/217/218 188/215/216
f 159/216/217 160/218/219 190/219/220 189/217/218
f 161/220/221 162/221/222 192/222/223 191/223/224
f 162/221/222 163/224/225 193/225/226 192/222/223
f 163/224/225 164/226/227 194/227/228 193/225/226
f 164/226/227 165/228/229 195/229/230 194/227/228
f 166/230/231 167/231/232 197/232/233 196/233/234
f 167/231/232 168/234/235 198/235/236 197/232/233
f 168/234/235 169/236/237 199/237/238 198/235/236
f 169/236/237 170/238/239 200/239/240 199/237/238
f 171/183/184 172/182/183 202/240/241 201/241/242
f 172/182/183 173/185/186 203/242/243 202/240/241
f 173/185/186 174/672/188 204/673/244 203/242/243
f 174/187/188 175/189/190 205/244/245 204/243/244
f 176/193/194 177/192/193 207/245/246 206/246/247
f 177/192/193 178/195/196 208/247/248 207/245/246
f 178/195/196 179/197/198 209/248/249 208/247/248
f 179/197/198 180/199/200 210/249/250 209/248/249
f 181/203/204 182/202/203 212/250/251 211/251/252
f 182/202/203 183/205/206 213/252/253 212/250/251
f 183/205/206 184/207/208 214/253/254 213/252/253
f 184/207/208 185/209/210 215/254/255 214/253/254
f 186/213/214 187/212/213 217/255/256 216/256/257
f 187/212/213 188/215/216 218/257/258 217/255/256
f 188/215/216 189/217/218 219/258/259 218/257/258
f 189/217/218 190/219/220 220/259/260 219/258/259
f 191/223/224 192/222/223 222/260/261 221/261/262
f 192/222/223 193/225/226 223/262/263 222/260/261
f 193/225/226 194/227/228 224/263/264 223/262/263
f 194/227/228 195/229/230 225/264/265 224/263/264
f 196/233/234 197/232/233 227/265/266 226/266/267
f 197/232/233 198/235/236 228/267/268 227/265/266
f 198/235/236 199/237/238 229/268/269 228/267/268
f 199/237/238 200/239/240 230/269/270 229/268/269
f 201/241/242 202/240/241 232/270/271 231/271/272
f 202/240/241 203/242/243 233/272/273 232/270/271
f 203/242/243 204/673/244 234/273/274 233/272/273
f 204/673/244 205/674/245 235/682/275 234/273/274
f 206/246/247 207/245/246 237/275/276 236/276/277
f 207/245/246 208/247/248 238/277/278 237/275/276
f 208/247/248 209/248/249 239/278/279 238/277/278
f 209/248/249 210/249/250 240/279/280 239/278/279
f 211/251/252 212/250/251 242/280/281 241/281/282
f 212/250/251 213/252/253 243/282/283 242/280/281
f 213/252/253 214/253/254 244/283/284 243/282/283
f 214/253/254 215/254/255 245/284/285 244/283/284
f 216/256/257 217/255/256 247/285/286 246/286/287
f 217/255/256 218/257/258 248/287/288 247/285/286
f 218/257/258 219/258/259 249/288/289 248/287/288
f 219/258/259 220/259/260 250/289/290 249/288/289
f 221/261/262 222/260/261 252/290/291 251/291/292
f 222/260/261 223/262/263 253/292/293 252/290/291
f 223/262/263 224/263/264 254/293/294 253/292/293
f 224/263/264 225/264/265 255/294/295 254/293/294
f 226/266/267 227/265/266 257/295/296 256/296/297
f 227/265/266 228/267/268 258/297/298 257/295/296
f 228/267/268 229/268/269 259/298/299 258/297/298
f 229/268/269 230/269/270 260/299/300 259/298/299
f 231/271/272 232/270/271 262/300/301 261/301/302
f 232/270/271 233/272/273 263/302/303 262/300/301
f 233/272/273 234/273/274 264/303/304 263/302/303
f 234/273/274 235/682/275 265/684/305 264/303/304
f 236/276/277 237/275/276 267/304/306 266/305/307
f 237/275/276 238/277/278 268/306/308 267/304/306
f 238/277/278 239/278/279 269/307/309 268/306/308
f 239/278/279 240/279/280 270/308/310 269/307/309
f 241/281/282 242/280/281 272/309/311 271/310/312
f 242/280/281 243/282/283 273/311/313 272/309/311
f 243/282/283 244/283/284 274/312/314 273/311/313
f 244/283/284 245/284/285 275/313/315 274/312/314
f 246/286/287 247/285/286 277/314/316 276/315/317
f 247/285/286 248/287/288 278/316/318 277/314/316
f 248/287/288 249/288/289 279/317/319 278/316/318
f 249/288/289 250/289/290 280/318/320 279/317/319
f 251/291/292 252/290/291 282/319/321 281/320/322
f 252/290/291 253/292/293 283/321/323 282/319/321
f 253/292/293 254/293/294 284/322/324 283/321/323
f 254/293/294 255/294/295 285/323/325 284/322/324
f 256/296/297 257/295/296 287/324/326 286/325/327
f 257/295/296 258/297/298 288/326/328 287/324/326
f 258/297/298 259/298/299 289/327/329 288/326/328
f 259/298/299 260/299/300 290/328/330 289/327/329
f 261/301/302 262/300/301 292/329/331 291/330/332
f 262/300/301 263/302/303 293/331/333 292/329/331
f 263/302/303 264/303/304 294/332/334 293/331/333
f 264/303/304 265/684/305 295/333/335 294/332/334
f 266/675/307 267/676/306 297/677/336 296/686/337
f 267/304/306 268/306/308 298/335/338 297/334/336
f 268/306/308 269/307/309 299/336/339 298/335/338
f 269/307/309 270/308/310 300/337/340 299/336/339
f 271/310/312 272/309/311 302/338/341 301/339/342
f 272/309/311 273/311/313 303/340/343 302/338/341
f 273/311/313 274/312/314 304/341/344 303/340/343
f 274/312/314 275/313/315 305/342/345 304/341/344
f 276/315/317 277/314/316 307/343/346 306/344/347
f 277/314/316 278/316/318 308/345/348 307/343/346
f 278/316/318 279/317/319 309/346/349 308/345/348
f 279/317/319 280/318/320 310/347/350 309/346/349
f 281/320/322 282/319/321 312/348/351 311/349/352
f 282/319/321 283/321/323 313/350/353 312/348/351
f 283/321/323 284/322/324 314/351/354 313/350/353
f 284/322/324 285/323/325 315/352/355 314/351/354
f 286/325/327 287/324/326 317/353/356 316/354/357
f 287/324/326 288/326/328 318/355/358 317/353/356
f 288/326/328 289/327/329 319/356/359 318/355/358
f 289/327/329 290/328/330 320/357/360 319/356/359
f 291/330/332 292/329/331 322/358/361 321/359/362
f 292/329/331 293/331/333 323/360/363 322/358/361
f 293/331/333 294/332/334 324/361/364 323/360/363
f 294/332/334 295/333/335 325/362/365 324/361/364
f 296/686/337 297/677/336 327/363/366 326/364/367
f 297/677/336 298/678/338 328/365/368 327/363/366
f 298/678/338 299/679/339 329/680/369 328/365/368
f 299/336/339 300/337/340 330/367/370 329/366/369
f 301/339/342 302/338/341 332/368/371 331/369/372
f 302/338/341 303/340/343 333/370/373 332/368/371
f 303/340/343 304/341/344 334/371/374 333/370/373
f 304/341/344 305/342/345 335/372/375 334/371/374
f 306/344/347 307/343/346 337/373/376 336/374/377
f 307/343/346 308/345/348 338/375/378 337/373/376
f 308/345/348 309/346/349 339/376/379 338/375/378
f 309/346/349 310/347/350 340/377/380 339/376/379
f 311/349/352 312/348/351 342/378/381 341/379/382
f 312/348/351 313/350/353 343/380/383 342/378/381
f 313/350/353 314/351/354 344/381/384 343/380/383
f 314/351/354 315/352/355 345/382/385 344/381/384
f 316/354/357 317/353/356 347/383/386 346/384/387
f 317/353/356 318/355/358 348/385/388 347/383/386
f 318/355/358 319/356/359 349/386/389 348/385/388
f 319/356/359 320/357/360 350/387/390 349/386/389
f 321/359/362 322/358/361 352/388/391 351/389/392
f 322/358/361 323/360/363 353/390/393 352/388/391
f 323/360/363 324/361/364 354/391/394 353/390/393
f 324/361/364 325/362/365 355/392/395 354/391/394
f 326/364/367 327/363/366 357/393/396 356/394/397
f 327/363/366 328/365/368 358/395/398 357/393/396
f 328/365/368 329/680/369 359/396/399 358/395/398
f 329/680/369 330/688/370 360/397/400 359/396/399
f 331/369/372 332/368/371 362/398/401 361/399/402
f 332/368/371 333/370/373 363/400/403 362/398/401
f 333/370/373 334/371/374 364/401/404 363/400/403
f 334/371/374 335/372/375 365/402/405 364/401/404
f 336/374/377 337/373/376 367/403/406 366/404/407
f 337/373/376 338/375/378 368/405/408 367/403/406
f 338/375/378 339/376/379 369/406/409 368/405/408
f 339/376/379 340/377/380 370/407/410 369/406/409
f 341/379/382 342/378/381 372/408/411 371/409/412
f 342/378/381 343/380/383 373/410/413 372/408/411
f 343/380/383 344/381/384 374/411/414 373/410/413
f 344/381/384 345/382/385 375/412/415 374/411/414
f 346/384/387 347/383/386 377/413/416 376/414/417
f 347/383/386 348/385/388 378/415/418 377/413/416
f 348/385/388 349/386/389 379/416/419 378/415/418
f 349/386/389 350/387/390 380/417/420 379/416/419
f 351/389/392 352/388/391 382/418/421 381/419/422
f 352/388/391 353/390/393 383/420/423 382/418/421
f 353/390/393 354/391/394 384/421/424 383/420/423
f 354/391/394 355/392/395 385/422/425 384/421/424
f 356/394/397 357/393/396 387/423/426 386/424/427
f 357/393/396 358/395/398 388/425/428 387/423/426
f 358/395/398 359/396/399 389/426/429 388/425/428
f 359/396/399 360/397/400 390/427/430 389/426/429
f 361/399/402 362/398/401 392/428/431 391/429/432
f 362/398/401 363/400/403 393/430/433 392/428/431
f 363/400/403 364/401/404 394/431/434 393/430/433
f 364/401/404 365/402/405 395/432/435 394/431/434
f 366/404/407 367/403/406 397/433/436 396/434/437
f 367/403/406 368/405/408 398/435/438 397/433/436
f 368/405/408 369/406/409 399/436/439 398/435/438
f 369/406/409 370/407/410 400/437/440 399/436/439
f 371/409/412 372/408/411 402/438/441 401/439/442
f 372/408/411 373/410/413 403/440/443 402/438/441
f 373/410/413 374/411/414 404/441/444 403/440/443
f 374/411/414 375/412/415 405/442/445 404/441/444
f 376/414/417 377/413/416 407/443/446 406/444/447
f 377/413/416 378/415/418 408/445/448 407/443/446
f 378/415/418 379/416/419 409/446/449 408/445/448
f 379/416/419 380/417/420 410/447/450 409/446/449
f 381/419/422 382/418/421 412/448/451 411/449/452
f 382/418/421 383/420/423 413/450/453 412/448/451
f 383/420/423 384/421/424 414/451/454 413/450/453
f 384/421/424 385/422/425 415/452/455 414/451/454
f 386/424/427 387/423/426 417/453/456 416/454/457
f 387/423/426 388/425/428 418/455/458 417/453/456
f 388/425/428 389/426/429 419/456/459 418/455/458
f 389/426/429 390/427/430 420/457/460 419/456/459
f 391/429/432 392/428/431 422/458/461 421/459/462
f 392/428/431 393/430/433 423/460/463 422/458/461
f 393/430/433 394/431/434 424/461/464 423/460/463
f 394/431/434 395/432/435 425/462/465 424/461/464
f 396/434/437 397/433/436 427/463/466 426/464/467
f 397/433/436 398/435/438 428/465/468 427/463/466
f 398/435/438 399/436/439 429/466/469 428/465/468
f 399/436/439 400/437/440 430/467/470 429/466/469
f 401/439/442 402/438/441 432/468/471 431/469/472
f 402/438/441 403/440/443 433/470/473 432/468/471
f 403/440/443 404/441/444 434/471/474 433/470/473
f 404/441/444 405/442/445 435/472/475 434/471/474
f 406/444/447 407/443/446 437/473/476 436/474/477
f 407/443/446 408/445/448 438/475/478 437/473/476
f 408/445/448 409/446/449 439/476/479 438/475/478
f 409/446/449 410/447/450 440/477/480 439/476/479
f 443/478/481 442/479/482 445/480/483 444/481/484
f 442/479/482 441/482/485 446/483/486 445/480/483
f 449/484/487 448/485/488 451/486/489 450/487/490
f 448/485/488 447/488/491 452/489/492 451/486/489
f 455/490/493 454/491/494 457/492/495 456/493/496
f 454/491/494 453/494/497 458/495/498 457/492/495
f 461/496/499 460/497/500 463/498/501 462/499/502
f 460/497/500 459/500/503 464/501/504 463/498/501
f 467/502/505 466/503/506 469/504/507 468/505/508
f 466/503/506 465/506/509 470/507/510 469/504/507
f 473/508/511 472/509/512 475/510/513 474/511/514
f 472/509/512 471/512/515 476/513/516 475/510/513
f 446/483/486 441/482/485 141/181/181 171/183/184
f 145/188/189 449/484/487 450/487/490 175/189/190
f 452/489/492 447/488/491 146/190/191 176/193/194
f 150/198/199 455/490/493 456/493/496 180/199/200
f 458/495/498 453/494/497 151/200/201 181/203/204
f 155/208/209 461/496/499 462/499/502 185/209/210
f 464/501/504 459/500/503 156/210/211 186/213/214
f 160/218/219 467/502/505 468/505/508 190/219/220
f 470/507/510 465/506/509 161/220/221 191/223/224
f 165/228/229 473/508/511 474/511/514 195/229/230
f 476/513/516 471/512/515 166/230/231 196/233/234
f 170/238/239 443/478/481 444/481/484 200/239/240
f 446/483/486 171/183/184 201/241/242 479/514/517
f 175/189/190 450/487/490 480/515/518 205/244/245
f 452/489/492 176/193/194 206/246/247 482/516/519
f 180/199/200 456/493/496 483/517/520 210/249/250
f 458/495/498 181/203/204 211/251/252 485/518/521
f 185/209/210 462/499/502 486/519/522 215/254/255
f 464/501/504 186/213/214 216/256/257 488/520/523
f 190/219/220 468/505/508 489/521/524 220/259/260
f 470/507/510 191/223/224 221/261/262 491/522/525
f 195/229/230 474/511/514 492/523/526 225/264/265
f 476/513/516 196/233/234 226/266/267 494/524/527
f 200/239/240 444/481/484 477/525/528 230/269/270
f 479/514/517 201/241/242 231/271/272 497/526/529
f 205/244/245 480/515/518 498/527/530 235/274/275
f 482/516/519 206/246/247 236/276/277 500/528/531
f 210/249/250 483/517/520 501/529/532 240/279/280
f 485/518/521 211/251/252 241/281/282 503/530/533
f 215/254/255 486/519/522 504/531/534 245/284/285
f 488/520/523 216/256/257 246/286/287 506/532/535
f 220/259/260 489/521/524 507/533/536 250/289/290
f 491/522/525 221/261/262 251/291/292 509/534/537
f 225/264/265 492/523/526 510/535/538 255/294/295
f 494/524/527 226/266/267 256/296/297 512/536/539
f 230/269/270 477/525/528 495/537/540 260/299/300
f 497/526/529 231/271/272 261/301/302 515/538/541
f 235/682/275 498/683/530 516/681/542 265/684/305
f 500/528/531 236/276/277 266/305/307 518/540/543
f 240/279/280 501/529/532 519/541/544 270/308/310
f 503/530/533 241/281/282 271/310/312 521/542/545
f 245/284/285 504/531/534 522/543/546 275/313/315
f 506/532/535 246/286/287 276/315/317 524/544/547
f 250/289/290 507/533/536 525/545/548 280/318/320
f 509/534/537 251/291/292 281/320/322 527/546/549
f 255/294/295 510/535/538 528/547/550 285/323/325
f 512/536/539 256/296/297 286/325/327 530/548/551
f 260/299/300 495/537/540 513/549/552 290/328/330
f 515/538/541 261/301/302 291/330/332 533/550/553
f 265/684/305 516/681/542 534/685/554 295/333/335
f 518/687/543 266/675/307 296/686/337 536/551/555
f 270/308/310 519/541/544 537/552/556 300/337/340
f 521/542/545 271/310/312 301/339/342 539/553/557
f 275/313/315 522/543/546 540/554/558 305/342/345
f 524/544/547 276/315/317 306/344/347 542/555/559
f 280/318/320 525/545/548 543/556/560 310/347/350
f 527/546/549 281/320/322 311/349/352 545/557/561
f 285/323/325 528/547/550 546/558/562 315/352/355
f 530/548/551 286/325/327 316/354/357 548/559/563
f 290/328/330 513/549/552 531/560/564 320/357/360
f 533/550/553 291/330/332 321/359/362 551/561/565
f 295/333/335 534/685/554 552/562/566 325/362/365
f 536/551/555 296/686/337 326/364/367 554/563/567
f 300/337/340 537/552/556 555/564/568 330/367/370
f 539/553/557 301/339/342 331/369/372 557/565/569
f 305/342/345 540/554/558 558/566/570 335/372/375
f 542/555/559 306/344/347 336/374/377 560/567/571
f 310/347/350 543/556/560 561/568/572 340/377/380
f 545/557/561 311/349/352 341/379/382 563/569/573
f 315/352/355 546/558/562 564/570/574 345/382/385
f 548/559/563 316/354/357 346/384/387 566/571/575
f 320/357/360 531/560/564 549/572/576 350/387/390
f 551/561/565 321/359/362 351/389/392 569/573/577
f 325/362/365 552/562/566 570/574/578 355/392/395
f 554/563/567 326/364/367 356/394/397 572/575/579
f 330/688/370 555/689/568 573/690/580 360/397/400
f 557/565/569 331/369/372 361/399/402 575/577/581
f 335/372/375 558/566/570 576/578/582 365/402/405
f 560/567/571 336/374/377 366/404/407 578/579/583
f 340/377/380 561/568/572 579/580/584 370/407/410
f 563/569/573 341/379/382 371/409/412 581/581/585
f 345/382/385 564/570/574 582/582/586 375/412/415
f 566/571/575 346/384/387 376/414/417 584/583/587
f 350/387/390 549/572/576 567/584/588 380/417/420
f 569/573/577 351/389/392 381/419/422 587/585/589
f 355/392/395 570/574/578 588/586/590 385/422/425
f 572/575/579 356/394/397 386/424/427 590/587/591
f 360/397/400 573/576/580 591/588/592 390/427/430
f 575/577/581 361/399/402 391/429/432 593/589/593
f 365/402/405 576/578/582 594/590/594 395/432/435
f 578/579/583 366/404/407 396/434/437 596/591/595
f 370/407/410 579/580/584 597/592/596 400/437/440
f 581/581/585 371/409/412 401/439/442 599/593/597
f 375/412/415 582/582/586 600/594/598 405/442/445
f 584/583/587 376/414/417 406/444/447 602/595/599
f 380/417/420 567/584/588 585/596/600 410/447/450
f 587/585/589 381/419/422 411/449/452 605/597/601
f 385/422/425 588/586/590 606/598/602 415/452/455
f 590/587/591 386/424/427 416/454/457 608/599/603
f 390/427/430 591/588/592 609/600/604 420/457/460
f 593/589/593 391/429/432 421/459/462 611/601/605
f 395/432/435 594/590/594 612/602/606 425/462/465
f 596/591/595 396/434/437 426/464/467 614/603/607
f 400/437/440 597/592/596 615/604/608 430/467/470
f 599/593/597 401/439/442 431/469/472 617/605/609
f 405/442/445 600/594/598 618/606/610 435/472/475
f 602/595/599 406/444/447 436/474/477 620/607/611
f 410/447/450 585/596/600 603/608/612 440/477/480
f 605/597/601 411/449/452 622/609/613
f 411/449/452 412/448/451 622/609/613
f 412/448/451 413/450/453 622/609/613
f 413/450/453 414/451/454 622/609/613
f 414/451/454 415/452/455 622/609/613
f 415/452/455 606/598/602 622/609/613
f 608/599/603 416/454/457 624/610/614
f 416/454/457 417/453/456 624/610/614
f 417/453/456 418/455/458 624/610/614
f 418/455/458 419/456/459 624/610/614
f 419/456/459 420/457/460 624/610/614
f 420/457/460 609/600/604 624/610/614
f 611/601/605 421/459/462 626/611/615
f 421/459/462 422/458/461 626/611/615
f 422/458/461 423/460/463 626/611/615
f 423/460/463 424/461/464 626/611/615
f 424/461/464 425/462/465 626/611/615
f 425/462/465 612/602/606 626/611/615
f 614/603/607 426/464/467 628/612/616
f 426/464/467 427/463/466 628/612/616
f 427/463/466 428/465/468 628/612/616
f 428/465/468 429/466/469 628/612/616
f 429/466/469 430/467/470 628/612/616
f 430/467/470 615/604/608 628/612/616
f 617/605/609 431/469/472 630/613/617
f 431/469/472 432/468/471 630/613/617
f 432/468/471 433/470/473 630/613/617
f 433/470/473 434/471/474 630/613/617
f 434/471/474 435/472/475 630/613/617
f 435/472/475 618/606/610 630/613/617
f 620/607/611 436/474/477 632/614/618
f 436/474/477 437/473/476 632/614/618
f 437/473/476 438/475/478 632/614/618
f 438/475/478 439/476/479 632/614/618
f 439/476/479 440/477/480 632/614/618
f 440/477/480 603/608/612 632/614/618
f 444/481/484 445/480/483 478/615/619 477/525/528
f 445/480/483 446/483/486 479/514/517 478/615/619
f 450/487/490 451/486/489 481/616/620 480/515/518
f 451/486/489 452/489/492 482/516/519 481/616/620
f 456/493/496 457/492/495 484/617/621 483/517/520
f 457/492/495 458/495/498 485/518/521 484/617/621
f 462/499/502 463/498/501 487/618/622 486/519/522
f 463/498/501 464/501/504 488/520/523 487/618/622
f 468/505/508 469/504/507 490/619/623 489/521/524
f 469/504/507 470/507/510 491/522/525 490/619/623
f 474/511/514 475/510/513 493/620/624 492/523/526
f 475/510/513 476/513/516 494/524/527 493/620/624
f 477/525/528 478/615/619 496/621/625 495/537/540
f 478/615/619 479/514/517 497/526/529 496/621/625
f 480/515/518 481/616/620 499/622/626 498/527/530
f 481/616/620 482/516/519 500/528/531 499/622/626
f 483/517/520 484/617/621 502/623/627 501/529/532
f 484/617/621 485/518/521 503/530/533 502/623/627
f 486/519/522 487/618/622 505/624/628 504/531/534
f 487/618/622 488/520/523 506/532/535 505/624/628
f 489/521/524 490/619/623 508/625/629 507/533/536
f 490/619/623 491/522/525 509/534/537 508/625/629
f 492/523/526 493/620/624 511/626/630 510/535/538
f 493/620/624 494/524/527 512/536/539 511/626/630
f 495/537/540 496/621/625 514/627/631 513/549/552
f 496/621/625 497/526/529 515/538/541 514/627/631
f 498/527/530 499/622/626 517/628/632 516/539/542
f 499/622/626 500/528/531 518/540/543 517/628/632
f 501/529/532 502/623/627 520/629/633 519/541/544
f 502/623/627 503/530/533 521/542/545 520/629/633
f 504/531/534 505/624/628 523/630/634 522/543/546
f 505/624/628 506/532/535 524/544/547 523/630/634
f 507/533/536 508/625/629 526/631/635 525/545/548
f 508/625/629 509/534/537 527/546/549 526/631/635
f 510/535/538 511/626/630 529/632/636 528/547/550
f 511/626/630 512/536/539 530/548/551 529/632/636
f 513/549/552 514/627/631 532/633/637 531/560/564
f 514/627/631 515/538/541 533/550/553 532/633/637
f 516/681/542 517/691/632 535/634/638 534/685/554
f 517/691/632 518/687/543 536/551/555 535/634/638
f 519/541/544 520/629/633 538/635/639 537/552/556
f 520/629/633 521/542/545 539/553/557 538/635/639
f 522/543/546 523/630/634 541/636/640 540/554/558
f 523/630/634 524/544/547 542/555/559 541/636/640
f 525/545/548 526/631/635 544/637/641 543/556/560
f 526/631/635 527/546/549 545/557/561 544/637/641
f 528/547/550 529/632/636 547/638/642 546/558/562
f 529/632/636 530/548/551 548/559/563 547/638/642
f 531/560/564 532/633/637 550/639/643 549/572/576
f 532/633/637 533/550/553 551/561/565 550/639/643
f 534/685/554 535/634/638 553/640/644 552/562/566
f 535/634/638 536/551/555 554/563/567 553/640/644
f 537/552/556 538/635/639 556/641/645 555/564/568
f 538/635/639 539/553/557 557/565/569 556/641/645
f 540/554/558 541/636/640 559/642/646 558/566/570
f 541/636/640 542/555/559 560/567/571 559/642/646
f 543/556/560 544/637/641 562/643/647 561/568/572
f 544/637/641 545/557/561 563/569/573 562/643/647
f 546/558/562 547/638/642 565/644/648 564/570/574
f 547/638/642 548/559/563 566/571/575 565/644/648
f 549/572/576 550/639/643 568/645/649 567/584/588
f 550/639/643 551/561/565 569/573/577 568/645/649
f 552/562/566 553/640/644 571/646/650 570/574/578
f 553/640/644 554/563/567 572/575/579 571/646/650
f 555/564/568 556/641/645 574/647/651 573/576/580
f 556/641/645 557/565/569 575/577/581 574/647/651
f 558/566/570 559/642/646 577/648/652 576/578/582
f 559/642/646 560/567/571 578/579/583 577/648/652
f 561/568/572 562/643/647 580/649/653 579/580/584
f 562/643/647 563/569/573 581/581/585 580/649/653
f 564/570/574 565/644/648 583/650/654 582/582/586
f 565/644/648 566/571/575 584/583/587 583/650/654
f 567/584/588 568/645/649 586/651/655 585/596/600
f 568/645/649 569/573/577 587/585/589 586/651/655
f 570/574/578 571/646/650 589/652/656 588/586/590
f 571/646/650 572/575/579 590/587/591 589/652/656
f 573/576/580 574/647/651 592/653/657 591/588/592
f 574/647/651 575/577/581 593/589/593 592/653/657
f 576/578/582 577/648/652 595/654/658 594/590/594
f 577/648/652 578/579/583 596/591/595 595/654/658
f 579/580/584 580/649/653 598/655/659 597/592/596
f 580/649/653 581/581/585 599/593/597 598/655/659
f 582/582/586 583/650/654 601/656/660 600/594/598
f 583/650/654 584/583/587 602/595/599 601/656/660
f 585/596/600 586/651/655 604/657/661 603/608/612
f 586/651/655 587/585/589 605/597/601 604/657/661
f 588/586/590 589/652/656 607/658/662 606/598/602
f 589/652/656 590/587/591 608/599/603 607/658/662
f 591/588/592 592/653/657 610/659/663 609/600/604
f 592/653/657 593/589/593 611/601/605 610/659/663
f 594/590/594 595/654/658 613/660/664 612/602/606
f 595/654/658 596/591/595 614/603/607 613/660/664
f 597/592/596 598/655/659 616/661/665 615/604/608
f 598/655/659 599/593/597 617/605/609 616/661/665
f 600/594/598 601/656/660 619/662/666 618/606/610
f 601/656/660 602/595/599 620/607/611 619/662/666
f 603/608/612 604/657/661 621/663/667 632/614/618
f 604/657/661 605/597/601 622/609/613 621/663/667
f 606/598/602 607/658/662 623/664/668 622/609/613
f 607/658/662 608/599/603 624/610/614 623/664/668
f 609/600/604 610/659/663 625/665/669 624/610/614
f 610/659/663 611/601/605 626/611/615 625/665/669
f 612/602/606 613/660/664 627/666/670 626/611/615
f 613/660/664 614/603/607 628/612/616 627/666/670
f 615/604/608 616/661/665 629/667/671 628/612/616
f 616/661/665 617/605/609 630/613/617 629/667/671
f 618/606/610 619/662/666 631/668/672 630/613/617
f 619/662/666 620/607/611 632/614/618 631/668/672
f 631/668/672 632/614/618 621/663/667 633/669/673
f 621/663/667 622/609/613 623/664/668 633/669/673
f 623/664/668 624/610/614 625/665/669 633/669/673
f 625/665/669 626/611/615 627/666/670 633/669/673
f 627/666/670 628/612/616 629/667/671 633/669/673
f 629/667/671 630/613/617 631/668/672 633/669/673
g default
v 0.107724 0.442418 11.097925
v 0.081096 0.475392 11.138808
v 0.063962 0.510100 11.183188
v 0.056840 0.545488 11.229714
v 0.059951 0.580481 11.276976
v 0.073197 0.614014 11.323533
v 0.096177 0.645071 11.367976
v 0.128190 0.672706 11.408951
v 0.168272 0.696081 11.445215
v 0.215192 0.714484 11.475665
v 0.267535 0.727356 11.499378
v 0.323712 0.734309 11.515632
v 0.382004 0.735127 11.523929
v 0.440648 0.729788 11.524022
v 0.497861 0.718454 11.515907
v 0.551909 0.701470 11.499833
v 0.601141 0.679350 11.476283
v 0.644067 0.652767 11.445976
v 0.679378 0.622530 11.409833
v 0.706009 0.589557 11.368952
v 0.723144 0.554846 11.324572
v 0.730266 0.519459 11.278044
v 0.727153 0.484467 11.230786
v 0.713911 0.450933 11.184226
v 0.690929 0.419876 11.139780
v 0.658912 0.392241 11.098808
v 0.618834 0.368867 11.062543
v 0.571910 0.350464 11.032093
v 0.519567 0.337590 11.008380
v 0.463395 0.330639 10.992130
v 0.405102 0.329821 10.983831
v 0.346456 0.335159 10.983736
v 0.289245 0.346492 10.991851
v 0.235197 0.363478 11.007929
v 0.185965 0.385598 11.031476
v 0.143039 0.412180 11.061784
v 0.110838 0.476164 11.072735
v 0.085344 0.521436 11.104435
v 0.068961 0.564312 11.142720
v 0.062199 0.603597 11.186335
v 0.064950 0.634693 11.236504
v 0.077442 0.660059 11.289160
v 0.099287 0.678817 11.342786
v 0.131304 0.706452 11.383762
v 0.171382 0.729827 11.420025
v 0.218307 0.748230 11.450475
v 0.270650 0.761102 11.474185
v 0.326823 0.768055 11.490439
v 0.385114 0.768873 11.498736
v 0.443762 0.763534 11.498832
v 0.500975 0.752200 11.490718
v 0.555020 0.735216 11.474643
v 0.604251 0.713096 11.451093
v 0.647178 0.686513 11.420786
v 0.682492 0.656276 11.384640
v 0.710257 0.635601 11.334579
v 0.728143 0.609059 11.284101
v 0.735625 0.577568 11.234669
v 0.732152 0.538679 11.190314
v 0.718156 0.496978 11.149856
v 0.694040 0.453622 11.114591
v 0.662026 0.425987 11.073615
v 0.621945 0.402613 11.037353
v 0.575024 0.384210 11.006903
v 0.522681 0.371336 10.983190
v 0.466510 0.364385 10.966936
v 0.408213 0.363567 10.958641
v 0.349571 0.368905 10.958547
v 0.292356 0.380238 10.966657
v 0.238311 0.397224 10.982735
v 0.189076 0.419344 11.006286
v 0.146149 0.445926 11.036591
v 0.163277 0.421574 11.077578
v 0.130819 0.449364 11.110794
v 0.202730 0.397142 11.049722
v 0.247979 0.376812 11.028079
v 0.297651 0.361201 11.013306
v 0.350233 0.350785 11.005845
v 0.404134 0.345877 11.005932
v 0.457711 0.346630 11.013561
v 0.509339 0.353018 11.028497
v 0.557449 0.364852 11.050290
v 0.600574 0.381765 11.078276
v 0.637411 0.403248 11.111605
v 0.666836 0.428647 11.149267
v 0.687960 0.457191 11.190114
v 0.700131 0.488012 11.232908
v 0.702991 0.520174 11.276346
v 0.696445 0.552698 11.319105
v 0.680698 0.584599 11.359894
v 0.656221 0.614905 11.397468
v 0.623765 0.642696 11.430686
v 0.584315 0.667127 11.458542
v 0.539063 0.687458 11.480185
v 0.489394 0.703067 11.494962
v 0.436808 0.713485 11.502418
v 0.382906 0.718392 11.502332
v 0.329328 0.717639 11.494703
v 0.277699 0.711250 11.479767
v 0.229593 0.699419 11.457974
v 0.186468 0.682505 11.429988
v 0.149631 0.661022 11.396659
v 0.120204 0.635621 11.358999
v 0.099084 0.607078 11.318150
v 0.086909 0.576257 11.275358
v 0.084049 0.544096 11.231922
v 0.090595 0.511570 11.189159
v 0.106344 0.479671 11.148371
v 0.133994 0.483788 11.085098
v 0.110653 0.526394 11.113493
v 0.095658 0.566461 11.148185
v 0.089472 0.602883 11.188037
v 0.091972 0.631148 11.234385
v 0.103393 0.653801 11.283275
v 0.123379 0.670046 11.333299
v 0.152806 0.695446 11.370963
v 0.189643 0.716929 11.404293
v 0.232768 0.733843 11.432279
v 0.280878 0.745674 11.454072
v 0.332503 0.752063 11.469007
v 0.386081 0.752816 11.476636
v 0.439983 0.747909 11.476723
v 0.492569 0.737492 11.469263
v 0.542238 0.721883 11.454490
v 0.587490 0.701551 11.432843
v 0.626940 0.677120 11.404990
v 0.659395 0.649329 11.371772
v 0.685008 0.631322 11.325016
v 0.701508 0.607589 11.278131
v 0.708411 0.578961 11.232461
v 0.705194 0.542902 11.191930
v 0.692265 0.503914 11.155235
v 0.670010 0.463071 11.123571
v 0.640586 0.437673 11.085910
v 0.603749 0.416189 11.052580
v 0.560624 0.399276 11.024594
v 0.512517 0.387443 11.002797
v 0.460886 0.381054 10.987862
v 0.407309 0.380301 10.980232
v 0.353408 0.385209 10.980150
v 0.300826 0.395626 10.987606
v 0.251153 0.411236 11.002383
v 0.205905 0.431567 11.024027
v 0.166451 0.455998 11.051882
v 0.109113 0.457461 11.086697
v 0.082485 0.490434 11.127580
v 0.065347 0.525143 11.171956
v 0.058229 0.560531 11.218483
v 0.061337 0.595524 11.265744
v 0.074582 0.629057 11.312305
v 0.097562 0.660114 11.356744
v 0.129580 0.687749 11.397720
v 0.169657 0.711124 11.433987
v 0.216582 0.729527 11.464438
v 0.268925 0.742399 11.488147
v 0.325098 0.749352 11.504401
v 0.383389 0.750170 11.512698
v 0.442037 0.744831 11.512794
v 0.499250 0.733497 11.504680
v 0.553295 0.716513 11.488602
v 0.602526 0.694393 11.465055
v 0.645452 0.667810 11.434748
v 0.680767 0.637573 11.398602
v 0.707398 0.604600 11.357721
v 0.724533 0.569890 11.313341
v 0.731652 0.534502 11.266816
v 0.728542 0.499510 11.219555
v 0.715297 0.465976 11.172998
v 0.692315 0.434919 11.128553
v 0.660301 0.407284 11.087577
v 0.620220 0.383910 11.051315
v 0.573299 0.365507 11.020861
v 0.520956 0.352633 10.997152
v 0.464785 0.345682 10.980898
v 0.406488 0.344864 10.972599
v 0.347846 0.350202 10.972505
v 0.290631 0.361535 10.980619
v 0.236586 0.378521 10.996697
v 0.187351 0.400641 11.020248
v 0.144424 0.427223 11.050553
v 0.112787 0.745746 11.502593
v 0.134559 0.762676 11.527967
v 0.135135 0.768906 11.523316
v 0.113359 0.751976 11.497945
v 0.173261 0.785247 11.562982
v 0.173837 0.791477 11.558331
v 0.218572 0.803017 11.592386
v 0.219148 0.809247 11.587738
v 0.269118 0.815448 11.615283
v 0.269690 0.821678 11.610631
v 0.323360 0.822160 11.630978
v 0.323937 0.828390 11.626327
v 0.379653 0.822952 11.638993
v 0.380229 0.829182 11.634341
v 0.436283 0.817797 11.639082
v 0.436855 0.824027 11.634434
v 0.491529 0.806852 11.631245
v 0.492101 0.813082 11.626597
v 0.543718 0.790451 11.615722
v 0.544294 0.796681 11.611074
v 0.591259 0.769091 11.592984
v 0.591835 0.775321 11.588332
v 0.632711 0.743422 11.563715
v 0.633283 0.749651 11.559067
v 0.656516 0.724730 11.541620
v 0.657092 0.730960 11.536968
v 0.107681 0.460492 11.088213
v 0.106249 0.463523 11.089728
v 0.104818 0.466555 11.091244
v 0.082844 0.491694 11.126828
v 0.083202 0.492953 11.126079
v 0.083562 0.494213 11.125329
v 0.109222 0.477871 11.075381
v 0.107601 0.479578 11.078022
v 0.105985 0.481286 11.080670
v 0.065741 0.526441 11.171093
v 0.066136 0.527739 11.170226
v 0.066532 0.529037 11.169361
v 0.058637 0.561812 11.217539
v 0.059043 0.563092 11.216597
v 0.059451 0.564374 11.215651
v 0.061737 0.596733 11.264763
v 0.062137 0.597944 11.263779
v 0.062535 0.599153 11.262798
v 0.074952 0.630145 11.311323
v 0.075323 0.631232 11.310346
v 0.075692 0.632320 11.309364
v 0.096342 0.659453 11.353341
v 0.095122 0.658791 11.349933
v 0.093899 0.658128 11.346529
v 0.097890 0.676694 11.340326
v 0.096489 0.674570 11.337862
v 0.095090 0.672446 11.335404
v 0.077580 0.659252 11.289359
v 0.077719 0.658445 11.289558
v 0.077856 0.657637 11.289755
v 0.065123 0.633570 11.237127
v 0.065295 0.632446 11.237748
v 0.065465 0.631323 11.238373
v 0.062365 0.602332 11.187294
v 0.062534 0.601066 11.188247
v 0.062698 0.599802 11.189204
v 0.069120 0.563408 11.143632
v 0.069281 0.562504 11.144544
v 0.069438 0.561600 11.145460
v 0.085460 0.521025 11.105162
v 0.085577 0.520614 11.105891
v 0.085690 0.520203 11.106618
v 0.682421 0.636818 11.395359
v 0.684078 0.636064 11.392116
v 0.685731 0.635310 11.388872
v 0.707270 0.605752 11.356646
v 0.707140 0.606904 11.355574
v 0.707012 0.608055 11.354499
v 0.684061 0.654069 11.382372
v 0.685633 0.651864 11.380103
v 0.687202 0.649658 11.377836
v 0.724382 0.571209 11.312242
v 0.724231 0.572528 11.311140
v 0.724081 0.573848 11.310041
v 0.731493 0.535911 11.265753
v 0.731332 0.537321 11.264685
v 0.731175 0.538729 11.263624
v 0.728386 0.500929 11.218588
v 0.728231 0.502348 11.217621
v 0.728073 0.503767 11.216653
v 0.715159 0.467323 11.172181
v 0.715018 0.468671 11.171369
v 0.714880 0.470018 11.170556
v 0.693758 0.437886 11.130268
v 0.695201 0.440854 11.131984
v 0.696646 0.443821 11.133700
v 0.695393 0.455244 11.117424
v 0.696746 0.456866 11.120255
v 0.698097 0.458488 11.123088
v 0.717905 0.496622 11.150497
v 0.717653 0.496267 11.151139
v 0.717400 0.495912 11.151781
v 0.731805 0.537883 11.191115
v 0.731454 0.537086 11.191916
v 0.731105 0.536289 11.192716
v 0.735236 0.576430 11.235505
v 0.734847 0.575293 11.236341
v 0.734459 0.574155 11.237179
v 0.727805 0.608054 11.284624
v 0.727466 0.607048 11.285148
v 0.727128 0.606043 11.285668
v 0.710022 0.634875 11.334729
v 0.709793 0.634149 11.334874
v 0.709562 0.633424 11.335022
v 0.097441 0.464655 11.088090
v 0.075931 0.492654 11.122709
v 0.076828 0.510283 11.108888
v 0.098689 0.479719 11.077197
v 0.058500 0.528252 11.167829
v 0.059394 0.547200 11.153339
v 0.051250 0.564451 11.215244
v 0.052139 0.583927 11.200666
v 0.054409 0.600072 11.263536
v 0.055283 0.619317 11.249443
v 0.067874 0.634080 11.311171
v 0.068736 0.652313 11.298154
v 0.086288 0.660318 11.348825
v 0.087558 0.675039 11.337474
v 0.070156 0.660143 11.291107
v 0.057404 0.632854 11.238690
v 0.054549 0.600412 11.188397
v 0.061478 0.561393 11.143461
v 0.078181 0.519294 11.103417
v 0.693084 0.636923 11.392238
v 0.714607 0.609229 11.357402
v 0.717069 0.628393 11.343844
v 0.694532 0.651723 11.380949
v 0.732070 0.574160 11.311923
v 0.734822 0.594845 11.296868
v 0.739335 0.538192 11.264373
v 0.742183 0.559268 11.248681
v 0.736160 0.502377 11.216268
v 0.738931 0.522724 11.200765
v 0.722667 0.467874 11.169039
v 0.725165 0.486350 11.154563
v 0.704229 0.441347 11.131621
v 0.705666 0.456380 11.120642
v 0.725187 0.494466 11.149617
v 0.739231 0.535501 11.191837
v 0.742665 0.574168 11.237519
v 0.735157 0.607000 11.287115
v 0.717154 0.635412 11.337436
v 0.657185 0.730587 11.536414
v 0.656608 0.724322 11.541091
v 0.632754 0.743059 11.563248
v 0.591300 0.768732 11.592518
v 0.543751 0.790095 11.615260
v 0.491553 0.806499 11.630785
v 0.436297 0.817445 11.638623
v 0.379664 0.822601 11.638534
v 0.323361 0.821809 11.630515
v 0.269111 0.815096 11.614821
v 0.218558 0.802663 11.591920
v 0.173241 0.784891 11.562512
v 0.134536 0.762317 11.527489
v 0.112717 0.745343 11.502056
v 0.113295 0.751609 11.497380
v 0.135113 0.768582 11.522812
v 0.173818 0.791156 11.557835
v 0.219135 0.808929 11.587243
v 0.269688 0.821361 11.610145
v 0.323939 0.828075 11.625838
v 0.380241 0.828866 11.633857
v 0.436874 0.823710 11.633946
v 0.492130 0.812764 11.626108
v 0.544328 0.796361 11.610583
v 0.591878 0.774998 11.587842
v 0.633332 0.749324 11.558568
v 0.602710 0.696397 11.463558
v 0.553479 0.718517 11.487109
v 0.499434 0.735501 11.503183
v 0.442221 0.746835 11.511298
v 0.383577 0.752173 11.511201
v 0.325282 0.751355 11.502904
v 0.269109 0.744403 11.486650
v 0.216766 0.731530 11.462939
v 0.169841 0.713127 11.432491
v 0.129764 0.689753 11.396228
v 0.097750 0.662118 11.355252
v 0.096507 0.661300 11.351947
v 0.095267 0.660481 11.348641
v 0.094028 0.659663 11.345335
v 0.086427 0.661895 11.347608
v 0.067965 0.636033 11.309774
v 0.054502 0.602133 11.262028
v 0.051344 0.566537 11.213680
v 0.058597 0.530282 11.166280
v 0.076027 0.494543 11.121230
v 0.097574 0.466269 11.086923
v 0.104942 0.468133 11.090109
v 0.106396 0.465243 11.088472
v 0.107846 0.462354 11.086839
v 0.109298 0.459465 11.085201
v 0.144612 0.429227 11.049057
v 0.187539 0.402644 11.018752
v 0.236770 0.380525 10.995201
v 0.290815 0.363539 10.979125
v 0.348030 0.352205 10.971012
v 0.406672 0.346867 10.971107
v 0.464969 0.347686 10.979402
v 0.521140 0.354637 10.995656
v 0.573483 0.367510 11.019369
v 0.620404 0.385914 11.049819
v 0.660485 0.409288 11.086081
v 0.692503 0.436922 11.127056
v 0.693932 0.439746 11.128892
v 0.695369 0.442569 11.130729
v 0.696798 0.445392 11.132564
v 0.704381 0.442958 11.130443
v 0.722932 0.469853 11.167488
v 0.736458 0.504556 11.214605
v 0.739639 0.540450 11.262692
v 0.732364 0.576376 11.310310
v 0.714873 0.611282 11.355949
v 0.693238 0.638508 11.391031
v 0.685887 0.636847 11.387689
v 0.684241 0.637756 11.390830
v 0.682599 0.638666 11.393966
v 0.680952 0.639577 11.397106
v 0.645637 0.669814 11.433252
v 0.679304 0.622865 11.410265
v 0.644030 0.653065 11.446363
v 0.601106 0.679645 11.476665
v 0.551882 0.701762 11.500213
v 0.497841 0.718744 11.516288
v 0.440632 0.730077 11.524401
v 0.381996 0.735415 11.524306
v 0.323710 0.734597 11.516010
v 0.267541 0.727645 11.499758
v 0.215205 0.714774 11.476047
v 0.168288 0.696373 11.445604
v 0.128214 0.673002 11.409342
v 0.096231 0.645401 11.368416
v 0.097615 0.660415 11.357210
v 0.129598 0.688016 11.398136
v 0.169672 0.711388 11.434393
v 0.216589 0.729788 11.464841
v 0.268929 0.742660 11.488548
v 0.325095 0.749611 11.504800
v 0.383380 0.750429 11.513096
v 0.442016 0.745091 11.513190
v 0.499226 0.733759 11.505078
v 0.553266 0.716776 11.489003
v 0.602490 0.694659 11.465458
v 0.645414 0.668079 11.435153
v 0.680689 0.637880 11.399055
v 0.682460 0.655943 11.384891
v 0.647146 0.686180 11.421033
v 0.604219 0.712763 11.451340
v 0.554988 0.734883 11.474891
v 0.500943 0.751868 11.490965
v 0.443730 0.763201 11.499080
v 0.385086 0.768540 11.498987
v 0.326791 0.767722 11.490686
v 0.270618 0.760769 11.474436
v 0.218275 0.747897 11.450723
v 0.171354 0.729494 11.420273
v 0.131273 0.706119 11.384009
v 0.099259 0.678484 11.343034
v 0.097863 0.676387 11.340558
v 0.096465 0.674289 11.338078
v 0.095070 0.672192 11.335603
v 0.087534 0.674778 11.337676
v 0.068721 0.651989 11.298387
v 0.055269 0.618975 11.249691
v 0.052122 0.583580 11.200927
v 0.059379 0.546862 11.153598
v 0.076815 0.509969 11.109134
v 0.098665 0.479451 11.077387
v 0.105964 0.481024 11.080855
v 0.107577 0.479292 11.078230
v 0.109193 0.477562 11.075609
v 0.110807 0.475831 11.072982
v 0.146121 0.445593 11.036838
v 0.189048 0.419011 11.006533
v 0.238279 0.396892 10.982983
v 0.292324 0.379905 10.966908
v 0.349539 0.368572 10.958794
v 0.408181 0.363234 10.958888
v 0.466478 0.364052 10.967188
v 0.522649 0.371003 10.983438
v 0.574992 0.383877 11.007151
v 0.621917 0.402280 11.037601
v 0.661994 0.425654 11.073866
v 0.694012 0.453289 11.114838
v 0.695364 0.454935 11.117654
v 0.696718 0.456581 11.120465
v 0.698072 0.458227 11.123277
v 0.705641 0.456113 11.120838
v 0.725123 0.486021 11.154823
v 0.738879 0.522362 11.201040
v 0.742132 0.558893 11.248960
v 0.734772 0.594477 11.297137
v 0.717028 0.628052 11.344085
v 0.694508 0.651459 11.381151
v 0.687176 0.649402 11.378032
v 0.685607 0.651583 11.380318
v 0.684032 0.653763 11.382604
v 0.727193 0.484915 11.230450
v 0.730306 0.519907 11.277712
v 0.723184 0.555294 11.324236
v 0.706049 0.590004 11.368616
v 0.679418 0.622978 11.409497
v 0.679344 0.623312 11.409933
v 0.656626 0.724508 11.540953
v 0.656534 0.724915 11.541482
v 0.632726 0.743607 11.563577
v 0.591278 0.769276 11.592846
v 0.543736 0.790636 11.615584
v 0.491544 0.807038 11.631107
v 0.436297 0.817982 11.638944
v 0.379672 0.823138 11.638855
v 0.323379 0.822346 11.630840
v 0.269133 0.815633 11.615145
v 0.218590 0.803203 11.592248
v 0.173279 0.785432 11.562844
v 0.134577 0.762862 11.527829
v 0.112802 0.745931 11.502455
v 0.112736 0.745530 11.501919
v 0.096271 0.645848 11.368083
v 0.096217 0.645518 11.367643
v 0.073237 0.614462 11.323200
v 0.059992 0.580928 11.276639
v 0.056880 0.545935 11.229378
v 0.064002 0.510548 11.182852
v 0.081139 0.475839 11.138475
v 0.107768 0.442865 11.097592
v 0.143079 0.412628 11.061448
v 0.186005 0.386045 11.031143
v 0.235237 0.363926 11.007592
v 0.289286 0.346939 10.991514
v 0.346496 0.335606 10.983404
v 0.405142 0.330268 10.983495
v 0.463439 0.331087 10.991794
v 0.519611 0.338037 11.008048
v 0.571950 0.350911 11.031760
v 0.618875 0.369314 11.062210
v 0.658952 0.392689 11.098472
v 0.690969 0.420323 11.139448
v 0.713951 0.451381 11.183893
vt 0.944155 0.830296
vt 0.944155 0.791076
vt 0.945978 0.791076
vt 0.945978 0.830296
vt 0.944155 0.749468
vt 0.945978 0.749468
vt 0.960868 0.791076
vt 0.960868 0.830296
vt 0.944155 0.865936
vt 0.945978 0.865936
vt 0.944155 0.706740
vt 0.945978 0.706740
vt 0.960868 0.749468
vt 0.961171 0.791076
vt 0.961171 0.830296
vt 0.960868 0.865936
vt 0.944155 0.896915
vt 0.945978 0.896915
vt 0.944155 0.664186
vt 0.945978 0.664186
vt 0.960868 0.706740
vt 0.961171 0.749468
vt 0.961171 0.865936
vt 0.960868 0.896915
vt 0.944155 0.922291
vt 0.945978 0.922291
vt 0.944155 0.623100
vt 0.945978 0.623100
vt 0.960868 0.664186
vt 0.961171 0.706740
vt 0.961171 0.896915
vt 0.960868 0.922291
vt 0.944155 0.584730
vt 0.945978 0.584730
vt 0.960868 0.623100
vt 0.961171 0.664186
vt 0.961171 0.922291
vt 0.944155 0.550245
vt 0.945978 0.550245
vt 0.960868 0.584730
vt 0.961171 0.623100
vt 0.944155 0.520688
vt 0.945978 0.520688
vt 0.960868 0.550245
vt 0.961171 0.584730
vt 0.944155 0.496961
vt 0.945978 0.496961
vt 0.960868 0.520688
vt 0.961171 0.550245
vt 0.960868 0.496961
vt 0.961171 0.520688
vt 0.961171 0.496961
vt 0.980992 0.830296
vt 0.980992 0.791077
vt 0.982815 0.791077
vt 0.982815 0.830296
vt 0.967713 0.830296
vt 0.967713 0.791077
vt 0.980992 0.749471
vt 0.982815 0.749471
vt 0.997706 0.791077
vt 0.997706 0.830296
vt 0.980992 0.865936
vt 0.982815 0.865936
vt 0.967306 0.830296
vt 0.967306 0.791077
vt 0.967713 0.749471
vt 0.967713 0.865936
vt 0.980992 0.706740
vt 0.982815 0.706740
vt 0.997706 0.749471
vt 0.998008 0.791077
vt 0.998008 0.830296
vt 0.997706 0.865936
vt 0.980992 0.896915
vt 0.982815 0.896915
vt 0.967306 0.749471
vt 0.967306 0.865936
vt 0.967713 0.706740
vt 0.967713 0.896915
vt 0.980992 0.664187
vt 0.982815 0.664187
vt 0.997706 0.706740
vt 0.998008 0.749471
vt 0.998008 0.865936
vt 0.997706 0.896915
vt 0.980992 0.922292
vt 0.982815 0.922292
vt 0.967306 0.706740
vt 0.967306 0.896915
vt 0.967713 0.664187
vt 0.967713 0.922292
vt 0.980992 0.623102
vt 0.982815 0.623102
vt 0.997706 0.664187
vt 0.998008 0.706740
vt 0.998008 0.896915
vt 0.997706 0.922292
vt 0.967306 0.664187
vt 0.967306 0.922292
vt 0.967713 0.623102
vt 0.980992 0.584732
vt 0.982815 0.584732
vt 0.997706 0.623102
vt 0.998008 0.664187
vt 0.998008 0.922292
vt 0.967306 0.623102
vt 0.967713 0.584732
vt 0.980992 0.550245
vt 0.982815 0.550245
vt 0.997706 0.584732
vt 0.998008 0.623102
vt 0.967306 0.584732
vt 0.967713 0.550245
vt 0.980992 0.520689
vt 0.982815 0.520689
vt 0.997706 0.550245
vt 0.998008 0.584732
vt 0.967306 0.550245
vt 0.967713 0.520689
vt 0.980992 0.496961
vt 0.982815 0.496961
vt 0.997706 0.520689
vt 0.998008 0.550245
vt 0.967306 0.520689
vt 0.967713 0.496961
vt 0.997706 0.496961
vt 0.998008 0.520689
vt 0.967306 0.496961
vt 0.998008 0.496961
vt 0.693267 0.812046
vt 0.693267 0.774175
vt 0.693436 0.774175
vt 0.693436 0.812046
vt 0.693267 0.733996
vt 0.693436 0.733996
vt 0.698935 0.774175
vt 0.698935 0.812046
vt 0.693267 0.846461
vt 0.693436 0.846461
vt 0.693267 0.692733
vt 0.693436 0.692733
vt 0.698935 0.733996
vt 0.698935 0.846461
vt 0.693267 0.876376
vt 0.693436 0.876376
vt 0.693267 0.651643
vt 0.693436 0.651643
vt 0.698935 0.692733
vt 0.698935 0.876376
vt 0.693267 0.893504
vt 0.693436 0.893504
vt 0.693267 0.611970
vt 0.693436 0.611970
vt 0.698935 0.651643
vt 0.698935 0.893504
vt 0.693267 0.574917
vt 0.693436 0.574917
vt 0.698935 0.611970
vt 0.693267 0.541615
vt 0.693436 0.541615
vt 0.698935 0.574917
vt 0.693267 0.513076
vt 0.693436 0.513076
vt 0.698935 0.541615
vt 0.693267 0.496961
vt 0.693436 0.496961
vt 0.698935 0.513076
vt 0.698935 0.496961
vt 0.285998 0.603676
vt 0.285987 0.602260
vt 0.291500 0.602129
vt 0.291508 0.603580
vt 0.286095 0.615234
vt 0.291577 0.615434
vt 0.286097 0.615469
vt 0.291579 0.615675
vt 0.279852 0.602260
vt 0.279839 0.603676
vt 0.274446 0.603580
vt 0.274455 0.602129
vt 0.279732 0.615234
vt 0.274368 0.615434
vt 0.279730 0.615469
vt 0.274366 0.615675
vt 0.309309 0.603672
vt 0.309299 0.602257
vt 0.314814 0.602129
vt 0.314819 0.603583
vt 0.309383 0.615226
vt 0.314858 0.615462
vt 0.309384 0.615461
vt 0.314859 0.615703
vt 0.303164 0.602257
vt 0.303155 0.603672
vt 0.297761 0.603583
vt 0.297766 0.602129
vt 0.303071 0.615226
vt 0.297715 0.615461
vt 0.303070 0.615461
vt 0.297714 0.615702
vt 0.032005 0.129622
vt 0.055733 0.093981
vt 0.071253 0.106394
vt 0.049445 0.139150
vt 0.085289 0.063002
vt 0.098418 0.077922
vt 0.014827 0.168841
vt 0.033657 0.175197
vt 0.119775 0.037627
vt 0.130114 0.054599
vt 0.004720 0.210448
vt 0.024368 0.213437
vt 0.158145 0.018623
vt 0.165378 0.037134
vt 0.001992 0.253176
vt 0.021860 0.252710
vt 0.199231 0.006573
vt 0.203140 0.026059
vt 0.006725 0.295731
vt 0.026210 0.291821
vt 0.241784 0.001841
vt 0.242251 0.021708
vt 0.018775 0.336816
vt 0.037285 0.329583
vt 0.284514 0.004568
vt 0.281523 0.024216
vt 0.037777 0.375186
vt 0.054750 0.364847
vt 0.326121 0.014675
vt 0.319764 0.033504
vt 0.063153 0.409672
vt 0.078073 0.396544
vt 0.365340 0.031854
vt 0.355811 0.049294
vt 0.063189 0.410026
vt 0.037840 0.375583
vt 0.094132 0.439228
vt 0.106546 0.423708
vt 0.400980 0.055581
vt 0.388567 0.071102
vt 0.094164 0.439580
vt 0.073937 0.517271
vt 0.056775 0.496026
vt 0.129772 0.462956
vt 0.139302 0.445516
vt 0.431959 0.085137
vt 0.417039 0.098266
vt 0.129800 0.463304
vt 0.103855 0.545815
vt 0.073980 0.517703
vt 0.056852 0.496510
vt 0.168992 0.480133
vt 0.175348 0.461304
vt 0.457336 0.119623
vt 0.440362 0.129962
vt 0.169016 0.480480
vt 0.138276 0.568729
vt 0.103895 0.546242
vt 0.210600 0.490241
vt 0.213589 0.470593
vt 0.476339 0.157993
vt 0.457827 0.165227
vt 0.210619 0.490586
vt 0.176153 0.585321
vt 0.138310 0.569155
vt 0.253328 0.492968
vt 0.252861 0.473101
vt 0.488386 0.199079
vt 0.468902 0.202988
vt 0.253342 0.493314
vt 0.216337 0.595081
vt 0.176181 0.585743
vt 0.295882 0.488236
vt 0.291972 0.468751
vt 0.493121 0.241632
vt 0.473253 0.242100
vt 0.295891 0.488581
vt 0.257605 0.597717
vt 0.216360 0.595501
vt 0.336968 0.476185
vt 0.329735 0.457674
vt 0.490393 0.284361
vt 0.470745 0.281372
vt 0.336973 0.476532
vt 0.298701 0.593145
vt 0.257623 0.598137
vt 0.375338 0.457184
vt 0.365000 0.440211
vt 0.480286 0.325970
vt 0.461456 0.319612
vt 0.375338 0.457533
vt 0.338381 0.581508
vt 0.298713 0.593567
vt 0.409823 0.431808
vt 0.396695 0.416887
vt 0.463107 0.365188
vt 0.445667 0.355659
vt 0.409820 0.432160
vt 0.375438 0.563156
vt 0.338386 0.581930
vt 0.439380 0.400829
vt 0.423859 0.388415
vt 0.439373 0.401183
vt 0.408745 0.538649
vt 0.375439 0.563581
vt 0.463075 0.365588
vt 0.437288 0.508729
vt 0.408741 0.539077
vt 0.453434 0.486702
vt 0.437280 0.509162
vt 0.453395 0.487190
vt 0.864465 0.462957
vt 0.825246 0.480135
vt 0.818889 0.461305
vt 0.854937 0.445517
vt 0.783639 0.490242
vt 0.780650 0.470594
vt 0.900106 0.439229
vt 0.887692 0.423709
vt 0.740910 0.492970
vt 0.741377 0.473103
vt 0.931084 0.409674
vt 0.916165 0.396544
vt 0.698356 0.488237
vt 0.702266 0.468752
vt 0.956460 0.375187
vt 0.939488 0.364849
vt 0.657270 0.476187
vt 0.664504 0.457677
vt 0.975464 0.336817
vt 0.956952 0.329584
vt 0.618901 0.457185
vt 0.629240 0.440213
vt 0.987513 0.295732
vt 0.968028 0.291823
vt 0.584415 0.431809
vt 0.597542 0.416889
vt 0.992246 0.253178
vt 0.972379 0.252712
vt 0.554859 0.400830
vt 0.570379 0.388417
vt 0.989518 0.210448
vt 0.969871 0.213439
vt 0.531131 0.365190
vt 0.548571 0.355660
vt 0.979412 0.168841
vt 0.960583 0.175199
vt 0.513954 0.325970
vt 0.532783 0.319614
vt 0.962233 0.129623
vt 0.944792 0.139151
vt 0.503845 0.284362
vt 0.523494 0.281374
vt 0.938506 0.093982
vt 0.922985 0.106395
vt 0.501118 0.241634
vt 0.520986 0.242101
vt 0.908950 0.063003
vt 0.895820 0.077923
vt 0.505851 0.199080
vt 0.525336 0.202990
vt 0.874464 0.037627
vt 0.864125 0.054600
vt 0.517902 0.157994
vt 0.536412 0.165227
vt 0.836093 0.018623
vt 0.828860 0.037135
vt 0.536903 0.119624
vt 0.553875 0.129963
vt 0.795008 0.006576
vt 0.791098 0.026060
vt 0.562279 0.085139
vt 0.577200 0.098267
vt 0.752455 0.001841
vt 0.751987 0.021710
vt 0.593258 0.055582
vt 0.605671 0.071103
vt 0.709726 0.004570
vt 0.712715 0.024218
vt 0.628899 0.031855
vt 0.638428 0.049295
vt 0.668117 0.014676
vt 0.674474 0.033506
vt 0.893536 0.896915
vt 0.928022 0.922291
vt 0.927624 0.922228
vt 0.893181 0.896880
vt 0.807182 0.903293
vt 0.785937 0.886131
vt 0.863980 0.865936
vt 0.863628 0.865905
vt 0.806697 0.903216
vt 0.785505 0.886088
vt 0.757393 0.856213
vt 0.840252 0.830296
vt 0.839904 0.830268
vt 0.756965 0.856173
vt 0.734478 0.821792
vt 0.823075 0.791076
vt 0.822728 0.791053
vt 0.734053 0.821759
vt 0.717887 0.783915
vt 0.812966 0.749468
vt 0.812622 0.749449
vt 0.717465 0.783887
vt 0.708127 0.743731
vt 0.810239 0.706740
vt 0.809894 0.706727
vt 0.707706 0.743708
vt 0.705491 0.702463
vt 0.814972 0.664186
vt 0.814627 0.664177
vt 0.705070 0.702445
vt 0.710062 0.661367
vt 0.827023 0.623100
vt 0.826675 0.623096
vt 0.709640 0.661356
vt 0.721700 0.621688
vt 0.846024 0.584730
vt 0.845675 0.584730
vt 0.721277 0.621682
vt 0.740052 0.584630
vt 0.871400 0.550245
vt 0.871048 0.550248
vt 0.739626 0.584629
vt 0.764559 0.551323
vt 0.902379 0.520688
vt 0.902024 0.520695
vt 0.764131 0.551328
vt 0.794478 0.522780
vt 0.938020 0.496961
vt 0.937619 0.496993
vt 0.794046 0.522788
vt 0.816506 0.506635
vt 0.816018 0.506674
vt 0.524460 0.604478
vt 0.510820 0.637210
vt 0.505153 0.635331
vt 0.518947 0.602128
vt 0.500766 0.678662
vt 0.494866 0.677769
vt 0.498051 0.721231
vt 0.492086 0.721372
vt 0.502763 0.763625
vt 0.496911 0.764797
vt 0.514754 0.804560
vt 0.509181 0.806704
vt 0.529917 0.836616
vt 0.524520 0.839222
vt 0.320994 0.836159
vt 0.336204 0.803947
vt 0.341735 0.806147
vt 0.326358 0.838807
vt 0.348082 0.763180
vt 0.353923 0.764370
vt 0.352752 0.721023
vt 0.358715 0.721162
vt 0.350067 0.678693
vt 0.355958 0.677777
vt 0.340118 0.637411
vt 0.345747 0.635474
vt 0.326439 0.604521
vt 0.331921 0.602129
vt 0.414159 0.836769
vt 0.427791 0.804046
vt 0.433461 0.805923
vt 0.419673 0.839117
vt 0.437836 0.762614
vt 0.443736 0.763508
vt 0.440546 0.720066
vt 0.446513 0.719925
vt 0.435839 0.677693
vt 0.441692 0.676524
vt 0.423860 0.636780
vt 0.429435 0.634638
vt 0.408705 0.604733
vt 0.414103 0.602129
vt 0.402570 0.604784
vt 0.387378 0.636955
vt 0.381858 0.634743
vt 0.397214 0.602129
vt 0.375486 0.677751
vt 0.369647 0.676556
vt 0.370811 0.719926
vt 0.364849 0.719786
vt 0.373499 0.762274
vt 0.367611 0.763194
vt 0.383462 0.803584
vt 0.377843 0.805534
vt 0.397126 0.836434
vt 0.391651 0.838833
vt 0.569127 0.496961
vt 0.569028 0.530164
vt 0.567283 0.530126
vt 0.567676 0.496984
vt 0.568849 0.572602
vt 0.566991 0.572584
vt 0.553031 0.529818
vt 0.555822 0.497167
vt 0.568769 0.616205
vt 0.566874 0.616206
vt 0.551814 0.572439
vt 0.552741 0.529811
vt 0.555581 0.497171
vt 0.568849 0.659630
vt 0.566991 0.659650
vt 0.551397 0.616220
vt 0.551505 0.572437
vt 0.545059 0.530516
vt 0.569028 0.701537
vt 0.567283 0.701577
vt 0.551814 0.659821
vt 0.551081 0.616221
vt 0.538862 0.572820
vt 0.569127 0.734055
vt 0.567676 0.734033
vt 0.553031 0.701909
vt 0.551506 0.659825
vt 0.536052 0.616205
vt 0.555822 0.733853
vt 0.552741 0.701915
vt 0.538862 0.659413
vt 0.555581 0.733849
vt 0.545059 0.701189
vt 0.452647 0.839117
vt 0.452819 0.805923
vt 0.454656 0.805966
vt 0.454102 0.839102
vt 0.453105 0.763508
vt 0.455108 0.763527
vt 0.469663 0.806320
vt 0.465980 0.838977
vt 0.453219 0.719925
vt 0.455277 0.719924
vt 0.471469 0.763693
vt 0.469967 0.806328
vt 0.466221 0.838973
vt 0.453105 0.676524
vt 0.455108 0.676500
vt 0.472084 0.719910
vt 0.471801 0.763696
vt 0.476830 0.805674
vt 0.452819 0.634638
vt 0.454656 0.634592
vt 0.471469 0.676308
vt 0.472426 0.719910
vt 0.483113 0.763334
vt 0.452647 0.602129
vt 0.454102 0.602144
vt 0.469662 0.634217
vt 0.471801 0.676304
vt 0.485951 0.719926
vt 0.465979 0.602267
vt 0.469967 0.634209
vt 0.483113 0.676696
vt 0.466221 0.602269
vt 0.476830 0.634883
vt 0.628130 0.496961
vt 0.628130 0.536180
vt 0.627723 0.536180
vt 0.627723 0.496961
vt 0.628130 0.577788
vt 0.627723 0.577788
vt 0.614444 0.536180
vt 0.614444 0.496961
vt 0.628130 0.620516
vt 0.627723 0.620516
vt 0.614444 0.577788
vt 0.613367 0.536280
vt 0.613416 0.499223
vt 0.628130 0.663071
vt 0.627723 0.663071
vt 0.614444 0.620516
vt 0.613293 0.577835
vt 0.612291 0.536380
vt 0.612389 0.501485
vt 0.612621 0.496961
vt 0.611730 0.499232
vt 0.628130 0.704156
vt 0.627723 0.704156
vt 0.614444 0.663071
vt 0.613268 0.620512
vt 0.612143 0.577884
vt 0.611215 0.536480
vt 0.611362 0.503748
vt 0.610838 0.501503
vt 0.597730 0.496961
vt 0.597950 0.499306
vt 0.628130 0.742525
vt 0.627723 0.742525
vt 0.614444 0.704156
vt 0.613293 0.663012
vt 0.612093 0.620506
vt 0.610992 0.577933
vt 0.609947 0.503776
vt 0.598169 0.501650
vt 0.597428 0.496961
vt 0.597670 0.499307
vt 0.628127 0.742923
vt 0.627721 0.742923
vt 0.614444 0.742525
vt 0.613367 0.704047
vt 0.612143 0.662954
vt 0.610917 0.620501
vt 0.598388 0.503997
vt 0.597911 0.501653
vt 0.586239 0.536180
vt 0.586786 0.536417
vt 0.627138 0.863365
vt 0.626968 0.863365
vt 0.614467 0.742923
vt 0.613416 0.740313
vt 0.612291 0.703939
vt 0.610992 0.662895
vt 0.598153 0.504001
vt 0.587334 0.536654
vt 0.578808 0.577788
vt 0.579721 0.577915
vt 0.627134 0.863850
vt 0.626965 0.863850
vt 0.621438 0.863365
vt 0.612621 0.742525
vt 0.611730 0.740304
vt 0.612389 0.738100
vt 0.611215 0.703830
vt 0.587882 0.536891
vt 0.580634 0.578043
vt 0.575263 0.620516
vt 0.576404 0.620512
vt 0.621466 0.863850
vt 0.597730 0.742525
vt 0.597950 0.740231
vt 0.610838 0.738082
vt 0.611362 0.735886
vt 0.581548 0.578172
vt 0.577545 0.620506
vt 0.578808 0.663071
vt 0.579721 0.662934
vt 0.597428 0.742525
vt 0.597670 0.740230
vt 0.598169 0.737937
vt 0.609947 0.735860
vt 0.578686 0.620503
vt 0.580634 0.662796
vt 0.586239 0.704156
vt 0.586786 0.703913
vt 0.597911 0.737934
vt 0.598388 0.735643
vt 0.581548 0.662660
vt 0.587334 0.703669
vt 0.598153 0.735639
vt 0.587882 0.703426
vt 0.634265 0.742527
vt 0.634265 0.703308
vt 0.634672 0.703308
vt 0.634672 0.742527
vt 0.634265 0.661699
vt 0.634672 0.661699
vt 0.647951 0.703308
vt 0.647951 0.742527
vt 0.634674 0.742927
vt 0.634268 0.742927
vt 0.634265 0.618971
vt 0.634672 0.618971
vt 0.647951 0.661699
vt 0.649079 0.703193
vt 0.649008 0.740247
vt 0.647928 0.742927
vt 0.635427 0.864040
vt 0.635257 0.864040
vt 0.634265 0.576417
vt 0.634672 0.576417
vt 0.647951 0.618971
vt 0.649187 0.661644
vt 0.650208 0.703079
vt 0.650065 0.737967
vt 0.649774 0.742527
vt 0.650695 0.740240
vt 0.640957 0.864040
vt 0.635430 0.864528
vt 0.635261 0.864528
vt 0.634265 0.535332
vt 0.634672 0.535332
vt 0.647951 0.576417
vt 0.649223 0.618976
vt 0.650423 0.661588
vt 0.651336 0.702965
vt 0.651122 0.735689
vt 0.651616 0.737953
vt 0.664473 0.740183
vt 0.664665 0.742527
vt 0.640929 0.864528
vt 0.634265 0.496961
vt 0.634672 0.496961
vt 0.647951 0.535332
vt 0.649187 0.576482
vt 0.650495 0.618981
vt 0.651658 0.661533
vt 0.652537 0.735668
vt 0.664282 0.737839
vt 0.664967 0.742527
vt 0.664753 0.740181
vt 0.647951 0.496961
vt 0.649079 0.535453
vt 0.650423 0.576547
vt 0.651767 0.618985
vt 0.664091 0.735496
vt 0.664540 0.737838
vt 0.676156 0.703308
vt 0.675658 0.703086
vt 0.649008 0.499192
vt 0.650208 0.535576
vt 0.651658 0.576612
vt 0.664326 0.735493
vt 0.675160 0.702864
vt 0.683587 0.661699
vt 0.682758 0.661578
vt 0.649774 0.496961
vt 0.650695 0.499199
vt 0.650065 0.501423
vt 0.651336 0.535699
vt 0.674662 0.702643
vt 0.681929 0.661456
vt 0.687132 0.618971
vt 0.686088 0.618976
vt 0.664665 0.496961
vt 0.664473 0.499255
vt 0.651616 0.501436
vt 0.651122 0.503652
vt 0.681101 0.661334
vt 0.685042 0.618981
vt 0.683587 0.576417
vt 0.682758 0.576548
vt 0.664967 0.496961
vt 0.664753 0.499256
vt 0.664282 0.501548
vt 0.652537 0.503673
vt 0.683998 0.618985
vt 0.681929 0.576679
vt 0.676156 0.535332
vt 0.675658 0.535559
vt 0.664540 0.501550
vt 0.664091 0.503840
vt 0.681101 0.576810
vt 0.675160 0.535787
vt 0.664326 0.503843
vt 0.674662 0.536014
vn -0.898354 -0.225975 -0.376691
vn -0.934732 -0.181375 -0.305580
vn -0.933672 -0.183204 -0.307723
vn -0.895091 -0.229985 -0.381994
vn -0.978170 -0.095086 -0.184776
vn -0.978185 -0.095198 -0.184637
vn -0.998762 0.008479 -0.049008
vn -0.998754 0.008576 -0.049167
vn -0.989903 0.109892 0.089535
vn -0.989893 0.110211 0.089251
vn -0.956684 0.203678 0.208016
vn -0.955820 0.205399 0.210285
vn -0.926124 0.261448 0.271918
vn -0.923328 0.265100 0.277826
vn -0.910466 0.299160 0.285580
vn -0.785526 0.414788 0.459238
vn -0.785483 0.415106 0.459025
vn -0.840244 0.371973 0.394495
vn -0.666820 0.484201 0.566481
vn -0.666843 0.484321 0.566350
vn -0.527849 0.539018 0.656380
vn -0.527949 0.538774 0.656500
vn -0.372980 0.577088 0.726537
vn -0.373016 0.576853 0.726705
vn -0.206698 0.597660 0.774648
vn -0.206734 0.597443 0.774805
vn -0.034242 0.600022 0.799250
vn -0.034178 0.599854 0.799380
vn 0.139430 0.584193 0.799548
vn 0.139409 0.584074 0.799639
vn 0.308767 0.550525 0.775619
vn 0.308755 0.550542 0.775612
vn 0.468779 0.500005 0.728176
vn 0.468741 0.500246 0.728036
vn 0.614526 0.434672 0.658345
vn 0.614492 0.434789 0.658299
vn 0.741547 0.356289 0.568477
vn 0.741537 0.356124 0.568593
vn 0.880760 0.229811 0.414065
vn 0.801457 0.308561 0.512305
vn 0.895218 0.191037 0.402605
vn 0.930763 0.131098 0.341311
vn 0.929724 0.132933 0.343427
vn 0.892038 0.195335 0.407569
vn 0.973047 0.036249 0.227739
vn 0.973036 0.036113 0.227807
vn 0.993581 -0.065923 0.091927
vn 0.993567 -0.066006 0.092016
vn 0.984702 -0.168362 -0.044908
vn 0.984700 -0.168390 -0.044832
vn 0.952683 -0.251894 -0.170132
vn 0.951776 -0.253903 -0.172210
vn 0.923055 -0.295053 -0.246805
vn 0.920235 -0.299508 -0.251916
vn 0.878215 -0.334835 -0.341502
vn 0.785478 -0.415142 -0.459000
vn 0.785467 -0.415125 -0.459034
vn 0.840249 -0.371993 -0.394465
vn 0.666846 -0.484304 -0.566363
vn 0.666842 -0.484302 -0.566369
vn 0.527977 -0.538769 -0.656482
vn 0.527970 -0.538749 -0.656504
vn 0.373029 -0.576870 -0.726684
vn 0.373025 -0.576847 -0.726705
vn 0.206745 -0.597416 -0.774823
vn 0.206723 -0.597401 -0.774841
vn 0.034181 -0.599815 -0.799408
vn 0.034182 -0.599798 -0.799421
vn -0.139383 -0.584031 -0.799675
vn -0.139388 -0.584024 -0.799679
vn -0.308762 -0.550501 -0.775639
vn -0.308760 -0.550514 -0.775630
vn -0.468742 -0.500209 -0.728061
vn -0.468758 -0.500252 -0.728020
vn -0.614474 -0.434704 -0.658372
vn -0.614465 -0.434757 -0.658346
vn -0.741548 -0.356033 -0.568636
vn -0.741515 -0.356068 -0.568658
vn -0.843634 -0.268302 -0.465076
vn -0.801466 -0.308514 -0.512320
vn -0.086824 -0.803210 0.589334
vn -0.085184 -0.804587 0.587694
vn -0.085184 -0.804587 0.587694
vn -0.086824 -0.803210 0.589334
vn -0.083210 -0.805804 0.586307
vn -0.083210 -0.805804 0.586307
vn -0.080968 -0.806816 0.585228
vn -0.080968 -0.806816 0.585228
vn -0.078479 -0.807613 0.584467
vn -0.078479 -0.807613 0.584467
vn -0.075852 -0.808139 0.584087
vn -0.075852 -0.808139 0.584087
vn -0.073173 -0.808383 0.584091
vn -0.073174 -0.808383 0.584091
vn -0.070485 -0.808349 0.584469
vn -0.070485 -0.808349 0.584469
vn -0.067893 -0.808028 0.585219
vn -0.067893 -0.808028 0.585219
vn -0.065503 -0.807427 0.586320
vn -0.065503 -0.807427 0.586320
vn -0.063371 -0.806578 0.587722
vn -0.063371 -0.806578 0.587722
vn -0.061527 -0.805508 0.589382
vn -0.061527 -0.805508 0.589382
vn -0.060026 -0.804252 0.591250
vn -0.060026 -0.804252 0.591250
vn -0.058964 -0.802840 0.593272
vn -0.058964 -0.802840 0.593272
vn -0.058351 -0.801288 0.595426
vn -0.058351 -0.801288 0.595426
vn -0.058205 -0.799673 0.597608
vn -0.058205 -0.799673 0.597608
vn -0.058565 -0.798054 0.599733
vn -0.058565 -0.798054 0.599733
vn -0.059362 -0.796459 0.601772
vn -0.059362 -0.796459 0.601772
vn -0.060581 -0.794937 0.603660
vn -0.060580 -0.794940 0.603656
vn -0.062189 -0.793547 0.605323
vn -0.062188 -0.793548 0.605321
vn -0.064175 -0.792345 0.606688
vn -0.064154 -0.792325 0.606717
vn -0.066448 -0.791352 0.607739
vn -0.066417 -0.791311 0.607796
vn -0.068938 -0.790600 0.608441
vn -0.068899 -0.790524 0.608544
vn -0.071553 -0.790101 0.608787
vn -0.071533 -0.790008 0.608909
vn -0.074219 -0.789860 0.608779
vn -0.074222 -0.789786 0.608876
vn -0.076873 -0.789893 0.608408
vn -0.076891 -0.789835 0.608480
vn -0.079450 -0.790193 0.607686
vn -0.079476 -0.790148 0.607741
vn -0.081856 -0.790757 0.606633
vn -0.081893 -0.790714 0.606683
vn -0.084015 -0.791580 0.605263
vn -0.084045 -0.791552 0.605294
vn -0.085915 -0.792619 0.603634
vn -0.085889 -0.792631 0.603622
vn -0.087376 -0.793895 0.601744
vn -0.087372 -0.793900 0.601739
vn -0.088410 -0.795326 0.599701
vn -0.088410 -0.795326 0.599701
vn -0.088999 -0.796868 0.597562
vn -0.088999 -0.796868 0.597562
vn -0.089156 -0.798479 0.595385
vn -0.089156 -0.798479 0.595385
vn -0.088838 -0.800108 0.593241
vn -0.088838 -0.800108 0.593241
vn -0.088049 -0.801710 0.591192
vn -0.088050 -0.801710 0.591192
vn 0.120995 0.712032 -0.691644
vn 0.143718 0.650514 -0.745773
vn 0.143533 0.650678 -0.745665
vn 0.121030 0.711978 -0.691692
vn 0.089333 0.712535 -0.695926
vn 0.089266 0.712640 -0.695827
vn 0.065741 0.799448 -0.597128
vn 0.065741 0.799448 -0.597128
vn 0.080352 0.870818 -0.484994
vn 0.080295 0.870750 -0.485126
vn 0.129322 0.903470 -0.408679
vn 0.129157 0.903408 -0.408867
vn 0.112088 0.867870 -0.483982
vn 0.112124 0.867910 -0.483902
vn 0.061498 0.805520 -0.589368
vn 0.061498 0.805520 -0.589368
vn 0.063349 0.806584 -0.587715
vn 0.063349 0.806584 -0.587715
vn 0.065508 0.807422 -0.586326
vn 0.065508 0.807422 -0.586326
vn 0.067914 0.808007 -0.585245
vn 0.067914 0.808007 -0.585245
vn 0.070494 0.808330 -0.584494
vn 0.070494 0.808330 -0.584494
vn 0.073175 0.808368 -0.584112
vn 0.073175 0.808368 -0.584112
vn 0.075862 0.808135 -0.584092
vn 0.075862 0.808135 -0.584092
vn 0.078496 0.807627 -0.584446
vn 0.078496 0.807627 -0.584446
vn 0.080988 0.806851 -0.585177
vn 0.080988 0.806851 -0.585177
vn 0.083252 0.805831 -0.586265
vn 0.083253 0.805830 -0.586265
vn 0.085201 0.804600 -0.587673
vn 0.085201 0.804600 -0.587673
vn 0.025008 0.871239 -0.490221
vn 0.024981 0.871265 -0.490176
vn 0.000054 0.908463 -0.417966
vn 0.000244 0.908385 -0.418135
vn 0.056773 0.871721 -0.486703
vn 0.056842 0.871649 -0.486824
vn 0.081679 0.798839 -0.595973
vn 0.081679 0.798841 -0.595971
vn 0.065817 0.713431 -0.697627
vn 0.065879 0.713534 -0.697516
vn 0.014511 0.655473 -0.755079
vn 0.014684 0.655617 -0.754951
vn 0.033926 0.715404 -0.697887
vn 0.033887 0.715343 -0.697951
vn 0.085868 0.792639 -0.603614
vn 0.085868 0.792639 -0.603614
vn 0.084044 0.791548 -0.605301
vn 0.084044 0.791548 -0.605301
vn 0.081911 0.790690 -0.606713
vn 0.081911 0.790690 -0.606713
vn 0.079507 0.790100 -0.607799
vn 0.079507 0.790100 -0.607799
vn 0.076908 0.789788 -0.608540
vn 0.076908 0.789788 -0.608540
vn 0.074214 0.789740 -0.608936
vn 0.074214 0.789740 -0.608936
vn 0.071535 0.789994 -0.608927
vn 0.071535 0.789994 -0.608927
vn 0.068917 0.790538 -0.608523
vn 0.068916 0.790538 -0.608523
vn 0.066422 0.791320 -0.607783
vn 0.066422 0.791320 -0.607784
vn 0.064164 0.792331 -0.606708
vn 0.064165 0.792331 -0.606708
vn 0.062205 0.793551 -0.605316
vn 0.062205 0.793551 -0.605316
vn -0.846000 -0.264301 -0.463065
vn -0.924718 -0.166446 -0.342335
vn -0.924896 -0.168935 -0.340630
vn -0.846093 -0.266518 -0.461621
vn -0.975700 -0.066551 -0.208761
vn -0.975614 -0.066247 -0.209259
vn -0.996875 0.036926 -0.069841
vn -0.996695 0.038519 -0.071520
vn -0.987605 0.140674 0.069627
vn -0.987495 0.142054 0.068363
vn -0.948554 0.239532 0.207049
vn -0.948293 0.241299 0.206194
vn -0.919045 0.284892 0.272383
vn -0.918847 0.286911 0.270929
vn -0.811151 0.394433 0.431807
vn -0.762878 0.431495 0.481487
vn -0.762864 0.430571 0.482335
vn -0.810567 0.396475 0.431032
vn -0.666440 0.487601 0.564006
vn -0.666820 0.484430 0.566285
vn -0.528093 0.539835 0.655512
vn -0.527956 0.538756 0.656509
vn -0.372797 0.575410 0.727960
vn -0.373015 0.576850 0.726708
vn -0.207149 0.596391 0.775504
vn -0.206729 0.597522 0.774746
vn -0.034611 0.599595 0.799555
vn -0.034190 0.599908 0.799338
vn 0.139857 0.584685 0.799114
vn 0.139392 0.583988 0.799705
vn 0.309188 0.551196 0.774975
vn 0.308729 0.550378 0.775738
vn 0.467910 0.498576 0.729714
vn 0.468708 0.500099 0.728158
vn 0.613617 0.433286 0.660104
vn 0.614484 0.434684 0.658376
vn 0.717068 0.373700 0.588355
vn 0.717059 0.373281 0.588632
vn 0.774543 0.331758 0.538534
vn 0.774662 0.330869 0.538910
vn 0.890425 0.219788 0.398543
vn 0.924973 0.171625 0.339073
vn 0.924882 0.168919 0.340676
vn 0.890204 0.216870 0.400630
vn 0.975582 0.068284 0.208753
vn 0.975612 0.066194 0.209284
vn 0.996800 -0.037105 0.070805
vn 0.996694 -0.038532 0.071525
vn 0.987665 -0.140555 -0.069015
vn 0.987489 -0.142099 -0.068367
vn 0.948463 -0.239791 -0.207165
vn 0.948289 -0.241308 -0.206201
vn 0.880199 -0.331886 -0.339265
vn 0.880255 -0.333245 -0.337786
vn 0.785674 -0.413929 -0.459759
vn 0.785468 -0.415096 -0.459059
vn 0.667123 -0.482721 -0.567387
vn 0.666852 -0.484280 -0.566376
vn 0.528092 -0.537280 -0.657609
vn 0.527970 -0.538774 -0.656483
vn 0.372649 -0.577189 -0.726626
vn 0.373036 -0.576894 -0.726662
vn 0.206178 -0.599629 -0.773263
vn 0.206741 -0.597500 -0.774759
vn 0.034267 -0.601897 -0.797838
vn 0.034170 -0.599946 -0.799310
vn -0.139295 -0.585118 -0.798896
vn -0.139418 -0.584130 -0.799597
vn -0.309002 -0.552490 -0.774127
vn -0.308775 -0.550583 -0.775575
vn -0.468745 -0.502248 -0.726653
vn -0.468757 -0.500271 -0.728008
vn -0.614311 -0.436196 -0.657537
vn -0.614471 -0.434805 -0.658308
vn -0.741779 -0.356588 -0.567986
vn -0.741554 -0.356112 -0.568579
vn -0.086822 -0.792521 0.603633
vn -0.088015 -0.792403 0.603614
vn -0.027197 0.841286 -0.539906
vn -0.036634 0.841284 -0.539351
vn -0.026850 0.839726 -0.542347
vn -0.018595 0.839815 -0.542554
vn -0.992447 0.117654 0.034740
vn -0.992481 0.117380 0.034686
vn -0.083023 -0.792812 0.603785
vn 0.007727 0.840075 -0.542415
vn 0.008008 0.839744 -0.542924
vn -0.080014 -0.793068 0.603855
vn 0.030196 0.838131 -0.544633
vn 0.029099 0.839129 -0.543153
vn -0.077739 -0.793234 0.603934
vn 0.045614 0.837887 -0.543935
vn 0.045175 0.838514 -0.543004
vn -0.075805 -0.793357 0.604019
vn 0.059067 0.837039 -0.543945
vn 0.058753 0.837920 -0.542621
vn -0.074039 -0.793453 0.604111
vn 0.071260 0.836158 -0.543841
vn 0.071210 0.837338 -0.542028
vn -0.072273 -0.793535 0.604218
vn 0.083153 0.835278 -0.543504
vn 0.083552 0.836731 -0.541203
vn -0.070385 -0.793598 0.604358
vn 0.096106 0.834953 -0.541864
vn 0.096777 0.836039 -0.540067
vn -0.068190 -0.793646 0.604546
vn 0.111559 0.834618 -0.539414
vn 0.112190 0.835161 -0.538442
vn -0.065386 -0.793683 0.604807
vn 0.130000 0.832880 -0.537970
vn 0.131864 0.833874 -0.535972
vn -0.061843 -0.793758 0.605082
vn 0.156917 0.830610 -0.534288
vn 0.156087 0.831651 -0.532910
vn -0.060740 -0.793773 0.605173
vn 0.987919 0.023344 0.153203
vn 0.988145 0.022726 0.151829
vn 0.164557 0.829956 -0.533005
vn 0.163652 0.830819 -0.531938
vn 0.960669 -0.162254 -0.225363
vn 0.918205 -0.250250 -0.307042
vn 0.965359 -0.150941 -0.212835
vn 0.991048 -0.091567 -0.097152
vn 0.992360 -0.084278 -0.090110
vn 0.999119 0.001025 0.041951
vn 0.999173 0.002868 0.040564
vn 0.979669 0.108210 0.168935
vn 0.981659 0.103515 0.160096
vn 0.939446 0.210208 0.270655
vn 0.945273 0.201434 0.256678
vn 0.889057 0.263841 0.374121
vn -0.951410 0.275234 0.138075
vn -0.911342 0.331331 0.244287
vn -0.955618 0.267061 0.124392
vn -0.983457 0.178476 0.030957
vn -0.984486 0.174002 0.022587
vn -0.992439 0.073958 -0.097953
vn -0.992222 0.075408 -0.099045
vn -0.972159 -0.019987 -0.233469
vn -0.973815 -0.013231 -0.226958
vn -0.930384 -0.094330 -0.354241
vn -0.935650 -0.083542 -0.342899
vn -0.882467 -0.180040 -0.434554
vn -0.924151 -0.160369 -0.346736
vn -0.907550 -0.048969 -0.417080
vn -0.880185 -0.145671 -0.451724
vn -0.909781 -0.047001 -0.412420
vn -0.883312 -0.147625 -0.444935
vn -0.911262 -0.043751 -0.409497
vn -0.886157 -0.147139 -0.439405
vn -0.888941 -0.218568 -0.402507
vn -0.888801 -0.218736 -0.402724
vn -0.888852 -0.218673 -0.402648
vn -0.974463 -0.054666 -0.217794
vn -0.946508 0.080570 -0.312460
vn -0.946443 0.080648 -0.312637
vn -0.946500 0.081562 -0.312227
vn -0.995525 0.050069 -0.080146
vn -0.967820 0.179672 -0.176188
vn -0.967837 0.179636 -0.176132
vn -0.967756 0.179762 -0.176447
vn -0.986335 0.153571 0.059658
vn -0.957936 0.283836 -0.042375
vn -0.957997 0.283660 -0.042172
vn -0.958191 0.282931 -0.042661
vn -0.947517 0.249719 0.199628
vn -0.930116 0.349575 0.112610
vn -0.932034 0.345302 0.109908
vn -0.933423 0.342604 0.106509
vn -0.908719 0.356635 0.216889
vn -0.911523 0.349828 0.216211
vn -0.914223 0.343140 0.215526
vn -0.917636 0.288598 0.273230
vn -0.917762 0.288391 0.273029
vn -0.917896 0.288253 0.272722
vn -0.879154 0.296899 0.372747
vn -0.954895 0.055793 0.291654
vn -0.956602 0.050611 0.286970
vn -0.933912 0.155075 0.322119
vn -0.957876 0.053651 0.282127
vn -0.935783 0.163958 0.312134
vn -0.959338 0.048775 0.278015
vn -0.937381 0.171249 0.303300
vn -0.984267 -0.063173 0.165007
vn -0.983966 -0.062996 0.166861
vn -0.983919 -0.061901 0.167549
vn -0.983968 -0.060659 0.167711
vn -0.992221 -0.116252 0.044541
vn -0.992151 -0.116636 0.045087
vn -0.992195 -0.116330 0.044905
vn -0.992344 -0.115284 0.044302
vn -0.975506 -0.216385 -0.039566
vn -0.975100 -0.218184 -0.039698
vn -0.974965 -0.218594 -0.040749
vn -0.975067 -0.217863 -0.042187
vn -0.934312 -0.303095 -0.187602
vn -0.936570 -0.300230 -0.180826
vn -0.938065 -0.294920 -0.181815
vn -0.939911 -0.292317 -0.176405
vn -0.844332 -0.309587 -0.437331
vn -0.907696 -0.303401 -0.289890
vn -0.909773 -0.291468 -0.295565
vn -0.911755 -0.281702 -0.298908
vn 0.925706 0.177170 0.334184
vn 0.929320 0.271917 0.249849
vn 0.893150 0.285294 0.347692
vn 0.931261 0.267499 0.247382
vn 0.895417 0.277383 0.348263
vn 0.933088 0.264856 0.243307
vn 0.897848 0.271774 0.346422
vn 0.888818 0.218638 0.402741
vn 0.888897 0.218548 0.402615
vn 0.889037 0.218344 0.402416
vn 0.976595 0.077513 0.200632
vn 0.974430 0.199692 0.103005
vn 0.974445 0.199438 0.103353
vn 0.974747 0.198185 0.102910
vn 0.997643 -0.027158 0.063011
vn 0.995202 0.093814 -0.027787
vn 0.995226 0.093558 -0.027779
vn 0.995252 0.093359 -0.027538
vn 0.988455 -0.130639 -0.076749
vn 0.986038 -0.003360 -0.166487
vn 0.985976 -0.003220 -0.166858
vn 0.986145 -0.002529 -0.165868
vn 0.949088 -0.232794 -0.212223
vn 0.951971 -0.125849 -0.279129
vn 0.953594 -0.124086 -0.274338
vn 0.955105 -0.121057 -0.270405
vn 0.921836 -0.217959 -0.320487
vn 0.923729 -0.218780 -0.314419
vn 0.925848 -0.220490 -0.306904
vn 0.917911 -0.288291 -0.272630
vn 0.917702 -0.288511 -0.273102
vn 0.917999 -0.288296 -0.272330
vn 0.869972 -0.376796 -0.318078
vn 0.922184 -0.384266 -0.043781
vn 0.923294 -0.382363 -0.036421
vn 0.913237 -0.377318 -0.153718
vn 0.925153 -0.377797 -0.036904
vn 0.916873 -0.366326 -0.158585
vn 0.926156 -0.375850 -0.031183
vn 0.920228 -0.356037 -0.162536
vn 0.945655 -0.304778 0.113345
vn 0.945077 -0.306576 0.113317
vn 0.944786 -0.307700 0.112693
vn 0.944898 -0.307754 0.111601
vn 0.958805 -0.206106 0.195482
vn 0.958705 -0.206328 0.195739
vn 0.958618 -0.206547 0.195935
vn 0.958646 -0.206486 0.195861
vn 0.936511 -0.157230 0.313411
vn 0.936305 -0.156394 0.314441
vn 0.936052 -0.155663 0.315558
vn 0.935809 -0.155780 0.316219
vn 0.901146 -0.031008 0.432406
vn 0.903131 -0.035041 0.427932
vn 0.905535 -0.032379 0.423035
vn 0.906667 -0.038306 0.420104
vn 0.835181 0.232167 0.498569
vn 0.886934 0.076904 0.455449
vn 0.891078 0.087917 0.445254
vn 0.894641 0.094049 0.436774
vn -0.051824 -0.791497 0.608972
vn -0.046926 -0.791786 0.608994
vn -0.046951 -0.791784 0.608994
vn -0.051824 -0.791497 0.608972
vn 0.448415 -0.546155 -0.707558
vn 0.444693 -0.547064 -0.709203
vn 0.444693 -0.547064 -0.709203
vn 0.448399 -0.546159 -0.707566
vn -0.040050 -0.794533 0.605899
vn -0.040049 -0.794534 0.605898
vn -0.037084 -0.800058 0.598776
vn -0.037084 -0.800058 0.598775
vn -0.039427 -0.805450 0.591351
vn -0.039426 -0.805449 0.591352
vn -0.045924 -0.807919 0.587501
vn -0.045948 -0.807920 0.587498
vn -0.050782 -0.808020 0.586962
vn -0.050782 -0.808020 0.586962
vn 0.382566 0.545101 0.745995
vn 0.386405 0.543767 0.744989
vn 0.386387 0.543773 0.744994
vn 0.382566 0.545101 0.745995
vn 0.218015 0.901774 -0.373194
vn 0.191867 0.880379 -0.433727
vn 0.191901 0.880409 -0.433651
vn 0.218015 0.901774 -0.373194
vn 0.147585 0.845519 -0.513143
vn 0.147545 0.845493 -0.513198
vn 0.128474 0.795836 -0.591725
vn 0.128474 0.795832 -0.591732
vn 0.153934 0.735153 -0.660192
vn 0.153900 0.735187 -0.660163
vn 0.203890 0.670580 -0.713268
vn 0.203923 0.670528 -0.713308
vn 0.234122 0.619639 -0.749156
vn 0.234122 0.619639 -0.749156
vn -0.093923 -0.807211 0.582743
vn -0.098242 -0.806901 0.582460
vn -0.098222 -0.806902 0.582461
vn -0.093923 -0.807211 0.582743
vn -0.446827 0.571782 0.688048
vn -0.442342 0.572783 0.690111
vn -0.442342 0.572783 0.690111
vn -0.446808 0.571787 0.688057
vn -0.104476 -0.803691 0.585803
vn -0.104477 -0.803690 0.585805
vn -0.107350 -0.797408 0.593815
vn -0.107350 -0.797407 0.593817
vn -0.105247 -0.791371 0.602209
vn -0.105248 -0.791372 0.602207
vn -0.099357 -0.788822 0.606538
vn -0.099337 -0.788823 0.606540
vn -0.095032 -0.789011 0.606985
vn -0.095032 -0.789011 0.606985
vn -0.380104 -0.519850 -0.765034
vn -0.384716 -0.517901 -0.764050
vn -0.384696 -0.517910 -0.764054
vn -0.380104 -0.519850 -0.765034
vn -0.084988 0.632026 -0.770273
vn -0.056454 0.680432 -0.730634
vn -0.056488 0.680377 -0.730682
vn -0.084988 0.632026 -0.770273
vn -0.008617 0.741036 -0.671411
vn -0.008574 0.741074 -0.671368
vn 0.012693 0.800038 -0.599815
vn 0.012694 0.800033 -0.599821
vn -0.014812 0.851279 -0.524504
vn -0.014774 0.851256 -0.524542
vn -0.068273 0.889138 -0.452518
vn -0.068311 0.889168 -0.452454
vn -0.100951 0.912425 -0.396597
vn -0.100951 0.912425 -0.396597
vn 0.988142 0.022712 0.151854
vn 0.987919 0.023345 0.153203
vn -0.063905 -0.793706 0.604936
vn -0.060728 -0.793783 0.605162
vn -0.060902 -0.793359 0.605700
vn -0.062045 -0.792341 0.606915
vn -0.066717 -0.793663 0.604689
vn -0.065742 -0.792637 0.606139
vn -0.068955 -0.793627 0.604485
vn -0.068446 -0.792984 0.605385
vn -0.070808 -0.793579 0.604334
vn -0.070416 -0.792776 0.605432
vn -0.072456 -0.793520 0.604215
vn -0.072246 -0.792682 0.605340
vn -0.074020 -0.793454 0.604113
vn -0.073912 -0.793342 0.604273
vn -0.075582 -0.793373 0.604025
vn -0.075420 -0.793876 0.603384
vn -0.077253 -0.793268 0.603951
vn -0.077264 -0.793402 0.603775
vn -0.079170 -0.793133 0.603881
vn -0.079532 -0.792839 0.604219
vn -0.081500 -0.792951 0.603810
vn -0.081243 -0.793345 0.603328
vn -0.084547 -0.792685 0.603741
vn -0.082605 -0.793975 0.602313
vn -0.087970 -0.792436 0.603578
vn -0.085996 -0.793028 0.603084
vn -0.992481 0.117380 0.034690
vn -0.992445 0.117664 0.034753
vn -0.992382 0.116870 0.038973
vn -0.992422 0.117652 0.035452
vn -0.002678 0.839889 -0.542751
vn -0.026634 0.839691 -0.542411
vn -0.021746 0.840003 -0.542145
vn -0.001223 0.840002 -0.542581
vn 0.018564 0.839468 -0.543092
vn 0.018658 0.839487 -0.543059
vn 0.035100 0.838915 -0.543130
vn 0.035338 0.838998 -0.542985
vn 0.048545 0.838373 -0.542931
vn 0.048826 0.837991 -0.543496
vn 0.060330 0.837848 -0.542560
vn 0.060568 0.837177 -0.543568
vn 0.071337 0.837333 -0.542020
vn 0.071391 0.836694 -0.542997
vn 0.082263 0.836800 -0.541294
vn 0.082319 0.836619 -0.541565
vn 0.093799 0.836205 -0.540336
vn 0.094093 0.836636 -0.539618
vn 0.106791 0.835480 -0.539045
vn 0.106995 0.835599 -0.538819
vn 0.122504 0.834512 -0.537198
vn 0.122155 0.833813 -0.538362
vn 0.142131 0.833044 -0.534637
vn 0.141351 0.833318 -0.534417
vn 0.163631 0.830837 -0.531916
vn 0.160062 0.831853 -0.531414
vn 0.614477 0.434731 0.658351
vn 0.468737 0.500214 0.728060
vn 0.308753 0.550500 0.775643
vn 0.139402 0.584056 0.799653
vn -0.034181 0.599869 0.799368
vn -0.206739 0.597445 0.774802
vn -0.373017 0.576853 0.726704
vn -0.527959 0.538740 0.656520
vn -0.666839 0.484300 0.566374
vn -0.785497 0.415100 0.459005
vn -0.840844 0.371440 0.393717
vn -0.917622 0.288598 0.273279
vn -0.917769 0.288399 0.272994
vn -0.917903 0.288236 0.272716
vn 0.386944 0.543616 0.744820
vn 0.386951 0.543617 0.744815
vn -0.922918 0.265671 0.278641
vn -0.956332 0.204283 0.209041
vn -0.990010 0.109746 0.088524
vn -0.998754 0.008606 -0.049166
vn -0.978357 -0.094746 -0.183957
vn -0.934302 -0.182433 -0.306263
vn -0.894622 -0.230588 -0.382728
vn 0.448948 -0.545935 -0.707390
vn 0.448954 -0.545927 -0.707393
vn -0.888786 -0.218699 -0.402777
vn -0.888838 -0.218621 -0.402706
vn -0.888908 -0.218555 -0.402586
vn -0.802122 -0.307971 -0.511619
vn -0.741522 -0.356149 -0.568597
vn -0.614468 -0.434838 -0.658289
vn -0.468761 -0.500269 -0.728007
vn -0.308772 -0.550551 -0.775599
vn -0.139400 -0.584082 -0.799635
vn 0.034173 -0.599864 -0.799372
vn 0.206712 -0.597463 -0.774796
vn 0.373014 -0.576886 -0.726680
vn 0.527959 -0.538773 -0.656493
vn 0.666857 -0.484306 -0.566347
vn 0.785473 -0.415105 -0.459043
vn 0.840885 -0.371384 -0.393682
vn 0.917879 -0.288302 -0.272728
vn 0.917747 -0.288509 -0.272953
vn 0.918012 -0.288319 -0.272263
vn -0.385368 -0.517668 -0.763879
vn -0.385378 -0.517668 -0.763874
vn 0.919821 -0.300129 -0.252690
vn 0.952505 -0.252688 -0.169953
vn 0.984877 -0.167639 -0.043749
vn 0.993561 -0.066053 0.092053
vn 0.973304 0.035323 0.226786
vn 0.930628 0.131272 0.341612
vn 0.891577 0.196056 0.408230
vn -0.447455 0.571641 0.687758
vn -0.447463 0.571640 0.687754
vn 0.888927 0.218495 0.402578
vn 0.889052 0.218300 0.402406
vn 0.888823 0.218676 0.402710
vn 0.802157 0.307881 0.511619
vn 0.741530 0.356049 0.568649
vn 0.741242 0.353353 0.570703
vn 0.613978 0.431159 0.661160
vn 0.468572 0.497264 0.730184
vn 0.308902 0.548291 0.777147
vn 0.139460 0.583888 0.799766
vn -0.034426 0.601640 0.798025
vn -0.206476 0.598866 0.773775
vn -0.373085 0.578246 0.725561
vn -0.527942 0.538521 0.656713
vn -0.667421 0.482060 0.567599
vn -0.785893 0.413337 0.459919
vn 0.390963 0.544115 0.742352
vn 0.390963 0.544115 0.742352
vn 0.453347 -0.540257 -0.708942
vn 0.453347 -0.540257 -0.708942
vn -0.741881 -0.357290 -0.567412
vn -0.614718 -0.435908 -0.657348
vn -0.468613 -0.500548 -0.727910
vn -0.308539 -0.551382 -0.775101
vn -0.139359 -0.583797 -0.799850
vn 0.034450 -0.600120 -0.799168
vn 0.206556 -0.599719 -0.773093
vn 0.372927 -0.578012 -0.725829
vn 0.528209 -0.537713 -0.657161
vn 0.666904 -0.483871 -0.566664
vn 0.785294 -0.415528 -0.458966
vn -0.390453 -0.517739 -0.761244
vn -0.390453 -0.517739 -0.761244
vn -0.452056 0.570619 0.685594
vn -0.452056 0.570619 0.685594
vn 0.987912 0.023363 0.153246
vn 0.987912 0.023364 0.153244
vn 0.774864 0.330684 0.538733
vn 0.717062 0.373266 0.588638
vn 0.614508 0.434728 0.658324
vn 0.468708 0.500155 0.728119
vn 0.308740 0.550347 0.775757
vn 0.139408 0.583963 0.799720
vn -0.034199 0.599919 0.799330
vn -0.206741 0.597555 0.774717
vn -0.372999 0.576898 0.726678
vn -0.527959 0.538721 0.656536
vn -0.666855 0.484322 0.566337
vn -0.762878 0.430533 0.482346
vn -0.810549 0.396537 0.431009
vn -0.992482 0.117372 0.034688
vn -0.992423 0.117676 0.035346
vn -0.992482 0.117371 0.034684
s 1
g DHONI_MOTION_POSTER_2:Gopiknath_20210802_1927:Gopiknath_20210801_1428:Gopiknath_20210731_0019:group4 DHONI_MOTION_POSTER_2:Gopiknath_20210802_1927:Gopiknath_20210801_1428:Gopiknath_20210731_0019:group3 DHONI_MOTION_POSTER_2:Gopiknath_20210802_1927:Gopiknath_20210801_1428:Gopiknath_20210731_0019:helmet DHONI_MOTION_POSTER_2:Gopiknath_20210802_1927:Gopiknath_20210801_1428:Gopiknath_20210731_0019:group7 DHONI_MOTION_POSTER_2:Gopiknath_20210802_1927:Gopiknath_20210801_1428:Gopiknath_20210731_0019:helemt DHONI_MOTION_POSTER_2:Gopiknath_20210802_1927:Gopiknath_20210801_1428:Gopiknath_20210731_0019:HELMET5 HELMETS DHONI_MOTION_POSTER_2:Gopiknath_20210802_1927:Gopiknath_20210801_1428:Gopiknath_20210731_0019:pCylinder55
usemtl DHONI_MOTION_POSTER_2:Gopiknath_20210802_1927:Gopiknath_20210801_1428:Gopiknath_20210731_0019:aiStandardSurface19SG
f 924/1184/674 925/1185/675 1007/1186/676 1008/1187/677
f 925/1185/675 928/1188/678 1006/1189/679 1007/1186/676
f 928/1188/678 930/1192/680 1005/1193/681 1006/1189/679
f 930/1192/680 932/1197/682 1004/1198/683 1005/1193/681
f 932/1197/682 934/1202/684 1003/1203/685 1004/1198/683
f 934/1202/684 936/1207/686 1002/1208/687 1003/1203/685
s 2
f 784/716/688 785/708/689 997/709/690 998/717/691
f 785/708/689 786/700/692 996/701/693 997/709/690
f 786/700/692 787/692/694 995/695/695 996/701/693
f 787/692/694 788/693/696 994/694/697 995/695/695
f 788/693/696 789/696/698 993/697/699 994/694/697
f 789/696/698 790/702/700 992/703/701 993/697/699
f 790/702/700 791/710/702 991/711/703 992/703/701
f 791/710/702 792/718/704 990/719/705 991/711/703
f 792/718/704 793/724/706 989/725/707 990/719/705
f 793/724/706 794/729/708 988/730/709 989/725/707
f 794/729/708 795/733/710 1039/734/711 988/730/709
f 795/733/710 796/737/712 1038/738/713 1039/734/711
s 3
f 943/1217/714 944/1218/715 1033/1219/716 1034/1220/717
f 944/1218/715 947/1221/718 1032/1222/719 1033/1219/716
f 947/1221/718 949/1225/720 1031/1226/721 1032/1222/719
f 949/1225/720 951/1230/722 1030/1231/723 1031/1226/721
f 951/1230/722 953/1235/724 1029/1236/725 1030/1231/723
f 953/1235/724 955/1240/726 1028/1241/727 1029/1236/725
s 2
f 802/778/728 803/766/729 1023/767/730 1024/779/731
f 803/766/729 804/754/732 1022/755/733 1023/767/730
f 804/754/732 805/744/734 1021/747/735 1022/755/733
f 805/744/734 806/745/736 1020/746/737 1021/747/735
f 806/745/736 807/750/738 1019/751/739 1020/746/737
f 807/750/738 808/760/740 1018/761/741 1019/751/739
f 808/760/740 809/772/742 1017/773/743 1018/761/741
f 809/772/742 810/784/744 1016/785/745 1017/773/743
f 810/784/744 811/793/746 1015/794/747 1016/785/745
f 811/793/746 812/800/748 1014/801/749 1015/794/747
f 812/800/748 813/806/750 1013/807/751 1014/801/749
f 813/806/750 778/812/752 1012/813/753 1013/807/751
s 5
f 634/893/754 669/894/755 706/895/756 707/896/757
f 669/894/755 668/897/758 708/898/759 706/895/756
f 668/897/758 667/901/760 709/902/761 708/898/759
f 667/901/760 666/905/762 710/906/763 709/902/761
f 666/905/762 665/909/764 711/910/765 710/906/763
f 665/909/764 664/913/766 712/914/767 711/910/765
f 664/913/766 663/917/768 713/918/769 712/914/767
f 663/917/768 662/921/770 714/922/771 713/918/769
f 662/921/770 661/925/772 715/926/773 714/922/771
f 661/925/772 660/931/774 716/932/775 715/926/773
f 660/931/774 659/938/776 717/939/777 716/932/775
f 659/938/776 658/946/778 718/947/779 717/939/777
f 658/946/778 657/953/780 719/954/781 718/947/779
f 657/953/780 656/960/782 720/961/783 719/954/781
f 656/960/782 655/967/784 721/968/785 720/961/783
f 655/967/784 654/974/786 722/975/787 721/968/785
f 654/974/786 653/981/788 723/982/789 722/975/787
f 653/981/788 652/988/790 724/989/791 723/982/789
f 652/988/790 651/993/792 725/994/793 724/989/791
f 651/993/792 650/986/794 726/987/795 725/994/793
f 650/986/794 649/979/796 727/980/797 726/987/795
f 649/979/796 648/972/798 728/973/799 727/980/797
f 648/972/798 647/965/800 729/966/801 728/973/799
f 647/965/800 646/958/802 730/959/803 729/966/801
f 646/958/802 645/951/804 731/952/805 730/959/803
f 645/951/804 644/944/806 732/945/807 731/952/805
f 644/944/806 643/936/808 733/937/809 732/945/807
f 643/936/808 642/929/810 734/930/811 733/937/809
f 642/929/810 641/923/812 735/924/813 734/930/811
f 641/923/812 640/919/814 736/920/815 735/924/813
f 640/919/814 639/915/816 737/916/817 736/920/815
f 639/915/816 638/911/818 738/912/819 737/916/817
f 638/911/818 637/907/820 739/908/821 738/912/819
f 637/907/820 636/903/822 740/904/823 739/908/821
f 636/903/822 635/899/824 741/900/825 740/904/823
f 635/899/824 634/893/754 707/896/757 741/900/825
s 6
f 670/1004/826 671/1005/827 743/1006/828 742/1007/829
f 671/1005/827 672/1008/830 744/1009/831 743/1006/828
f 672/1008/830 673/1012/832 745/1013/833 744/1009/831
f 673/1012/832 674/1016/834 746/1017/835 745/1013/833
f 674/1016/834 675/1020/836 747/1021/837 746/1017/835
f 675/1020/836 676/1024/838 748/1025/839 747/1021/837
f 676/1024/838 677/1028/840 749/1029/841 748/1025/839
f 677/1028/840 678/1032/842 750/1033/843 749/1029/841
f 678/1032/842 679/1036/844 751/1037/845 750/1033/843
f 679/1036/844 680/1040/846 752/1041/847 751/1037/845
f 680/1040/846 681/1044/848 753/1045/849 752/1041/847
f 681/1044/848 682/1048/850 754/1049/851 753/1045/849
f 682/1048/850 683/1052/852 755/1053/853 754/1049/851
f 683/1052/852 684/1056/854 756/1057/855 755/1053/853
f 684/1056/854 685/1060/856 757/1061/857 756/1057/855
f 685/1060/856 686/1064/858 758/1065/859 757/1061/857
f 686/1064/858 687/1068/860 759/1069/861 758/1065/859
f 687/1068/860 688/1072/862 760/1073/863 759/1069/861
f 688/1072/862 689/1074/864 761/1075/865 760/1073/863
f 689/1074/864 690/1070/866 762/1071/867 761/1075/865
f 690/1070/866 691/1066/868 763/1067/869 762/1071/867
f 691/1066/868 692/1062/870 764/1063/871 763/1067/869
f 692/1062/870 693/1058/872 765/1059/873 764/1063/871
f 693/1058/872 694/1054/874 766/1055/875 765/1059/873
f 694/1054/874 695/1050/876 767/1051/877 766/1055/875
f 695/1050/876 696/1046/878 768/1047/879 767/1051/877
f 696/1046/878 697/1042/880 769/1043/881 768/1047/879
f 697/1042/880 698/1038/882 770/1039/883 769/1043/881
f 698/1038/882 699/1034/884 771/1035/885 770/1039/883
f 699/1034/884 700/1030/886 772/1031/887 771/1035/885
f 700/1030/886 701/1026/888 773/1027/889 772/1031/887
f 701/1026/888 702/1022/890 774/1023/891 773/1027/889
f 702/1022/890 703/1018/892 775/1019/893 774/1023/891
f 703/1018/892 704/1014/894 776/1015/895 775/1019/893
f 704/1014/894 705/1010/896 777/1011/897 776/1015/895
f 705/1010/896 670/1004/826 742/1007/829 777/1011/897
s 2
f 634/1250/898 635/1251/899 1145/1252/900 1146/1253/901
f 635/1251/899 636/1254/902 1144/1255/903 1145/1252/900
f 636/1254/902 637/1258/904 1143/1259/905 1144/1255/903
f 637/1258/904 638/1263/906 1142/1264/907 1143/1259/905
f 638/1263/906 639/1271/908 1141/1272/909 1142/1264/907
f 639/1271/908 640/1281/910 1140/1282/911 1141/1272/909
f 814/842/912 815/836/913 1136/837/914 1137/843/915
f 815/836/913 818/830/916 1135/831/917 1136/837/914
f 818/830/916 820/822/918 1134/825/919 1135/831/917
f 820/822/918 822/823/920 1133/824/921 1134/825/919
f 822/823/920 824/826/922 1132/827/923 1133/824/921
f 824/826/922 826/832/924 1131/833/925 1132/827/923
f 826/832/924 828/838/926 1130/839/927 1131/833/925
f 828/838/926 830/844/928 1129/845/929 1130/839/927
f 830/844/928 832/848/930 1128/849/931 1129/845/929
f 832/848/930 834/851/932 1127/852/933 1128/849/931
f 834/851/932 836/854/934 1126/855/935 1127/852/933
f 836/854/934 838/857/936 1125/858/937 1126/855/935
f 652/1345/938 653/1346/939 1121/1347/940 1122/1348/941
f 653/1346/939 654/1349/942 1120/1350/943 1121/1347/940
f 654/1349/942 655/1355/944 1119/1356/945 1120/1350/943
f 655/1355/944 656/1363/946 1118/1364/947 1119/1356/945
f 656/1363/946 657/1374/948 1159/1375/949 1118/1364/947
f 657/1374/948 658/1385/950 1158/1386/951 1159/1375/949
f 658/791/950 659/781/952 1157/771/953 1158/783/951
f 659/781/952 660/769/954 1156/759/955 1157/771/953
f 660/769/954 661/756/956 1155/748/957 1156/759/955
f 661/756/956 662/757/958 1154/749/959 1155/748/957
f 662/757/958 663/768/960 1153/758/961 1154/749/959
f 663/768/960 664/780/962 1152/770/963 1153/758/961
f 664/780/962 665/790/964 1151/782/965 1152/770/963
f 665/790/964 666/798/966 1150/792/967 1151/782/965
f 666/798/966 667/804/968 1149/799/969 1150/792/967
f 667/804/968 668/810/970 1148/805/971 1149/799/969
f 668/810/970 669/816/972 1147/811/973 1148/805/971
f 669/816/972 634/820/898 1146/817/901 1147/811/973
s 5
f 640/919/814 641/923/812 1051/927/974 1052/928/975
s 10
f 785/1076/976 784/1077/977 1053/1078/978 1054/1079/979
s 2
f 1140/1282/911 640/1281/910 1052/1291/980 1139/1292/981
s 5
f 641/923/812 642/929/810 1050/933/982 1051/927/974
s 10
f 786/1082/983 785/1076/976 1054/1079/979 1055/1083/984
s 5
f 642/929/810 643/936/808 1049/940/985 1050/933/982
s 10
f 787/1087/986 786/1082/983 1055/1083/984 1056/1088/987
s 5
f 643/936/808 644/944/806 1048/948/988 1049/940/985
s 10
f 788/1091/989 787/1087/986 1056/1088/987 1057/1092/990
s 5
f 644/944/806 645/951/804 1047/955/991 1048/948/988
s 10
f 789/1095/992 788/1091/989 1057/1092/990 1058/1096/993
s 5
f 645/951/804 646/958/802 1046/962/994 1047/955/991
s 10
f 790/1099/995 789/1095/992 1058/1096/993 1059/1100/996
s 5
f 646/958/802 647/965/800 1045/969/997 1046/962/994
s 10
f 791/1103/998 790/1099/995 1059/1100/996 1060/1104/999
s 5
f 647/965/800 648/972/798 1044/976/1000 1045/969/997
s 10
f 792/1107/1001 791/1103/998 1060/1104/999 1061/1108/1002
s 5
f 648/972/798 649/979/796 1043/983/1003 1044/976/1000
s 10
f 793/1111/1004 792/1107/1001 1061/1108/1002 1062/1112/1005
s 5
f 649/979/796 650/986/794 1042/990/1006 1043/983/1003
s 10
f 794/1115/1007 793/1111/1004 1062/1112/1005 1063/1116/1008
s 5
f 650/986/794 651/993/792 1041/995/1009 1042/990/1006
s 10
f 795/1119/1010 794/1115/1007 1063/1116/1008 1064/1120/1011
s 5
f 651/993/792 652/988/790 1040/998/1012 1041/995/1009
s 2
f 652/1345/938 1122/1348/941 1123/1353/1013 1040/1354/1014
s 10
f 796/1123/1015 795/1119/1010 1064/1120/1011 1065/1124/1016
s 3
f 954/1246/1017 956/1248/1018 957/1249/1019
f 952/1243/1020 954/1246/1017 957/1249/1019 958/1247/1021
f 950/1238/1022 952/1243/1020 958/1247/1021 959/1244/1023
f 948/1233/1024 950/1238/1022 959/1244/1023 960/1239/1025
f 945/1228/1026 948/1233/1024 960/1239/1025 961/1234/1027
f 946/1229/1028 945/1228/1026 961/1234/1027
s 1
f 935/1213/1029 937/1215/1030 938/1216/1031
f 933/1210/1032 935/1213/1029 938/1216/1031 939/1214/1033
f 931/1205/1034 933/1210/1032 939/1214/1033 940/1211/1035
f 929/1200/1036 931/1205/1034 940/1211/1035 941/1206/1037
f 926/1195/1038 929/1200/1036 941/1206/1037 942/1201/1039
f 927/1196/1040 926/1195/1038 942/1201/1039
s 2
f 778/1257/752 779/1256/1041 843/1261/1042 840/1262/1043
f 840/1262/1043 843/1261/1042 844/1267/1044 841/1268/1045
f 841/1268/1045 844/1267/1044 845/1276/1046 842/1277/1047
f 1012/1269/753 778/1257/752 840/1262/1043 1011/1270/1048
f 1011/1270/1048 840/1262/1043 841/1268/1045 1010/1278/1049
f 1010/1278/1049 841/1268/1045 842/1277/1047 1009/1287/1050
f 779/1256/1041 780/1260/1051 849/1266/1052 843/1261/1042
f 843/1261/1042 849/1266/1052 850/1275/1053 844/1267/1044
f 844/1267/1044 850/1275/1053 851/1286/1054 845/1276/1046
f 780/1260/1051 781/1265/1055 852/1274/1056 849/1266/1052
f 849/1266/1052 852/1274/1056 853/1285/1057 850/1275/1053
f 850/1275/1053 853/1285/1057 854/1296/1058 851/1286/1054
f 781/1265/1055 782/1273/1059 855/1284/1060 852/1274/1056
f 852/1274/1056 855/1284/1060 856/1295/1061 853/1285/1057
f 853/1285/1057 856/1295/1061 857/1306/1062 854/1296/1058
f 782/1273/1059 783/1283/1063 858/1294/1064 855/1284/1060
f 855/1284/1060 858/1294/1064 859/1305/1065 856/1295/1061
f 856/1295/1061 859/1305/1065 860/1317/1066 857/1306/1062
f 783/1283/1063 784/1293/688 861/1304/1067 858/1294/1064
f 858/1294/1064 861/1304/1067 862/1316/1068 859/1305/1065
f 859/1305/1065 862/1316/1068 863/1326/1069 860/1317/1066
f 784/1293/688 998/1314/691 999/1315/1070 861/1304/1067
f 861/1304/1067 999/1315/1070 1000/1325/1071 862/1316/1068
f 862/1316/1068 1000/1325/1071 1001/1334/1072 863/1326/1069
f 676/1331/1073 675/1337/1074 867/1338/1075 864/1332/1076
f 864/1332/1076 867/1338/1075 868/1342/1077 865/1339/1078
f 865/1339/1078 868/1342/1077 869/1344/1079 866/1343/1080
f 675/1337/1074 674/1329/1081 870/1330/1082 867/1338/1075
f 867/1338/1075 870/1330/1082 871/1336/1083 868/1342/1077
f 868/1342/1077 871/1336/1083 872/1341/1084 869/1344/1079
f 674/1329/1081 673/1320/1085 873/1321/1086 870/1330/1082
f 870/1330/1082 873/1321/1086 874/1328/1087 871/1336/1083
f 871/1336/1083 874/1328/1087 875/1335/1088 872/1341/1084
f 673/1320/1085 672/1309/1089 876/1310/1090 873/1321/1086
f 873/1321/1086 876/1310/1090 877/1319/1091 874/1328/1087
f 874/1328/1087 877/1319/1091 878/1327/1092 875/1335/1088
f 672/1309/1089 671/1299/1093 879/1300/1094 876/1310/1090
f 876/1310/1090 879/1300/1094 880/1308/1095 877/1319/1091
f 877/1319/1091 880/1308/1095 881/1318/1096 878/1327/1092
f 671/1299/1093 670/1289/1097 846/1290/1098 879/1300/1094
f 879/1300/1094 846/1290/1098 847/1298/1099 880/1308/1095
f 880/1308/1095 847/1298/1099 848/1307/1100 881/1318/1096
f 796/1352/712 797/1351/1101 885/1358/1102 882/1359/1103
f 882/1359/1103 885/1358/1102 886/1367/1104 883/1368/1105
f 883/1368/1105 886/1367/1104 887/1379/1106 884/1380/1107
f 1038/1369/713 796/1352/712 882/1359/1103 1037/1370/1108
f 1037/1370/1108 882/1359/1103 883/1368/1105 1036/1381/1109
f 1036/1381/1109 883/1368/1105 884/1380/1107 1035/1391/1110
f 797/1351/1101 798/1357/1111 891/1366/1112 885/1358/1102
f 885/1358/1102 891/1366/1112 892/1378/1113 886/1367/1104
f 886/1367/1104 892/1378/1113 893/1390/1114 887/1379/1106
f 798/1357/1111 799/1365/1115 894/1377/1116 891/1366/1112
f 891/1366/1112 894/1377/1116 895/1389/1117 892/1378/1113
f 892/1378/1113 895/1389/1117 896/1398/1118 893/1390/1114
f 799/1365/1115 800/1376/1119 897/1388/1120 894/1377/1116
f 894/1377/1116 897/1388/1120 898/1397/1121 895/1389/1117
f 895/1389/1117 898/1397/1121 899/1405/1122 896/1398/1118
f 800/1376/1119 801/1387/1123 900/1396/1124 897/1388/1120
f 897/1388/1120 900/1396/1124 901/1404/1125 898/1397/1121
f 898/1397/1121 901/1404/1125 902/1413/1126 899/1405/1122
f 801/1387/1123 802/1395/728 903/1403/1127 900/1396/1124
f 900/1396/1124 903/1403/1127 904/1412/1128 901/1404/1125
f 901/1404/1125 904/1412/1128 905/1421/1129 902/1413/1126
f 802/1395/728 1024/1410/731 1025/1411/1130 903/1403/1127
f 903/1403/1127 1025/1411/1130 1026/1420/1131 904/1412/1128
f 904/1412/1128 1026/1420/1131 1027/1429/1132 905/1421/1129
f 694/1426/1133 693/1432/1134 909/1433/1135 906/1427/1136
f 906/1427/1136 909/1433/1135 910/1437/1137 907/1434/1138
f 907/1434/1138 910/1437/1137 911/1439/1139 908/1438/1140
f 693/1432/1134 692/1424/1141 912/1425/1142 909/1433/1135
f 909/1433/1135 912/1425/1142 913/1431/1143 910/1437/1137
f 910/1437/1137 913/1431/1143 914/1436/1144 911/1439/1139
f 692/1424/1141 691/1416/1145 915/1417/1146 912/1425/1142
f 912/1425/1142 915/1417/1146 916/1423/1147 913/1431/1143
f 913/1431/1143 916/1423/1147 917/1430/1148 914/1436/1144
f 691/1416/1145 690/1408/1149 918/1409/1150 915/1417/1146
f 915/1417/1146 918/1409/1150 919/1415/1151 916/1423/1147
f 916/1423/1147 919/1415/1151 920/1422/1152 917/1430/1148
f 690/1408/1149 689/1401/1153 921/1402/1154 918/1409/1150
f 918/1409/1150 921/1402/1154 922/1407/1155 919/1415/1151
f 919/1415/1151 922/1407/1155 923/1414/1156 920/1422/1152
f 689/1401/1153 688/1393/1157 888/1394/1158 921/1402/1154
f 921/1402/1154 888/1394/1158 889/1400/1159 922/1407/1155
f 922/1407/1155 889/1400/1159 890/1406/1160 923/1414/1156
s 15
f 842/1128/1161 845/1129/1162 925/1130/1163 924/1131/1164
s 16
f 1009/861/1165 842/862/1166 924/863/1167 1008/864/1168
s 15
f 845/1129/1162 851/1132/1169 928/1133/1170 925/1130/1163
f 851/1132/1169 854/1134/1171 930/1135/1172 928/1133/1170
f 854/1134/1171 857/1136/1173 932/1137/1174 930/1135/1172
f 857/1136/1173 860/1138/1175 934/1139/1176 932/1137/1174
f 860/1138/1175 863/1140/1177 936/1141/1178 934/1139/1176
s 17
f 863/869/1179 1001/870/1180 1002/871/1181 936/872/1182
s 18
f 866/1142/1183 869/1143/1184 938/1144/1185 937/1145/1186
f 869/1143/1184 872/1146/1187 939/1147/1188 938/1144/1185
f 872/1146/1187 875/1148/1189 940/1149/1190 939/1147/1188
f 875/1148/1189 878/1150/1191 941/1151/1192 940/1149/1190
f 878/1150/1191 881/1152/1193 942/1153/1194 941/1151/1192
f 881/1152/1193 848/1154/1195 927/1155/1196 942/1153/1194
s 19
f 884/1156/1197 887/1157/1198 944/1158/1199 943/1159/1200
s 20
f 1035/877/1201 884/878/1202 943/879/1203 1034/880/1204
s 19
f 887/1157/1198 893/1160/1205 947/1161/1206 944/1158/1199
f 893/1160/1205 896/1162/1207 949/1163/1208 947/1161/1206
f 896/1162/1207 899/1164/1209 951/1165/1210 949/1163/1208
f 899/1164/1209 902/1166/1211 953/1167/1212 951/1165/1210
f 902/1166/1211 905/1168/1213 955/1169/1214 953/1167/1212
s 21
f 905/885/1215 1027/886/1216 1028/887/1217 955/888/1218
s 22
f 908/1170/1219 911/1171/1220 957/1172/1221 956/1173/1222
f 911/1171/1220 914/1174/1223 958/1175/1224 957/1172/1221
f 914/1174/1223 917/1176/1225 959/1177/1226 958/1175/1224
f 917/1176/1225 920/1178/1227 960/1179/1228 959/1177/1226
f 920/1178/1227 923/1180/1229 961/1181/1230 960/1179/1228
f 923/1180/1229 890/1182/1231 946/1183/1232 961/1181/1230
s 2
f 963/1362/1233 1124/1361/1234 1125/1372/937 838/1373/936
s 5
f 964/999/1235 963/1001/1236 838/1003/1237 836/1002/1238
f 965/996/1239 964/999/1235 836/1002/1238 834/1000/1240
f 966/991/1241 965/996/1239 834/1000/1240 832/997/1242
f 967/984/1243 966/991/1241 832/997/1242 830/992/1244
f 968/977/1245 967/984/1243 830/992/1244 828/985/1246
f 969/970/1247 968/977/1245 828/985/1246 826/978/1248
f 970/963/1249 969/970/1247 826/978/1248 824/971/1250
f 971/956/1251 970/963/1249 824/971/1250 822/964/1252
f 972/949/1253 971/956/1251 822/964/1252 820/957/1254
f 973/941/1255 972/949/1253 820/957/1254 818/950/1256
f 974/934/1257 973/941/1255 818/950/1256 815/942/1258
f 975/935/1259 974/934/1257 815/942/1258 814/943/1260
s 2
f 1138/1302/1261 975/1301/1262 814/1311/1263 1137/1312/1264
s 10
f 977/1081/1265 976/1080/1266 817/1084/1267 816/1085/1268
f 978/1086/1269 977/1081/1265 816/1085/1268 819/1089/1270
f 979/1090/1271 978/1086/1269 819/1089/1270 821/1093/1272
f 980/1094/1273 979/1090/1271 821/1093/1272 823/1097/1274
f 981/1098/1275 980/1094/1273 823/1097/1274 825/1101/1276
f 982/1102/1277 981/1098/1275 825/1101/1276 827/1105/1278
f 983/1106/1279 982/1102/1277 827/1105/1278 829/1109/1280
f 984/1110/1281 983/1106/1279 829/1109/1280 831/1113/1282
f 985/1114/1283 984/1110/1281 831/1113/1282 833/1117/1284
f 986/1118/1285 985/1114/1283 833/1117/1284 835/1121/1286
f 987/1122/1287 986/1118/1285 835/1121/1286 837/1125/1288
f 962/1126/1289 987/1122/1287 837/1125/1288 839/1127/1290
s 2
f 989/725/707 988/730/709 1068/735/1291 1069/731/1292
f 990/719/705 989/725/707 1069/731/1292 1070/726/1293
f 991/711/703 990/719/705 1070/726/1293 1071/720/1294
f 992/703/701 991/711/703 1071/720/1294 1072/712/1295
f 993/697/699 992/703/701 1072/712/1295 1073/704/1296
f 994/694/697 993/697/699 1073/704/1296 1074/698/1297
f 995/695/695 994/694/697 1074/698/1297 1075/699/1298
f 996/701/693 995/695/695 1075/699/1298 1076/707/1299
f 997/709/690 996/701/693 1076/707/1299 1077/715/1300
f 998/717/691 997/709/690 1077/715/1300 1078/723/1301
f 999/1315/1070 998/1314/691 1078/1323/1301 1079/1324/1302
f 1000/1325/1071 999/1315/1070 1079/1324/1302 1080/1333/1303
f 1001/1334/1072 1000/1325/1071 1080/1333/1303 1081/1340/1304
s 17
f 1002/871/1181 1001/870/1180 1081/873/1305 1082/874/1306
s 1
f 1003/1203/685 1002/1208/687 1082/1212/1307 1083/1209/1308
f 1004/1198/683 1003/1203/685 1083/1209/1308 1084/1204/1309
f 1005/1193/681 1004/1198/683 1084/1204/1309 1085/1199/1310
f 1006/1189/679 1005/1193/681 1085/1199/1310 1086/1194/1311
f 1007/1186/676 1006/1189/679 1086/1194/1311 1087/1190/1312
f 1008/1187/677 1007/1186/676 1087/1190/1312 1088/1191/1313
s 16
f 1089/865/1314 1009/861/1165 1008/864/1168 1088/866/1315
s 2
f 1090/1288/1316 1010/1278/1049 1009/1287/1050 1089/1297/1317
f 1091/1280/1318 1011/1270/1048 1010/1278/1049 1090/1288/1316
f 1092/1279/1319 1012/1269/753 1011/1270/1048 1091/1280/1318
f 1013/807/751 1012/813/753 1092/818/1319 1093/814/1320
f 1014/801/749 1013/807/751 1093/814/1320 1094/808/1321
f 1015/794/747 1014/801/749 1094/808/1321 1095/802/1322
f 1016/785/745 1015/794/747 1095/802/1322 1096/795/1323
f 1017/773/743 1016/785/745 1096/795/1323 1097/786/1324
f 1018/761/741 1017/773/743 1097/786/1324 1098/774/1325
f 1019/751/739 1018/761/741 1098/774/1325 1099/762/1326
f 1020/746/737 1019/751/739 1099/762/1326 1100/752/1327
f 1021/747/735 1020/746/737 1100/752/1327 1101/753/1328
f 1022/755/733 1021/747/735 1101/753/1328 1102/765/1329
f 1023/767/730 1022/755/733 1102/765/1329 1103/777/1330
f 1024/779/731 1023/767/730 1103/777/1330 1104/789/1331
f 1025/1411/1130 1024/1410/731 1104/1418/1331 1105/1419/1332
f 1026/1420/1131 1025/1411/1130 1105/1419/1332 1106/1428/1333
f 1027/1429/1132 1026/1420/1131 1106/1428/1333 1107/1435/1334
s 21
f 1028/887/1217 1027/886/1216 1107/889/1335 1108/890/1336
s 3
f 1029/1236/725 1028/1241/727 1108/1245/1337 1109/1242/1338
f 1030/1231/723 1029/1236/725 1109/1242/1338 1110/1237/1339
f 1031/1226/721 1030/1231/723 1110/1237/1339 1111/1232/1340
f 1032/1222/719 1031/1226/721 1111/1232/1340 1112/1227/1341
f 1033/1219/716 1032/1222/719 1112/1227/1341 1113/1223/1342
f 1034/1220/717 1033/1219/716 1113/1223/1342 1114/1224/1343
s 20
f 1115/881/1344 1035/877/1201 1034/880/1204 1114/882/1345
s 2
f 1116/1392/1346 1036/1381/1109 1035/1391/1110 1115/1399/1347
f 1117/1382/1348 1037/1370/1108 1036/1381/1109 1116/1392/1346
f 1117/1382/1348 1066/1383/1349 1038/1369/713 1037/1370/1108
f 1039/734/711 1038/738/713 1066/741/1349 1067/739/1350
f 988/730/709 1039/734/711 1067/739/1350 1068/735/1291
s 5
f 1041/995/1009 1040/998/1012 963/1001/1236 964/999/1235
f 1042/990/1006 1041/995/1009 964/999/1235 965/996/1239
f 1043/983/1003 1042/990/1006 965/996/1239 966/991/1241
f 1044/976/1000 1043/983/1003 966/991/1241 967/984/1243
f 1045/969/997 1044/976/1000 967/984/1243 968/977/1245
f 1046/962/994 1045/969/997 968/977/1245 969/970/1247
f 1047/955/991 1046/962/994 969/970/1247 970/963/1249
f 1048/948/988 1047/955/991 970/963/1249 971/956/1251
f 1049/940/985 1048/948/988 971/956/1251 972/949/1253
f 1050/933/982 1049/940/985 972/949/1253 973/941/1255
f 1051/927/974 1050/933/982 973/941/1255 974/934/1257
f 1052/928/975 1051/927/974 974/934/1257 975/935/1259
s 2
f 1139/1292/981 1052/1291/980 975/1301/1262 1138/1302/1261
s 10
f 1054/1079/979 1053/1078/978 976/1080/1266 977/1081/1265
f 1055/1083/984 1054/1079/979 977/1081/1265 978/1086/1269
f 1056/1088/987 1055/1083/984 978/1086/1269 979/1090/1271
f 1057/1092/990 1056/1088/987 979/1090/1271 980/1094/1273
f 1058/1096/993 1057/1092/990 980/1094/1273 981/1098/1275
f 1059/1100/996 1058/1096/993 981/1098/1275 982/1102/1277
f 1060/1104/999 1059/1100/996 982/1102/1277 983/1106/1279
f 1061/1108/1002 1060/1104/999 983/1106/1279 984/1110/1281
f 1062/1112/1005 1061/1108/1002 984/1110/1281 985/1114/1283
f 1063/1116/1008 1062/1112/1005 985/1114/1283 986/1118/1285
f 1064/1120/1011 1063/1116/1008 986/1118/1285 987/1122/1287
f 1065/1124/1016 1064/1120/1011 987/1122/1287 962/1126/1289
s 2
f 1040/1354/1014 1123/1353/1013 1124/1361/1234 963/1362/1233
f 1067/739/1350 1066/741/1349 688/743/1157 687/742/1351
f 1068/735/1291 1067/739/1350 687/742/1351 686/740/1352
f 1069/731/1292 1068/735/1291 686/740/1352 685/736/1353
f 1070/726/1293 1069/731/1292 685/736/1353 684/732/1354
f 1071/720/1294 1070/726/1293 684/732/1354 683/727/1355
f 1072/712/1295 1071/720/1294 683/727/1355 682/721/1356
f 1073/704/1296 1072/712/1295 682/721/1356 681/713/1357
f 1074/698/1297 1073/704/1296 681/713/1357 680/705/1358
f 1075/699/1298 1074/698/1297 680/705/1358 679/706/1359
f 1076/707/1299 1075/699/1298 679/706/1359 678/714/1360
f 1077/715/1300 1076/707/1299 678/714/1360 677/722/1361
f 1078/723/1301 1077/715/1300 677/722/1361 676/728/1073
f 1079/1324/1302 1078/1323/1301 676/1331/1073 864/1332/1076
f 1080/1333/1303 1079/1324/1302 864/1332/1076 865/1339/1078
f 1081/1340/1304 1080/1333/1303 865/1339/1078 866/1343/1080
s 17
f 1082/874/1306 1081/873/1305 866/875/1362 937/876/1363
s 1
f 1083/1209/1308 1082/1212/1307 937/1215/1030 935/1213/1029
f 1084/1204/1309 1083/1209/1308 935/1213/1029 933/1210/1032
f 1085/1199/1310 1084/1204/1309 933/1210/1032 931/1205/1034
f 1086/1194/1311 1085/1199/1310 931/1205/1034 929/1200/1036
f 1087/1190/1312 1086/1194/1311 929/1200/1036 926/1195/1038
f 1088/1191/1313 1087/1190/1312 926/1195/1038 927/1196/1040
s 16
f 848/867/1364 1089/865/1314 1088/866/1315 927/868/1365
s 2
f 847/1298/1099 1090/1288/1316 1089/1297/1317 848/1307/1100
f 846/1290/1098 1091/1280/1318 1090/1288/1316 847/1298/1099
f 670/1289/1097 1092/1279/1319 1091/1280/1318 846/1290/1098
f 1093/814/1320 1092/818/1319 670/821/1097 705/819/1366
f 1094/808/1321 1093/814/1320 705/819/1366 704/815/1367
f 1095/802/1322 1094/808/1321 704/815/1367 703/809/1368
f 1096/795/1323 1095/802/1322 703/809/1368 702/803/1369
f 1097/786/1324 1096/795/1323 702/803/1369 701/796/1370
f 1098/774/1325 1097/786/1324 701/796/1370 700/787/1371
f 1099/762/1326 1098/774/1325 700/787/1371 699/775/1372
f 1100/752/1327 1099/762/1326 699/775/1372 698/763/1373
f 1101/753/1328 1100/752/1327 698/763/1373 697/764/1374
f 1102/765/1329 1101/753/1328 697/764/1374 696/776/1375
f 1103/777/1330 1102/765/1329 696/776/1375 695/788/1376
f 1104/789/1331 1103/777/1330 695/788/1376 694/797/1133
f 1105/1419/1332 1104/1418/1331 694/1426/1133 906/1427/1136
f 1106/1428/1333 1105/1419/1332 906/1427/1136 907/1434/1138
f 1107/1435/1334 1106/1428/1333 907/1434/1138 908/1438/1140
s 21
f 1108/890/1336 1107/889/1335 908/891/1377 956/892/1378
s 3
f 1109/1242/1338 1108/1245/1337 956/1248/1018 954/1246/1017
f 1110/1237/1339 1109/1242/1338 954/1246/1017 952/1243/1020
f 1111/1232/1340 1110/1237/1339 952/1243/1020 950/1238/1022
f 1112/1227/1341 1111/1232/1340 950/1238/1022 948/1233/1024
f 1113/1223/1342 1112/1227/1341 948/1233/1024 945/1228/1026
f 1114/1224/1343 1113/1223/1342 945/1228/1026 946/1229/1028
s 20
f 890/883/1379 1115/881/1344 1114/882/1345 946/884/1380
s 2
f 889/1400/1159 1116/1392/1346 1115/1399/1347 890/1406/1160
f 888/1394/1158 1117/1382/1348 1116/1392/1346 889/1400/1159
f 688/1393/1157 1066/1383/1349 1117/1382/1348 888/1394/1158
f 1119/1356/945 1118/1364/947 800/1376/1119 799/1365/1115
f 1120/1350/943 1119/1356/945 799/1365/1115 798/1357/1111
f 1121/1347/940 1120/1350/943 798/1357/1111 797/1351/1101
f 1122/1348/941 1121/1347/940 797/1351/1101 796/1352/712
f 1123/1353/1013 1122/1348/941 796/1352/712 1065/1360/1381
f 1124/1361/1234 1123/1353/1013 1065/1360/1381 962/1371/1382
f 1125/1372/937 1124/1361/1234 962/1371/1382 839/1384/1383
f 1126/855/935 1125/858/937 839/860/1383 837/859/1384
f 1127/852/933 1126/855/935 837/859/1384 835/856/1385
f 1128/849/931 1127/852/933 835/856/1385 833/853/1386
f 1129/845/929 1128/849/931 833/853/1386 831/850/1387
f 1130/839/927 1129/845/929 831/850/1387 829/846/1388
f 1131/833/925 1130/839/927 829/846/1388 827/840/1389
f 1132/827/923 1131/833/925 827/840/1389 825/834/1390
f 1133/824/921 1132/827/923 825/834/1390 823/828/1391
f 1134/825/919 1133/824/921 823/828/1391 821/829/1392
f 1135/831/917 1134/825/919 821/829/1392 819/835/1393
f 1136/837/914 1135/831/917 819/835/1393 816/841/1394
f 1137/843/915 1136/837/914 816/841/1394 817/847/1395
f 976/1313/1396 1138/1302/1261 1137/1312/1264 817/1322/1397
f 1053/1303/1398 1139/1292/981 1138/1302/1261 976/1313/1396
f 784/1293/688 1140/1282/911 1139/1292/981 1053/1303/1398
f 1141/1272/909 1140/1282/911 784/1293/688 783/1283/1063
f 1142/1264/907 1141/1272/909 783/1283/1063 782/1273/1059
f 1143/1259/905 1142/1264/907 782/1273/1059 781/1265/1055
f 1144/1255/903 1143/1259/905 781/1265/1055 780/1260/1051
f 1145/1252/900 1144/1255/903 780/1260/1051 779/1256/1041
f 1146/1253/901 1145/1252/900 779/1256/1041 778/1257/752
f 1147/811/973 1146/817/901 778/812/752 813/806/750
f 1148/805/971 1147/811/973 813/806/750 812/800/748
f 1149/799/969 1148/805/971 812/800/748 811/793/746
f 1150/792/967 1149/799/969 811/793/746 810/784/744
f 1151/782/965 1150/792/967 810/784/744 809/772/742
f 1152/770/963 1151/782/965 809/772/742 808/760/740
f 1153/758/961 1152/770/963 808/760/740 807/750/738
f 1154/749/959 1153/758/961 807/750/738 806/745/736
f 1155/748/957 1154/749/959 806/745/736 805/744/734
f 1156/759/955 1155/748/957 805/744/734 804/754/732
f 1157/771/953 1156/759/955 804/754/732 803/766/729
f 1158/783/951 1157/771/953 803/766/729 802/778/728
f 1159/1375/949 1158/1386/951 802/1395/728 801/1387/1123
f 1118/1364/947 1159/1375/949 801/1387/1123 800/1376/1119
g default
v 0.709147 0.419260 11.140061
v 0.735031 0.455885 11.192322
v 0.743129 0.488541 11.237071
v 0.745414 0.521611 11.281651
v 0.741799 0.555094 11.326060
v 0.724693 0.590021 11.370736
v 0.698735 0.627698 11.418000
v 0.713344 0.469356 11.117432
v 0.739490 0.504216 11.156246
v 0.748030 0.541681 11.197401
v 0.750724 0.579177 11.238675
v 0.746699 0.608235 11.286392
v 0.729150 0.638350 11.334656
v 0.702519 0.665019 11.378207
v 0.708924 0.469670 11.117306
v 0.735070 0.504529 11.156118
v 0.743609 0.541994 11.197274
v 0.746300 0.579491 11.238551
v 0.742279 0.608549 11.286268
v 0.725000 0.637680 11.333246
v 0.698304 0.664474 11.376955
v 0.704725 0.419573 11.139934
v 0.730611 0.456199 11.192197
v 0.738707 0.488853 11.236942
v 0.740992 0.521923 11.281523
v 0.737379 0.555409 11.325937
v 0.720541 0.589350 11.369323
v 0.694518 0.627154 11.416749
v 0.710427 0.422790 11.140945
v 0.734867 0.457828 11.190680
v 0.738950 0.502129 11.157607
v 0.714294 0.469300 11.120992
v 0.743220 0.490797 11.235458
v 0.747713 0.539509 11.199094
v 0.745509 0.523928 11.279921
v 0.750375 0.576700 11.240529
v 0.741732 0.557307 11.324371
v 0.746225 0.606018 11.288008
v 0.724714 0.591999 11.369162
v 0.728799 0.636301 11.336092
v 0.700027 0.628107 11.414704
v 0.703477 0.661844 11.377588
v 0.711080 0.423083 11.141420
v 0.711731 0.423379 11.141896
v 0.735518 0.458121 11.191153
v 0.736165 0.458416 11.191630
v 0.739603 0.502424 11.158084
v 0.740253 0.502718 11.158556
v 0.714948 0.469594 11.121468
v 0.715596 0.469889 11.121941
v 0.743872 0.491093 11.235931
v 0.744522 0.491385 11.236405
v 0.748363 0.539802 11.199567
v 0.749012 0.540098 11.200043
v 0.746158 0.524222 11.280396
v 0.746812 0.524517 11.280870
v 0.751025 0.576993 11.241002
v 0.751678 0.577288 11.241477
v 0.742385 0.557601 11.324845
v 0.743037 0.557896 11.325321
v 0.746877 0.606313 11.288484
v 0.747528 0.606607 11.288957
v 0.725368 0.592293 11.369638
v 0.726016 0.592588 11.370112
v 0.729455 0.636596 11.336566
v 0.730104 0.636889 11.337040
v 0.700678 0.628402 11.415180
v 0.701330 0.628696 11.415653
v 0.704131 0.662138 11.378061
v 0.704780 0.662434 11.378538
v 0.714540 0.453958 11.119455
v 0.713890 0.453662 11.118979
v 0.713238 0.453367 11.118504
v 0.712210 0.452601 11.115557
v 0.707789 0.452914 11.115433
v 0.734047 0.493438 11.164398
v 0.742482 0.529801 11.206377
v 0.745082 0.566282 11.248412
v 0.741155 0.596355 11.295371
v 0.723976 0.626590 11.341525
v 0.697516 0.658419 11.389460
v 0.701732 0.658966 11.390711
v 0.702767 0.656612 11.389477
v 0.703422 0.656906 11.389952
v 0.704072 0.657200 11.390427
v 0.729166 0.626724 11.344631
v 0.746496 0.595429 11.297301
v 0.750564 0.565178 11.250517
v 0.747978 0.528920 11.208387
v 0.738120 0.494750 11.163417
v 0.711166 0.440178 11.121255
v 0.706745 0.440490 11.121128
v 0.732936 0.481407 11.173378
v 0.741262 0.516573 11.216252
v 0.743761 0.551951 11.259109
v 0.739935 0.583127 11.305245
v 0.722866 0.614558 11.350505
v 0.696561 0.648776 11.398890
v 0.700780 0.649320 11.400140
v 0.701896 0.647860 11.398241
v 0.702550 0.648155 11.398715
v 0.703199 0.648449 11.399191
v 0.728146 0.615696 11.352863
v 0.745380 0.583304 11.306353
v 0.749351 0.552040 11.260322
v 0.746864 0.516794 11.217440
v 0.713579 0.442426 11.124484
v 0.712930 0.442131 11.124009
v 0.712276 0.441837 11.123534
v 0.710136 0.428234 11.127693
v 0.705716 0.428547 11.127567
v 0.731822 0.469323 11.182399
v 0.740038 0.503284 11.226170
v 0.742433 0.537555 11.269854
v 0.738708 0.569840 11.315166
v 0.721752 0.602474 11.359526
v 0.695601 0.638942 11.408168
v 0.699816 0.639488 11.409419
v 0.701018 0.638926 11.406850
v 0.701670 0.639219 11.407325
v 0.702321 0.639513 11.407800
v 0.727127 0.604618 11.361131
v 0.744255 0.571124 11.315446
v 0.748133 0.538846 11.270172
v 0.745742 0.504614 11.226531
v 0.735667 0.467531 11.184103
v 0.712632 0.431378 11.130255
v 0.711979 0.431082 11.129778
v 0.711329 0.430789 11.129306
v 0.704246 0.660965 11.370547
v 0.703311 0.650824 11.378118
v 0.702297 0.639823 11.386331
v 0.701277 0.628773 11.394582
v 0.700171 0.616771 11.403539
v 0.704373 0.617344 11.404827
v 0.705387 0.618097 11.401909
v 0.706037 0.618392 11.402385
v 0.706686 0.618687 11.402857
v 0.708783 0.630794 11.391472
v 0.707652 0.641437 11.388599
v 0.710093 0.647423 11.379597
v 0.710422 0.659200 11.372616
v 0.709773 0.658904 11.372141
v 0.709123 0.658611 11.371667
v 0.708450 0.661540 11.371836
v 0.709649 0.654907 11.360841
v 0.708689 0.644519 11.368597
v 0.707652 0.633249 11.377011
v 0.706607 0.621928 11.385459
v 0.705474 0.609636 11.394637
v 0.709657 0.610234 11.395955
v 0.710414 0.611306 11.393388
v 0.711068 0.611601 11.393863
v 0.711716 0.611898 11.394340
v 0.712817 0.621729 11.386533
v 0.714667 0.645249 11.369743
v 0.715544 0.653395 11.363359
v 0.714895 0.653099 11.362885
v 0.714242 0.652806 11.362411
v 0.713832 0.655506 11.362161
v 0.715141 0.648741 11.350965
v 0.714159 0.638101 11.358907
v 0.713093 0.626558 11.367523
v 0.712025 0.614965 11.376176
v 0.710863 0.602374 11.385575
v 0.715041 0.602998 11.386927
v 0.715531 0.604396 11.384718
v 0.716187 0.604690 11.385192
v 0.716834 0.604986 11.385669
v 0.717396 0.619554 11.376680
v 0.719835 0.625542 11.367680
v 0.718701 0.636184 11.364807
v 0.720756 0.647487 11.353940
v 0.720105 0.647193 11.353464
v 0.719452 0.646899 11.352991
v 0.719319 0.649365 11.352317
v 0.742482 0.512221 11.169106
v 0.741833 0.511928 11.168632
v 0.741182 0.511633 11.168157
v 0.741661 0.513741 11.166710
v 0.737242 0.514053 11.166581
v 0.736191 0.502683 11.175070
v 0.735053 0.490347 11.184278
v 0.733913 0.477958 11.193527
v 0.732673 0.464502 11.203572
v 0.737093 0.464187 11.203700
v 0.736992 0.466209 11.202063
v 0.737644 0.466505 11.202539
v 0.738293 0.466797 11.203014
v 0.739144 0.478422 11.190529
v 0.741300 0.490908 11.187134
v 0.740877 0.497670 11.175904
v 0.733798 0.492049 11.146162
v 0.733149 0.491756 11.145689
v 0.732496 0.491461 11.145215
v 0.732650 0.493022 11.143283
v 0.728225 0.493335 11.143157
v 0.727231 0.482560 11.151201
v 0.726157 0.470870 11.159926
v 0.725072 0.459130 11.168693
v 0.723895 0.446377 11.178209
v 0.728316 0.446064 11.178337
v 0.728529 0.448416 11.177347
v 0.729179 0.448711 11.177823
v 0.729827 0.449005 11.178295
v 0.732907 0.464611 11.171617
v 0.732480 0.471374 11.160384
v 0.734641 0.483858 11.156991
v 0.736933 0.491759 11.160309
v 0.735747 0.488044 11.158116
v 0.734568 0.465467 11.180288
v 0.733629 0.464471 11.176029
v 0.738039 0.474237 11.189404
v 0.736852 0.470523 11.187212
v 0.740100 0.482795 11.190515
v 0.740834 0.487051 11.189354
v 0.740159 0.497809 11.171490
v 0.739214 0.496816 11.167232
v 0.741469 0.494097 11.184001
v 0.741323 0.496403 11.180170
v 0.732460 0.465877 11.167346
v 0.732315 0.468186 11.163518
v 0.732947 0.475231 11.158165
v 0.733685 0.479489 11.157007
v 0.709895 0.627278 11.390639
v 0.711274 0.624187 11.388954
v 0.708006 0.634491 11.391393
v 0.707621 0.638122 11.390416
v 0.711499 0.647647 11.376098
v 0.713059 0.646906 11.372738
v 0.708101 0.644208 11.386069
v 0.708932 0.646250 11.382999
v 0.714425 0.620074 11.383542
v 0.715985 0.619331 11.380180
v 0.716213 0.642792 11.367322
v 0.717588 0.639700 11.365639
v 0.718553 0.620727 11.373278
v 0.719385 0.622769 11.370208
v 0.719862 0.628857 11.365863
v 0.719475 0.632487 11.364883
v 0.740988 0.490209 11.186178
v 0.740670 0.489509 11.185220
v 0.741198 0.493718 11.182889
v 0.740925 0.493342 11.181778
v 0.741070 0.495738 11.179539
v 0.740817 0.495072 11.178907
v 0.740678 0.496846 11.175805
v 0.740482 0.496023 11.175706
v 0.740052 0.496969 11.171943
v 0.739942 0.496128 11.172395
v 0.739226 0.496098 11.168216
v 0.739237 0.495381 11.169202
v 0.738034 0.493772 11.164186
v 0.737952 0.492796 11.164955
v 0.737025 0.471653 11.186792
v 0.737205 0.472782 11.186370
v 0.735761 0.468533 11.183366
v 0.735857 0.469535 11.182631
v 0.738067 0.474904 11.188711
v 0.738095 0.475571 11.188017
v 0.739036 0.478565 11.189694
v 0.738925 0.478710 11.188860
v 0.739870 0.482391 11.189681
v 0.739640 0.481987 11.188849
v 0.740516 0.486116 11.188667
v 0.740194 0.485181 11.187981
v 0.732600 0.468603 11.164653
v 0.732887 0.469020 11.165784
v 0.732809 0.472097 11.161375
v 0.733135 0.472821 11.162366
v 0.732728 0.466584 11.168001
v 0.732991 0.467291 11.168658
v 0.733116 0.465475 11.171736
v 0.733328 0.466341 11.171858
v 0.733750 0.465352 11.175598
v 0.733867 0.466235 11.175167
v 0.734571 0.466223 11.179323
v 0.734573 0.466983 11.178363
v 0.733925 0.479901 11.157884
v 0.734165 0.480313 11.158758
v 0.734761 0.483726 11.157870
v 0.734881 0.483590 11.158747
v 0.733277 0.476176 11.158896
v 0.733613 0.477119 11.159627
v 0.736767 0.490637 11.160773
v 0.736598 0.489517 11.161235
v 0.735729 0.487387 11.158854
v 0.735712 0.486731 11.159591
v 0.712886 0.622586 11.385923
v 0.712951 0.623441 11.385315
v 0.711214 0.625151 11.388590
v 0.711156 0.626115 11.388225
v 0.710007 0.627856 11.390064
v 0.710122 0.628434 11.389489
v 0.709036 0.630931 11.390792
v 0.709288 0.631068 11.390111
v 0.708356 0.634167 11.390725
v 0.708707 0.633842 11.390053
v 0.708021 0.637344 11.389867
v 0.708418 0.636566 11.389320
v 0.708096 0.640858 11.387838
v 0.708540 0.640282 11.387079
v 0.714599 0.644395 11.370356
v 0.714534 0.643541 11.370967
v 0.708536 0.643899 11.385184
v 0.708972 0.643591 11.384303
v 0.709261 0.645687 11.382499
v 0.709594 0.645124 11.381999
v 0.710276 0.646715 11.379526
v 0.710461 0.646003 11.379451
v 0.711507 0.646909 11.376463
v 0.711518 0.646170 11.376824
v 0.712876 0.646260 11.373521
v 0.712690 0.645615 11.374305
v 0.718951 0.623081 11.371092
v 0.718515 0.623392 11.371976
v 0.719389 0.626121 11.368441
v 0.718945 0.626701 11.369203
v 0.718223 0.621294 11.373779
v 0.717890 0.621861 11.374280
v 0.717208 0.620267 11.376754
v 0.717019 0.620982 11.376830
v 0.715977 0.620071 11.379816
v 0.715965 0.620813 11.379455
v 0.714609 0.620722 11.382760
v 0.714796 0.621371 11.381976
v 0.719127 0.632811 11.365554
v 0.718777 0.633137 11.366228
v 0.718449 0.636048 11.365490
v 0.718194 0.635910 11.366168
v 0.719463 0.629635 11.366413
v 0.719066 0.630414 11.366963
v 0.716271 0.641826 11.367688
v 0.716328 0.640865 11.368057
v 0.717474 0.639124 11.366217
v 0.717362 0.638546 11.366793
v 0.738715 0.489941 11.185555
v 0.735107 0.481955 11.174596
v 0.738969 0.493769 11.182111
v 0.738860 0.495500 11.179238
v 0.738526 0.496451 11.176039
v 0.737987 0.496557 11.172730
v 0.737281 0.495810 11.169534
v 0.735994 0.493224 11.165288
v 0.735247 0.473212 11.186704
v 0.733902 0.469963 11.182962
v 0.736142 0.475999 11.188349
v 0.736969 0.479136 11.189192
v 0.737683 0.482416 11.189181
v 0.738237 0.485608 11.188311
v 0.730928 0.469449 11.166115
v 0.731181 0.473250 11.162697
v 0.731036 0.467718 11.168989
v 0.731370 0.466769 11.172190
v 0.731912 0.466663 11.175498
v 0.732616 0.467410 11.178693
v 0.732208 0.480742 11.159094
v 0.732925 0.484020 11.159079
v 0.731654 0.477547 11.159961
v 0.734644 0.489945 11.161569
v 0.733754 0.487158 11.159922
v 0.711112 0.623040 11.384547
v 0.711889 0.633118 11.377394
v 0.709316 0.625713 11.387459
v 0.708285 0.628033 11.388724
v 0.707450 0.630667 11.389345
v 0.706869 0.633441 11.389289
v 0.706580 0.636164 11.388554
v 0.706700 0.639880 11.386313
v 0.712695 0.643139 11.370202
v 0.707133 0.643191 11.383539
v 0.707754 0.644723 11.381235
v 0.708623 0.645601 11.378683
v 0.709681 0.645768 11.376059
v 0.710850 0.645212 11.373538
v 0.716674 0.622991 11.371212
v 0.717107 0.626298 11.368437
v 0.716052 0.621459 11.373514
v 0.715181 0.620580 11.376065
v 0.714125 0.620412 11.378691
v 0.712956 0.620968 11.381210
v 0.716939 0.632734 11.365461
v 0.716356 0.635509 11.365405
v 0.717227 0.630013 11.366198
v 0.714491 0.640463 11.367293
v 0.715524 0.638144 11.366029
v 0.713943 0.645994 11.371089
v 0.713825 0.645233 11.371778
v 0.713702 0.644474 11.372469
v 0.711865 0.644071 11.371702
v 0.715341 0.644175 11.368686
v 0.715330 0.643273 11.369190
v 0.715317 0.642371 11.369695
v 0.713477 0.641970 11.368930
v 0.711983 0.622061 11.382971
v 0.713822 0.622463 11.383737
v 0.713701 0.621704 11.384428
v 0.713578 0.620947 11.385121
v 0.710235 0.624349 11.385974
v 0.712073 0.624749 11.386738
v 0.712069 0.623841 11.387228
v 0.712061 0.622932 11.387719
v 0.072837 0.643641 11.362030
v 0.048647 0.606517 11.309310
v 0.042017 0.573657 11.264471
v 0.041202 0.540477 11.219922
v 0.046286 0.506973 11.175668
v 0.064886 0.472243 11.131442
v 0.092432 0.434898 11.084817
v 0.076889 0.679588 11.320428
v 0.053104 0.654846 11.273232
v 0.046919 0.626797 11.224803
v 0.046512 0.598046 11.176947
v 0.051188 0.560113 11.136000
v 0.069345 0.520573 11.095364
v 0.096334 0.483654 11.060356
v 0.081311 0.679345 11.320649
v 0.057525 0.654604 11.273452
v 0.051341 0.626554 11.225024
v 0.050934 0.597802 11.177168
v 0.055610 0.559870 11.136220
v 0.073453 0.521312 11.096862
v 0.100514 0.484269 11.061695
v 0.077259 0.643398 11.362251
v 0.053068 0.606274 11.309530
v 0.046440 0.573414 11.264692
v 0.045624 0.540234 11.220143
v 0.050709 0.506730 11.175888
v 0.068996 0.472982 11.132939
v 0.096612 0.435513 11.086157
v 0.071981 0.643906 11.358277
v 0.049181 0.608608 11.307953
v 0.053267 0.652910 11.274882
v 0.075701 0.676269 11.319352
v 0.042337 0.575833 11.262778
v 0.046828 0.624545 11.226416
v 0.041534 0.542782 11.218203
v 0.046401 0.595553 11.178810
v 0.046761 0.509195 11.174058
v 0.051254 0.557907 11.137696
v 0.065234 0.474295 11.130010
v 0.069321 0.518598 11.096938
v 0.091431 0.438293 11.085236
v 0.094999 0.483463 11.063451
v 0.071343 0.643602 11.357790
v 0.070707 0.643295 11.357301
v 0.048545 0.608303 11.307466
v 0.047908 0.607999 11.306978
v 0.052629 0.652605 11.274395
v 0.051995 0.652300 11.273907
v 0.075065 0.675963 11.318863
v 0.074431 0.675657 11.318376
v 0.041702 0.575527 11.262293
v 0.041065 0.575222 11.261805
v 0.046195 0.624239 11.225930
v 0.045559 0.623935 11.225442
v 0.040899 0.542477 11.217716
v 0.040259 0.542172 11.217228
v 0.045764 0.595247 11.178323
v 0.045128 0.594943 11.177835
v 0.046123 0.508891 11.173570
v 0.045488 0.508586 11.173083
v 0.050616 0.557602 11.137209
v 0.049980 0.557297 11.136722
v 0.064596 0.473991 11.129522
v 0.063962 0.473686 11.129035
v 0.068682 0.518294 11.096450
v 0.068050 0.517988 11.095964
v 0.090793 0.437988 11.084747
v 0.090157 0.437682 11.084260
v 0.094364 0.483157 11.062963
v 0.093726 0.482851 11.062476
v 0.073513 0.673505 11.334366
v 0.074148 0.673811 11.334853
v 0.074784 0.674117 11.335342
v 0.075897 0.676614 11.337032
v 0.080317 0.676371 11.337253
v 0.056503 0.643513 11.281731
v 0.050218 0.614359 11.234126
v 0.049714 0.584592 11.187029
v 0.054485 0.547676 11.145322
v 0.072430 0.510221 11.105140
v 0.099648 0.470564 11.063939
v 0.095466 0.469950 11.062602
v 0.094211 0.470581 11.065082
v 0.093574 0.470275 11.064595
v 0.092939 0.469969 11.064107
v 0.067110 0.507822 11.103553
v 0.048950 0.546120 11.145065
v 0.044010 0.582834 11.186875
v 0.044529 0.612756 11.233786
v 0.052717 0.645229 11.280319
v 0.074887 0.667617 11.347324
v 0.079312 0.667375 11.347546
v 0.055392 0.631483 11.290712
v 0.048998 0.601131 11.244001
v 0.048392 0.570261 11.197727
v 0.053266 0.534447 11.155197
v 0.071321 0.498190 11.114122
v 0.098671 0.458783 11.070504
v 0.094493 0.458169 11.069166
v 0.093319 0.459692 11.070981
v 0.092681 0.459386 11.070491
v 0.092043 0.459081 11.070003
v 0.066094 0.496794 11.111785
v 0.047832 0.533995 11.154117
v 0.042797 0.569697 11.196681
v 0.043410 0.600630 11.242838
v 0.072588 0.665401 11.343992
v 0.073225 0.665707 11.344481
v 0.073862 0.666012 11.344967
v 0.073881 0.658046 11.356947
v 0.078304 0.657803 11.357167
v 0.054279 0.619398 11.299733
v 0.047772 0.587844 11.253920
v 0.047066 0.555867 11.208472
v 0.052039 0.521160 11.165116
v 0.070206 0.486106 11.123142
v 0.097691 0.447092 11.077291
v 0.093511 0.446477 11.075952
v 0.092420 0.448898 11.077097
v 0.091782 0.448592 11.076610
v 0.091147 0.448287 11.076121
v 0.065072 0.485716 11.120054
v 0.046708 0.521814 11.163209
v 0.041581 0.556502 11.206532
v 0.042286 0.588451 11.251931
v 0.050122 0.617666 11.300528
v 0.071665 0.656726 11.352944
v 0.072299 0.657033 11.353432
v 0.072937 0.657338 11.353920
v 0.094594 0.490022 11.066229
v 0.093660 0.479881 11.073799
v 0.092644 0.468879 11.082012
v 0.091626 0.457828 11.090261
v 0.090518 0.445826 11.099220
v 0.086355 0.445185 11.097846
v 0.085649 0.448285 11.097858
v 0.085010 0.447979 11.097369
v 0.084376 0.447674 11.096882
v 0.084681 0.462123 11.088414
v 0.087414 0.467707 11.079242
v 0.086402 0.478215 11.075870
v 0.088112 0.488187 11.066640
v 0.088748 0.488492 11.067128
v 0.089385 0.488798 11.067616
v 0.090429 0.489381 11.064855
v 0.089091 0.498164 11.074200
v 0.088134 0.487775 11.081955
v 0.087094 0.476506 11.090369
v 0.086050 0.465185 11.098818
v 0.084916 0.452892 11.107995
v 0.080770 0.452226 11.106587
v 0.080335 0.455053 11.106223
v 0.079699 0.454748 11.105736
v 0.079065 0.454442 11.105249
v 0.079810 0.464737 11.098020
v 0.082244 0.487493 11.080277
v 0.082892 0.495940 11.074271
v 0.083527 0.496246 11.074757
v 0.084162 0.496551 11.075245
v 0.084945 0.497497 11.072792
v 0.083495 0.506450 11.082312
v 0.082514 0.495810 11.090255
v 0.081451 0.484269 11.098870
v 0.080380 0.472675 11.107526
v 0.079219 0.460084 11.116924
v 0.075082 0.459391 11.115484
v 0.074931 0.461940 11.114738
v 0.074293 0.461636 11.114250
v 0.073659 0.461329 11.113762
v 0.075653 0.474014 11.102428
v 0.074641 0.484523 11.099057
v 0.077375 0.490105 11.089882
v 0.077577 0.503833 11.082035
v 0.078213 0.504138 11.082523
v 0.078850 0.504443 11.083011
v 0.079358 0.505757 11.080872
v 0.050356 0.645088 11.261584
v 0.050989 0.645394 11.262071
v 0.051627 0.645700 11.262561
v 0.051528 0.647716 11.260919
v 0.055953 0.647472 11.261139
v 0.054904 0.636102 11.269629
v 0.053767 0.623766 11.278836
v 0.052624 0.611376 11.288086
v 0.051382 0.597920 11.298131
v 0.046960 0.598163 11.297910
v 0.047437 0.600276 11.296469
v 0.046802 0.599971 11.295979
v 0.046168 0.599665 11.295493
v 0.047712 0.614903 11.287937
v 0.047473 0.621831 11.276801
v 0.049546 0.634392 11.273646
v 0.057780 0.660522 11.288331
v 0.058412 0.660827 11.288818
v 0.059050 0.661133 11.289306
v 0.059238 0.663427 11.288361
v 0.063659 0.663183 11.288581
v 0.062665 0.652408 11.296625
v 0.061589 0.640719 11.305352
v 0.060504 0.628977 11.314116
v 0.059328 0.616225 11.323635
v 0.054907 0.616469 11.323415
v 0.055081 0.618088 11.321439
v 0.054443 0.617783 11.320950
v 0.053809 0.617477 11.320463
v 0.053295 0.628504 11.307203
v 0.055369 0.641064 11.304048
v 0.055130 0.647992 11.292915
v 0.053697 0.647247 11.284190
v 0.054518 0.648192 11.288486
v 0.051188 0.620625 11.303709
v 0.052270 0.624321 11.305987
v 0.048321 0.614705 11.292362
v 0.049146 0.615647 11.296657
v 0.047353 0.616229 11.283678
v 0.047271 0.618592 11.279880
v 0.050569 0.638574 11.274863
v 0.051653 0.642270 11.277139
v 0.047944 0.625726 11.274650
v 0.048651 0.630011 11.273574
v 0.054190 0.632885 11.307275
v 0.054898 0.637171 11.306200
v 0.055572 0.644304 11.300969
v 0.055490 0.646667 11.297171
v 0.083167 0.462059 11.091877
v 0.081505 0.462950 11.095153
v 0.085948 0.463146 11.085004
v 0.086879 0.465049 11.081873
v 0.085274 0.481766 11.076513
v 0.083856 0.484929 11.078016
v 0.087508 0.470939 11.077283
v 0.087167 0.474523 11.076133
v 0.078200 0.467301 11.100282
v 0.076782 0.470465 11.101786
v 0.080549 0.489283 11.083144
v 0.078888 0.490173 11.086421
v 0.074888 0.477708 11.102167
v 0.074544 0.481291 11.101015
v 0.075176 0.487181 11.096424
v 0.076108 0.489086 11.093294
v 0.047755 0.622519 11.277774
v 0.048038 0.623207 11.278749
v 0.048235 0.626656 11.275359
v 0.048527 0.627584 11.276068
v 0.048855 0.630403 11.274416
v 0.049058 0.630798 11.275262
v 0.049639 0.634238 11.274481
v 0.049729 0.634084 11.275315
v 0.050533 0.637897 11.275544
v 0.050496 0.637221 11.276226
v 0.051479 0.641131 11.277536
v 0.051311 0.639992 11.277934
v 0.052618 0.644217 11.281039
v 0.052518 0.643201 11.281756
v 0.049150 0.616379 11.295682
v 0.049154 0.617113 11.294710
v 0.050213 0.618658 11.299777
v 0.050301 0.619647 11.299024
v 0.048429 0.615555 11.291925
v 0.048536 0.616405 11.291486
v 0.047896 0.615729 11.288051
v 0.048077 0.616555 11.288167
v 0.047580 0.616889 11.284326
v 0.047808 0.617549 11.284973
v 0.047509 0.618956 11.281003
v 0.047747 0.619320 11.282125
v 0.054597 0.636233 11.305445
v 0.054295 0.635297 11.304691
v 0.055075 0.640354 11.303040
v 0.054783 0.639644 11.302032
v 0.053978 0.632484 11.306386
v 0.053766 0.632083 11.305496
v 0.053194 0.628650 11.306322
v 0.053095 0.628796 11.305443
v 0.052299 0.624991 11.305260
v 0.052326 0.625659 11.304531
v 0.051352 0.621757 11.303267
v 0.051515 0.622887 11.302822
v 0.055251 0.645968 11.296501
v 0.055008 0.645271 11.295829
v 0.054934 0.647128 11.292774
v 0.054737 0.646266 11.292636
v 0.055321 0.643901 11.299824
v 0.055071 0.643499 11.298679
v 0.053680 0.646478 11.285143
v 0.053664 0.645706 11.286095
v 0.054399 0.647301 11.288899
v 0.054279 0.646415 11.289316
v 0.079897 0.465565 11.097374
v 0.079988 0.466392 11.096730
v 0.081715 0.463560 11.094347
v 0.081926 0.464170 11.093543
v 0.083171 0.462780 11.091481
v 0.083174 0.463501 11.091086
v 0.084495 0.462839 11.088453
v 0.084309 0.463553 11.088490
v 0.085602 0.463732 11.085465
v 0.085258 0.464317 11.085931
v 0.086417 0.465396 11.082729
v 0.085956 0.465745 11.083583
v 0.086948 0.468318 11.079961
v 0.086484 0.468930 11.080680
v 0.082155 0.486664 11.080922
v 0.082067 0.485837 11.081567
v 0.087098 0.471741 11.077782
v 0.086684 0.472543 11.078281
v 0.086796 0.474877 11.076777
v 0.086427 0.475231 11.077422
v 0.086128 0.478107 11.076547
v 0.085855 0.478001 11.077224
v 0.085141 0.481214 11.077108
v 0.085008 0.480663 11.077706
v 0.083898 0.483982 11.078423
v 0.083944 0.483036 11.078833
v 0.074957 0.480489 11.100512
v 0.075369 0.479687 11.100009
v 0.075106 0.483911 11.098335
v 0.075572 0.483299 11.097613
v 0.075257 0.477352 11.101517
v 0.075629 0.476999 11.100873
v 0.075927 0.474122 11.101747
v 0.076204 0.474229 11.101068
v 0.076916 0.471016 11.101186
v 0.077047 0.471567 11.100588
v 0.078154 0.468247 11.099870
v 0.078111 0.469194 11.099458
v 0.076453 0.488498 11.092830
v 0.076796 0.487910 11.092365
v 0.077560 0.489391 11.089844
v 0.077748 0.488676 11.089808
v 0.075637 0.486831 11.095567
v 0.076098 0.486481 11.094712
v 0.080340 0.488669 11.083949
v 0.080128 0.488058 11.084754
v 0.078885 0.489449 11.086814
v 0.078882 0.488725 11.087212
v 0.050006 0.622809 11.278458
v 0.053240 0.630693 11.289604
v 0.050498 0.627187 11.275778
v 0.051027 0.630400 11.274971
v 0.051697 0.633686 11.275024
v 0.052467 0.636823 11.275936
v 0.053280 0.639595 11.277645
v 0.054488 0.642804 11.281466
v 0.051124 0.616715 11.294421
v 0.052270 0.619251 11.298736
v 0.050505 0.616008 11.291198
v 0.050047 0.616156 11.287878
v 0.049780 0.617151 11.284684
v 0.049718 0.618923 11.281835
v 0.056265 0.634900 11.304401
v 0.056752 0.639245 11.301743
v 0.055734 0.631685 11.305208
v 0.055064 0.628398 11.305153
v 0.054294 0.625263 11.304241
v 0.053483 0.622489 11.302533
v 0.056978 0.644872 11.295539
v 0.056708 0.645866 11.292346
v 0.057040 0.643101 11.298389
v 0.055633 0.645308 11.285805
v 0.056251 0.646017 11.289027
v 0.081804 0.466823 11.097531
v 0.082859 0.476534 11.089918
v 0.083741 0.464601 11.094346
v 0.084989 0.463934 11.091889
v 0.086124 0.463985 11.089293
v 0.087073 0.464750 11.086734
v 0.087771 0.466177 11.084385
v 0.088299 0.469361 11.081483
v 0.083882 0.486269 11.082368
v 0.088499 0.472975 11.079084
v 0.088240 0.475663 11.078224
v 0.087671 0.478432 11.078026
v 0.086823 0.481095 11.078508
v 0.085759 0.483468 11.079635
v 0.077187 0.480119 11.100813
v 0.077387 0.483731 11.098416
v 0.077444 0.477431 11.101676
v 0.078018 0.474661 11.101871
v 0.078863 0.471998 11.101388
v 0.079926 0.469626 11.100262
v 0.078611 0.488341 11.093169
v 0.079563 0.489108 11.090611
v 0.077913 0.486913 11.095514
v 0.081943 0.488490 11.085555
v 0.080697 0.489158 11.088012
v 0.082970 0.486340 11.079260
v 0.082940 0.485457 11.079797
v 0.082911 0.484577 11.080335
v 0.084726 0.485008 11.081138
v 0.081503 0.488274 11.081530
v 0.081362 0.487541 11.082243
v 0.081221 0.486807 11.082959
v 0.083036 0.487238 11.083761
v 0.080917 0.468149 11.098821
v 0.079102 0.467717 11.098019
v 0.079074 0.466833 11.098554
v 0.079050 0.465949 11.099090
v 0.082752 0.465736 11.095973
v 0.080935 0.465305 11.095169
v 0.080787 0.464584 11.095895
v 0.080640 0.463863 11.096618
vt 0.790713 0.022681
vt 0.797399 0.012638
vt 0.826328 0.049810
vt 0.813228 0.055075
vt 0.821827 0.067277
vt 0.829019 0.061125
vt 0.831705 0.064008
vt 0.835002 0.066133
vt 0.838713 0.067288
vt 0.828660 0.077374
vt 0.849483 0.105781
vt 0.860497 0.097592
vt 0.888499 0.134214
vt 0.876739 0.143278
vt 0.915960 0.171620
vt 0.905323 0.180188
vt 0.945176 0.211017
vt 0.935454 0.218926
vt 0.958195 0.225449
vt 0.946478 0.233654
vt 0.830111 0.001540
vt 0.503023 0.024571
vt 0.774178 0.220793
vt 0.501418 0.055939
vt 0.861549 0.038279
vt 0.506647 0.069480
vt 0.763899 0.195446
vt 0.505214 0.082112
vt 0.892677 0.073491
vt 0.513447 0.114939
vt 0.733479 0.119514
vt 0.923007 0.107921
vt 0.707694 0.080412
vt 0.947332 0.146464
vt 0.680827 0.040118
vt 0.974143 0.187727
vt 0.555913 0.265203
vt 0.552476 0.266206
vt 0.762604 0.278629
vt 0.750050 0.281123
vt 0.552112 0.042825
vt 0.742474 0.237485
vt 0.735700 0.223710
vt 0.723531 0.230071
vt 0.558150 0.069073
vt 0.730475 0.213011
vt 0.715137 0.181635
vt 0.701771 0.188656
vt 0.680159 0.147537
vt 0.694638 0.139928
vt 0.658476 0.106278
vt 0.671840 0.099253
vt 0.636073 0.063647
vt 0.648224 0.057253
vt 0.601864 0.253747
vt 0.638795 0.040517
vt 0.786399 0.021059
vt 0.810060 0.055283
vt 0.559485 0.057794
vt 0.825564 0.078350
vt 0.569658 0.101125
vt 0.873451 0.144694
vt 0.902123 0.181804
vt 0.932480 0.220656
vt 0.944104 0.236189
vt 0.610299 0.288291
vt 0.978637 0.256799
vt 0.621035 0.008990
vt 0.610299 0.014839
vt 0.794072 0.010288
vt 0.789459 0.021956
vt 0.811988 0.054439
vt 0.850075 0.028316
vt 0.829978 0.004550
vt 0.796457 0.011583
vt 0.820514 0.066698
vt 0.827259 0.077021
vt 0.867957 0.048286
vt 0.859726 0.039341
vt 0.848083 0.105542
vt 0.875331 0.143212
vt 0.920910 0.109416
vt 0.890783 0.074796
vt 0.903925 0.180369
vt 0.945523 0.147885
vt 0.934110 0.219344
vt 0.972503 0.189022
vt 0.945180 0.234217
vt 0.968941 0.260657
vt 0.978261 0.254405
vt 0.982981 0.204413
vt 0.790089 0.022322
vt 0.812608 0.054757
vt 0.850269 0.028983
vt 0.830196 0.005219
vt 0.850464 0.029647
vt 0.830415 0.005885
vt 0.796924 0.012110
vt 0.821174 0.066988
vt 0.827960 0.077199
vt 0.867957 0.049002
vt 0.859837 0.040049
vt 0.867954 0.049717
vt 0.859941 0.040750
vt 0.848784 0.105662
vt 0.876034 0.143247
vt 0.920738 0.110090
vt 0.890729 0.075494
vt 0.920565 0.110765
vt 0.890676 0.076194
vt 0.904625 0.180279
vt 0.945203 0.148513
vt 0.944881 0.149139
vt 0.934785 0.219134
vt 0.972083 0.189590
vt 0.971667 0.190156
vt 0.945829 0.233932
vt 0.969150 0.260121
vt 0.977840 0.253829
vt 0.969328 0.259600
vt 0.977408 0.253244
vt 0.982500 0.204932
vt 0.982020 0.205452
vt 0.816781 0.003892
vt 0.816493 0.003237
vt 0.816203 0.002581
vt 0.815553 0.000000
vt 0.780809 0.264866
vt 0.764232 0.226122
vt 0.758039 0.211991
vt 0.753371 0.200988
vt 0.739693 0.168730
vt 0.721244 0.125944
vt 0.696399 0.086347
vt 0.670553 0.045513
vt 0.660210 0.029244
vt 0.578039 0.297109
vt 1.000000 0.230331
vt 0.568278 0.291535
vt 0.642090 0.000756
vt 0.992589 0.239415
vt 0.997305 0.229522
vt 0.991934 0.239181
vt 0.996600 0.229602
vt 0.991284 0.238944
vt 0.995902 0.229675
vt 0.963344 0.196658
vt 0.972571 0.214611
vt 0.935735 0.156178
vt 0.910366 0.118008
vt 0.881095 0.082787
vt 0.853026 0.044165
vt 0.855634 0.055217
vt 0.855752 0.051368
vt 0.854846 0.047595
vt 0.843165 0.038048
vt 0.771880 0.272043
vt 0.804473 0.004476
vt 0.753376 0.231795
vt 0.746901 0.217845
vt 0.741952 0.206992
vt 0.727442 0.175169
vt 0.707970 0.132920
vt 0.684148 0.092786
vt 0.659413 0.051368
vt 0.649524 0.034860
vt 0.588665 0.295310
vt 0.631553 0.004794
vt 0.985791 0.247255
vt 0.985230 0.246811
vt 0.984666 0.246364
vt 0.954242 0.203757
vt 0.969237 0.214592
vt 0.966021 0.215421
vt 0.963118 0.217043
vt 0.925843 0.163845
vt 0.899411 0.126016
vt 0.870790 0.090136
vt 0.841205 0.052962
vt 0.850167 0.046173
vt 0.852200 0.049657
vt 0.852819 0.052160
vt 0.852758 0.054709
vt 0.852023 0.057137
vt 0.850671 0.059291
vt 0.847626 0.061901
vt 0.806737 0.007712
vt 0.839372 0.037866
vt 0.835634 0.038646
vt 0.832227 0.040342
vt 0.806356 0.007105
vt 0.805976 0.006500
vt 0.960765 0.219385
vt 0.959092 0.222236
vt 0.831815 0.059126
vt 0.844182 0.063927
vt 0.841697 0.064489
vt 0.839151 0.064392
vt 0.836697 0.063617
vt 0.834500 0.062207
vt 0.829452 0.042929
vt 0.827432 0.046145
vt 0.563954 0.285058
vt 0.648785 0.011217
vt 0.638583 0.016627
vt 0.628349 0.022042
vt 0.617248 0.027923
vt 0.609818 0.273169
vt 0.958381 0.250447
vt 0.958962 0.250111
vt 0.959546 0.249767
vt 0.969021 0.239680
vt 0.978231 0.237210
vt 0.972301 0.239598
vt 0.975439 0.238795
vt 0.983139 0.228912
vt 0.980530 0.234924
vt 0.982218 0.232092
vt 0.992888 0.223261
vt 0.993461 0.222883
vt 0.994035 0.222508
vt 0.996592 0.223034
vt 0.559706 0.275125
vt 0.654445 0.020165
vt 0.644011 0.025657
vt 0.633533 0.031195
vt 0.622158 0.037207
vt 0.607719 0.262743
vt 0.951651 0.242529
vt 0.952290 0.242221
vt 0.952930 0.241919
vt 0.960621 0.234931
vt 0.961761 0.236077
vt 0.962978 0.237248
vt 0.965847 0.238852
vt 0.970703 0.227093
vt 0.976329 0.234636
vt 0.973509 0.236391
vt 0.971457 0.236970
vt 0.969334 0.236999
vt 0.967277 0.236470
vt 0.965417 0.235414
vt 0.964235 0.234153
vt 0.963116 0.232935
vt 0.978365 0.221391
vt 0.979143 0.222666
vt 0.980092 0.224271
vt 0.980595 0.226357
vt 0.980535 0.228500
vt 0.979930 0.230553
vt 0.978819 0.232388
vt 0.987780 0.214295
vt 0.983284 0.225606
vt 0.982566 0.222425
vt 0.981725 0.220821
vt 0.981011 0.219531
vt 0.988281 0.213807
vt 0.988784 0.213320
vt 0.991140 0.213348
vt 0.958148 0.228802
vt 0.958983 0.232043
vt 0.959834 0.233578
vt 0.965004 0.219551
vt 0.962279 0.231587
vt 0.961356 0.230071
vt 0.960819 0.227984
vt 0.960844 0.225817
vt 0.961423 0.223728
vt 0.962522 0.221849
vt 0.972188 0.217246
vt 0.974274 0.217806
vt 0.976134 0.218902
vt 0.977404 0.220295
vt 0.967918 0.217786
vt 0.970021 0.217237
vt 0.980016 0.218488
vt 0.978693 0.217170
vt 0.975801 0.215488
vt 0.849664 0.064721
vt 0.842556 0.067409
vt 0.846286 0.066514
vt 0.852459 0.062100
vt 0.854493 0.058857
vt 0.826237 0.053780
vt 0.827167 0.057635
vt 0.834260 0.043234
vt 0.829807 0.055558
vt 0.829160 0.053010
vt 0.829251 0.050421
vt 0.829954 0.047963
vt 0.831285 0.045796
vt 0.842778 0.040946
vt 0.845264 0.041741
vt 0.847486 0.043133
vt 0.837701 0.041330
vt 0.840207 0.040807
vt 0.850348 0.041343
vt 0.847018 0.039265
vt 0.849106 0.063948
vt 0.852169 0.061186
vt 0.848548 0.063177
vt 0.851883 0.060275
vt 0.853966 0.058321
vt 0.853445 0.057782
vt 0.854967 0.055102
vt 0.854306 0.054990
vt 0.855066 0.051709
vt 0.854389 0.052051
vt 0.854267 0.048376
vt 0.853691 0.049151
vt 0.852237 0.044729
vt 0.851457 0.045289
vt 0.829806 0.060568
vt 0.832629 0.063725
vt 0.830590 0.060017
vt 0.833547 0.063441
vt 0.835546 0.065594
vt 0.836089 0.065063
vt 0.838816 0.066618
vt 0.838920 0.065954
vt 0.842209 0.066739
vt 0.841857 0.066079
vt 0.845502 0.065942
vt 0.844722 0.065371
vt 0.832794 0.041149
vt 0.829764 0.043867
vt 0.833359 0.041951
vt 0.830078 0.044799
vt 0.827987 0.046717
vt 0.828537 0.047294
vt 0.827011 0.049959
vt 0.827687 0.050107
vt 0.826945 0.053449
vt 0.827649 0.053118
vt 0.827747 0.056856
vt 0.828327 0.056087
vt 0.843087 0.038740
vt 0.839715 0.038572
vt 0.843004 0.039425
vt 0.840066 0.039270
vt 0.836409 0.039257
vt 0.837181 0.039867
vt 0.849409 0.041645
vt 0.848475 0.041944
vt 0.846458 0.039809
vt 0.845902 0.040345
vt 0.962453 0.235675
vt 0.963753 0.236955
vt 0.963139 0.235277
vt 0.964526 0.236662
vt 0.966286 0.238376
vt 0.966724 0.237907
vt 0.969087 0.239104
vt 0.969153 0.238534
vt 0.971983 0.239041
vt 0.971660 0.238489
vt 0.974760 0.238314
vt 0.974086 0.237841
vt 0.977742 0.236549
vt 0.977260 0.235896
vt 0.980274 0.234133
vt 0.980020 0.233350
vt 0.981765 0.231631
vt 0.981321 0.231169
vt 0.982585 0.228827
vt 0.982033 0.228740
vt 0.982702 0.225906
vt 0.982127 0.226207
vt 0.982066 0.223085
vt 0.981570 0.223750
vt 0.981137 0.221365
vt 0.980559 0.221905
vt 0.963604 0.217685
vt 0.961033 0.220158
vt 0.964086 0.218322
vt 0.961297 0.220928
vt 0.959554 0.222689
vt 0.960011 0.223143
vt 0.958762 0.225527
vt 0.959326 0.225607
vt 0.958722 0.228483
vt 0.959290 0.228165
vt 0.959450 0.231344
vt 0.959916 0.230644
vt 0.960382 0.232986
vt 0.961263 0.234413
vt 0.960930 0.232405
vt 0.961902 0.233901
vt 0.972490 0.215178
vt 0.969543 0.215158
vt 0.972407 0.215737
vt 0.969855 0.215720
vt 0.966695 0.215889
vt 0.967368 0.216355
vt 0.980328 0.220010
vt 0.979298 0.218859
vt 0.979645 0.220488
vt 0.978592 0.219228
vt 0.977887 0.217425
vt 0.975335 0.215959
vt 0.977086 0.217684
vt 0.974866 0.216424
vt 0.555604 0.042728
vt 0.818919 0.068074
vt 0.504570 0.054578
vt 0.768299 0.206567
vt 0.851538 0.026885
vt 0.503303 0.070770
vt 0.561720 0.068681
vt 0.846225 0.106892
vt 0.508674 0.081136
vt 0.750987 0.162794
vt 0.869773 0.047129
vt 0.509929 0.115717
vt 0.985063 0.203863
vt 0.556290 0.276195
vt 0.605293 0.252712
vt 0.951009 0.244949
vt 0.670073 0.024080
vt 0.664090 0.015143
vt 0.560625 0.286388
vt 0.958335 0.253221
vt 0.658242 0.006354
vt 0.566472 0.294032
vt 0.968912 0.263598
vt 0.653649 0.000000
vt 0.599063 0.293085
vt 0.987148 0.248975
vt 0.597832 0.289746
vt 0.527969 0.003447
vt 0.527705 0.000000
vt 0.516901 0.004550
vt 0.994660 0.240524
vt 0.587824 0.291783
vt 0.518290 0.007947
vt 0.506302 0.010881
vt 0.577765 0.293567
vt 0.508872 0.013363
vt 0.500000 0.024699
vt 0.786399 0.251901
vt 0.540689 0.002199
vt 0.549331 0.247411
vt 0.533586 0.202668
vt 0.520210 0.159792
vt 0.545965 0.248669
vt 0.530018 0.203064
vt 0.516671 0.160470
vt 0.601373 0.235120
vt 0.591252 0.188474
vt 0.580423 0.144655
vt 0.730633 0.243649
vt 0.555910 0.057834
vt 0.718006 0.219547
vt 0.566121 0.101768
vt 0.627143 0.046664
vt 0.604267 0.263691
vt 0.606274 0.273390
vt 0.607441 0.286365
vt 0.597850 0.235828
vt 0.588002 0.189975
vt 0.576961 0.145656
vt 0.538245 0.003897
vt 0.440594 0.007066
vt 0.459340 0.008125
vt 0.432240 0.076215
vt 0.414848 0.062795
vt 0.405251 0.083935
vt 0.419166 0.088727
vt 0.417417 0.094598
vt 0.417190 0.100699
vt 0.418549 0.106582
vt 0.397094 0.101032
vt 0.375287 0.151280
vt 0.394938 0.159640
vt 0.367699 0.226002
vt 0.346294 0.217309
vt 0.338962 0.292237
vt 0.319107 0.284660
vt 0.308910 0.362389
vt 0.290662 0.355509
vt 0.299703 0.391190
vt 0.279500 0.381845
vt 0.003174 0.034324
vt 0.007985 0.034647
vt 0.005226 0.082459
vt 0.000000 0.084065
vt 0.000408 0.107891
vt 0.005931 0.106428
vt 0.007119 0.125249
vt 0.001462 0.126192
vt 0.003101 0.180253
vt 0.008811 0.179631
vt 0.011736 0.251866
vt 0.006017 0.252329
vt 0.025486 0.322122
vt 0.019764 0.322130
vt 0.042663 0.395744
vt 0.037113 0.397154
vt 0.050001 0.425072
vt 0.044384 0.426067
vt 0.238825 0.000000
vt 0.256752 0.007744
vt 0.248676 0.071635
vt 0.228462 0.069115
vt 0.225038 0.092289
vt 0.245833 0.094841
vt 0.243655 0.112845
vt 0.222332 0.110251
vt 0.214414 0.162950
vt 0.237284 0.165712
vt 0.228805 0.236080
vt 0.204026 0.233093
vt 0.220295 0.306685
vt 0.197422 0.303930
vt 0.211501 0.379640
vt 0.190699 0.377145
vt 0.208004 0.408706
vt 0.188043 0.406332
vt 0.067378 0.008008
vt 0.071545 0.005744
vt 0.088141 0.072544
vt 0.082590 0.072093
vt 0.086001 0.096530
vt 0.091674 0.097088
vt 0.093324 0.114724
vt 0.087600 0.114725
vt 0.094551 0.167911
vt 0.100268 0.167502
vt 0.109765 0.238339
vt 0.104107 0.239327
vt 0.119314 0.309649
vt 0.113902 0.311458
vt 0.127248 0.385305
vt 0.121545 0.385817
vt 0.130406 0.413860
vt 0.124793 0.414903
vt 0.132160 0.471096
vt 0.113526 0.476742
vt 0.112153 0.471238
vt 0.127967 0.467547
vt 0.051176 0.005510
vt 0.051358 0.000000
vt 0.439373 0.000000
vt 0.440578 0.004814
vt 0.414721 0.060625
vt 0.412069 0.058704
vt 0.482850 0.092024
vt 0.479779 0.091188
vt 0.495855 0.045492
vt 0.500000 0.043298
vt 0.460014 0.006031
vt 0.459871 0.001810
vt 0.401883 0.080663
vt 0.404988 0.081717
vt 0.396468 0.098876
vt 0.393351 0.097646
vt 0.470014 0.132468
vt 0.467033 0.130934
vt 0.472572 0.112836
vt 0.475433 0.114448
vt 0.371239 0.147772
vt 0.374510 0.149210
vt 0.345277 0.215365
vt 0.341810 0.213998
vt 0.430099 0.251755
vt 0.426446 0.250107
vt 0.449333 0.182446
vt 0.452573 0.183967
vt 0.317770 0.282924
vt 0.314426 0.281629
vt 0.397367 0.314680
vt 0.394040 0.313361
vt 0.289047 0.354029
vt 0.286007 0.352866
vt 0.362911 0.383076
vt 0.359886 0.381887
vt 0.277728 0.380542
vt 0.274233 0.380639
vt 0.256752 0.435409
vt 0.260732 0.433151
vt 0.276428 0.440810
vt 0.273499 0.443187
vt 0.349775 0.410424
vt 0.347407 0.408053
vt 0.440584 0.005946
vt 0.414786 0.061709
vt 0.479036 0.091975
vt 0.495131 0.046313
vt 0.478300 0.092759
vt 0.494410 0.047131
vt 0.459674 0.007077
vt 0.405117 0.082831
vt 0.396779 0.099955
vt 0.466070 0.131497
vt 0.471710 0.113540
vt 0.465108 0.132057
vt 0.470849 0.114234
vt 0.374897 0.150244
vt 0.345781 0.216337
vt 0.425403 0.250406
vt 0.448354 0.182922
vt 0.424361 0.250700
vt 0.447372 0.183398
vt 0.318438 0.283793
vt 0.392945 0.313422
vt 0.391853 0.313482
vt 0.289857 0.354770
vt 0.358794 0.381769
vt 0.357709 0.381654
vt 0.278614 0.381194
vt 0.261619 0.433012
vt 0.276875 0.439792
vt 0.262458 0.432846
vt 0.277326 0.438754
vt 0.346331 0.407815
vt 0.345256 0.407577
vt 0.486347 0.027255
vt 0.487000 0.026355
vt 0.487651 0.025448
vt 0.490604 0.022543
vt 0.019198 0.017904
vt 0.015559 0.013527
vt 0.185781 0.012955
vt 0.204035 0.001515
vt 0.191290 0.064540
vt 0.174181 0.062617
vt 0.169242 0.085578
vt 0.186827 0.087654
vt 0.183157 0.105517
vt 0.165132 0.103360
vt 0.153063 0.155556
vt 0.172391 0.157884
vt 0.158497 0.227605
vt 0.137557 0.225082
vt 0.155396 0.298866
vt 0.136068 0.296535
vt 0.152483 0.372546
vt 0.134906 0.370421
vt 0.151379 0.401937
vt 0.134518 0.399879
vt 0.079516 0.479469
vt 0.061725 0.472585
vt 0.065021 0.468942
vt 0.079696 0.473807
vt 0.307801 0.448369
vt 0.324801 0.446983
vt 0.325815 0.451245
vt 0.307925 0.452020
vt 0.307605 0.447305
vt 0.324142 0.446097
vt 0.307416 0.446245
vt 0.323500 0.445214
vt 0.342448 0.375558
vt 0.325550 0.402029
vt 0.375222 0.306710
vt 0.406628 0.242673
vt 0.430993 0.175699
vt 0.460827 0.107632
vt 0.448041 0.119831
vt 0.453300 0.116962
vt 0.457654 0.112773
vt 0.461284 0.089566
vt 0.035059 0.010960
vt 0.033449 0.005335
vt 0.221467 0.000237
vt 0.209840 0.066818
vt 0.205888 0.089951
vt 0.202701 0.107871
vt 0.193357 0.160410
vt 0.181211 0.230342
vt 0.176363 0.301393
vt 0.171548 0.374844
vt 0.169667 0.404142
vt 0.096664 0.478456
vt 0.095944 0.472728
vt 0.291938 0.445351
vt 0.290682 0.448525
vt 0.292096 0.444250
vt 0.292258 0.443140
vt 0.325773 0.368893
vt 0.322941 0.397551
vt 0.319308 0.393872
vt 0.314857 0.391235
vt 0.357161 0.299424
vt 0.387274 0.234236
vt 0.413032 0.167620
vt 0.439730 0.098669
vt 0.455884 0.105369
vt 0.452805 0.110841
vt 0.449933 0.113643
vt 0.446461 0.115567
vt 0.442623 0.116493
vt 0.438669 0.116370
vt 0.432777 0.114333
vt 0.473308 0.016782
vt 0.458542 0.084330
vt 0.454551 0.079924
vt 0.449590 0.076686
vt 0.473824 0.015791
vt 0.474335 0.014804
vt 0.475868 0.011194
vt 0.309867 0.389903
vt 0.304724 0.389882
vt 0.424091 0.090922
vt 0.427354 0.111286
vt 0.424636 0.108407
vt 0.422768 0.104905
vt 0.421880 0.100994
vt 0.422066 0.096939
vt 0.443934 0.074993
vt 0.438025 0.074814
vt 0.134022 0.432395
vt 0.150111 0.434481
vt 0.149458 0.453418
vt 0.134284 0.444356
vt 0.167613 0.436522
vt 0.166191 0.457474
vt 0.185158 0.438587
vt 0.183037 0.461317
vt 0.204197 0.440819
vt 0.201590 0.463270
vt 0.134022 0.447054
vt 0.128370 0.446789
vt 0.266218 0.410973
vt 0.262450 0.413075
vt 0.267131 0.411489
vt 0.268049 0.412009
vt 0.289024 0.416875
vt 0.299551 0.427328
vt 0.291701 0.421221
vt 0.295235 0.424812
vt 0.314555 0.427448
vt 0.304425 0.428635
vt 0.309557 0.428692
vt 0.329779 0.436144
vt 0.330733 0.436621
vt 0.331691 0.437101
vt 0.332979 0.440955
vt 0.059293 0.457928
vt 0.053790 0.459454
vt 0.134291 0.416290
vt 0.150756 0.418338
vt 0.168620 0.420477
vt 0.186577 0.422601
vt 0.206072 0.424903
vt 0.132509 0.430172
vt 0.126873 0.431076
vt 0.271613 0.395738
vt 0.267856 0.396763
vt 0.272524 0.396356
vt 0.273432 0.396977
vt 0.288846 0.401865
vt 0.288197 0.404291
vt 0.287572 0.406846
vt 0.287660 0.411957
vt 0.307280 0.409299
vt 0.301528 0.422763
vt 0.296962 0.420341
vt 0.294578 0.418033
vt 0.292879 0.415199
vt 0.291983 0.412018
vt 0.291947 0.408692
vt 0.292720 0.406117
vt 0.293482 0.403661
vt 0.320948 0.415141
vt 0.319841 0.417186
vt 0.318422 0.419717
vt 0.316007 0.422026
vt 0.313075 0.423621
vt 0.309840 0.424411
vt 0.306500 0.424353
vt 0.337857 0.422256
vt 0.319120 0.425054
vt 0.322840 0.421598
vt 0.324341 0.419213
vt 0.325519 0.417242
vt 0.338904 0.422551
vt 0.339953 0.422843
vt 0.341758 0.426036
vt 0.054288 0.441454
vt 0.048688 0.442556
vt 0.295157 0.393749
vt 0.291451 0.397406
vt 0.290051 0.399747
vt 0.312967 0.395735
vt 0.294642 0.401480
vt 0.295959 0.399054
vt 0.298347 0.396701
vt 0.301281 0.395039
vt 0.304544 0.394185
vt 0.307933 0.394195
vt 0.321680 0.403593
vt 0.322566 0.406831
vt 0.322551 0.410189
vt 0.321669 0.412990
vt 0.317625 0.398268
vt 0.320014 0.400658
vt 0.326146 0.415085
vt 0.326887 0.412274
vt 0.326893 0.407064
vt 0.430581 0.119291
vt 0.421408 0.111828
vt 0.425516 0.116167
vt 0.436298 0.120983
vt 0.442254 0.121164
vt 0.426841 0.079220
vt 0.422407 0.083506
vt 0.447313 0.081688
vt 0.427244 0.085382
vt 0.430170 0.082523
vt 0.433720 0.080614
vt 0.437574 0.079626
vt 0.441533 0.079708
vt 0.457087 0.091329
vt 0.457976 0.095294
vt 0.457856 0.099374
vt 0.452579 0.084810
vt 0.455250 0.087766
vt 0.462509 0.101813
vt 0.462680 0.095702
vt 0.431181 0.117932
vt 0.437299 0.119876
vt 0.431781 0.116579
vt 0.438297 0.118775
vt 0.442560 0.120034
vt 0.442877 0.118908
vt 0.447669 0.118844
vt 0.447301 0.117866
vt 0.452304 0.116308
vt 0.451311 0.115668
vt 0.456150 0.112611
vt 0.454655 0.112446
vt 0.459451 0.107015
vt 0.458085 0.106405
vt 0.420531 0.089342
vt 0.418519 0.095613
vt 0.421881 0.089956
vt 0.419616 0.096618
vt 0.418350 0.101001
vt 0.419504 0.101315
vt 0.419531 0.106196
vt 0.420503 0.105814
vt 0.422043 0.110834
vt 0.422666 0.109839
vt 0.425664 0.114671
vt 0.425813 0.113180
vt 0.448955 0.078082
vt 0.442924 0.076149
vt 0.448326 0.079468
vt 0.441919 0.077305
vt 0.437696 0.076008
vt 0.437357 0.077197
vt 0.432578 0.077249
vt 0.432914 0.078269
vt 0.427845 0.079907
vt 0.428842 0.080589
vt 0.423914 0.083674
vt 0.425409 0.083852
vt 0.460292 0.090006
vt 0.457866 0.085345
vt 0.459309 0.090436
vt 0.457203 0.086369
vt 0.454340 0.081446
vt 0.454130 0.082962
vt 0.461368 0.100785
vt 0.460230 0.099768
vt 0.461509 0.095380
vt 0.460353 0.095052
vt 0.289279 0.404908
vt 0.288575 0.407657
vt 0.290351 0.405521
vt 0.289573 0.408469
vt 0.288643 0.412175
vt 0.289615 0.412398
vt 0.289852 0.416512
vt 0.290671 0.416154
vt 0.292201 0.420358
vt 0.292692 0.419492
vt 0.295350 0.423525
vt 0.295462 0.422248
vt 0.300058 0.426157
vt 0.300560 0.424996
vt 0.305288 0.427673
vt 0.306145 0.426720
vt 0.309823 0.427722
vt 0.310096 0.426762
vt 0.314240 0.426630
vt 0.313926 0.425821
vt 0.318263 0.424504
vt 0.317408 0.423968
vt 0.321561 0.421442
vt 0.320278 0.421295
vt 0.323148 0.418850
vt 0.321971 0.418491
vt 0.314375 0.392392
vt 0.309038 0.390866
vt 0.313897 0.393538
vt 0.308211 0.391825
vt 0.304479 0.390859
vt 0.304225 0.391827
vt 0.300042 0.392015
vt 0.300377 0.392833
vt 0.296033 0.394274
vt 0.296908 0.394786
vt 0.292759 0.397485
vt 0.294063 0.397567
vt 0.291277 0.400023
vt 0.290045 0.402323
vt 0.292488 0.400307
vt 0.291234 0.402780
vt 0.324733 0.402361
vt 0.322410 0.398414
vt 0.323928 0.402687
vt 0.321887 0.399278
vt 0.319207 0.395146
vt 0.319107 0.396414
vt 0.324341 0.416695
vt 0.325084 0.414412
vt 0.323164 0.416153
vt 0.324035 0.413750
vt 0.325912 0.411391
vt 0.325894 0.406807
vt 0.324938 0.410513
vt 0.324900 0.406539
vn 0.920910 -0.325032 -0.215125
vn 0.922373 -0.303713 -0.238718
vn 0.928738 -0.291674 -0.228851
vn 0.927212 -0.306573 -0.215154
vn 0.964146 -0.190325 -0.184929
vn 0.962755 -0.194158 -0.188164
vn 0.978283 -0.151802 -0.141133
vn 0.978363 -0.151442 -0.140967
vn 0.985466 -0.152048 -0.075744
vn 0.985222 -0.148787 -0.084855
vn 0.993401 -0.111807 -0.025578
vn 0.993459 -0.112363 -0.020354
vn 0.997190 -0.051043 0.054834
vn 0.997194 -0.050990 0.054810
vn 0.981444 0.048066 0.185625
vn 0.981394 0.048300 0.185833
vn 0.943900 0.137167 0.300397
vn 0.942826 0.139115 0.302863
vn 0.905013 0.197588 0.376711
vn 0.905005 0.197591 0.376728
vn 0.070187 0.709112 -0.701594
vn 0.070187 0.709112 -0.701594
vn 0.070450 0.715217 -0.695343
vn 0.070722 0.721600 -0.688689
vn 0.071335 0.732803 -0.676691
vn 0.071331 0.733695 -0.675725
vn 0.071347 0.730181 -0.679519
vn 0.071347 0.730190 -0.679509
vn 0.071329 0.733653 -0.675770
vn 0.071331 0.733390 -0.676056
vn 0.073603 0.800302 -0.595063
vn 0.073527 0.797896 -0.598294
vn 0.064387 0.855853 -0.513196
vn 0.066797 0.855543 -0.513404
vn 0.050688 0.856939 -0.512919
vn 0.050819 0.856938 -0.512908
vn 0.037833 0.857069 -0.513810
vn 0.037752 0.857058 -0.513836
vn -0.928431 0.282677 0.241058
vn -0.923266 0.314423 0.220721
vn -0.924721 0.303712 0.229457
vn -0.928215 0.280919 0.243930
vn -0.960191 0.218479 0.174072
vn -0.960150 0.218553 0.174202
vn -0.986740 0.145179 0.072578
vn -0.986745 0.145132 0.072604
vn -0.993766 0.109017 0.023338
vn -0.993761 0.109058 0.023360
vn -0.997213 0.051848 -0.053653
vn -0.997210 0.051874 -0.053682
vn -0.981514 -0.047873 -0.185305
vn -0.981522 -0.047794 -0.185285
vn -0.941829 -0.140924 -0.305122
vn -0.941837 -0.140899 -0.305108
vn -0.903940 -0.199141 -0.378466
vn -0.903951 -0.199149 -0.378434
vn -0.073831 -0.799157 0.596571
vn -0.073831 -0.799157 0.596571
vn -0.073798 -0.799150 0.596585
vn -0.073814 -0.799154 0.596578
vn -0.073770 -0.799161 0.596573
vn -0.073782 -0.799171 0.596559
vn -0.073899 -0.799154 0.596567
vn -0.073893 -0.799158 0.596563
vn -0.073849 -0.799184 0.596533
vn -0.073843 -0.799188 0.596529
vn -0.073676 -0.799194 0.596541
vn -0.073672 -0.799193 0.596543
vn -0.073564 -0.799171 0.596586
vn -0.073566 -0.799172 0.596584
vn -0.073619 -0.799183 0.596562
vn -0.073620 -0.799183 0.596562
vn -0.073728 -0.799222 0.596497
vn -0.073726 -0.799226 0.596492
vn -0.299768 0.579307 0.757986
vn -0.295226 0.624460 0.723112
vn -0.295117 0.625416 0.722330
vn -0.299769 0.579307 0.757985
vn -0.040275 -0.807250 -0.588834
vn -0.025892 -0.667021 -0.744589
vn -0.025891 -0.667012 -0.744597
vn -0.040275 -0.807250 -0.588834
vn 0.932862 -0.274545 -0.233224
vn 0.920539 -0.283438 -0.268833
vn 0.927575 -0.226175 -0.297405
vn 0.926841 -0.231120 -0.295886
vn 0.882576 -0.407532 -0.234475
vn 0.886450 -0.401616 -0.230026
vn 0.896900 -0.309330 -0.316045
vn 0.937679 -0.207125 -0.279031
vn 0.901361 -0.328112 -0.282650
vn 0.935615 -0.292052 -0.198318
vn 0.964656 -0.129149 -0.229695
vn 0.961199 -0.137586 -0.239098
vn 0.989148 -0.078203 -0.124383
vn 0.989160 -0.079072 -0.123735
vn 0.978265 -0.206616 -0.017527
vn 0.977786 -0.209052 -0.015240
vn 0.946724 -0.301954 -0.111970
vn 0.953407 -0.288446 -0.088397
vn 0.996150 -0.066107 -0.057586
vn 0.996244 -0.065695 -0.056417
vn 0.999749 -0.007135 0.021217
vn 0.999750 -0.007165 0.021193
vn 0.991860 -0.094820 0.084987
vn 0.991856 -0.094788 0.085070
vn 0.988495 -0.150840 0.011157
vn 0.989126 -0.146368 0.014335
vn 0.983963 0.110554 0.139982
vn 0.984105 0.110034 0.139394
vn 0.975867 -0.021958 0.217260
vn 0.973207 -0.014044 0.229503
vn 0.946219 0.200180 0.254159
vn 0.946061 0.200396 0.254577
vn 0.938268 0.068241 0.339111
vn 0.936248 0.073272 0.343615
vn 0.906907 0.241284 0.345401
vn 0.906783 0.237602 0.348268
vn 0.921443 0.122655 0.368644
vn 0.922708 0.116270 0.367548
vn 0.902927 0.227936 0.364373
vn 0.903969 0.211243 0.371775
vn 0.901665 0.155430 0.403536
vn 0.901414 0.152308 0.405283
vn -0.077741 -0.795974 0.600317
vn -0.077360 -0.796177 0.600097
vn -0.076050 -0.796982 0.599197
vn -0.077719 -0.796009 0.600275
vn -0.075219 -0.797314 0.598859
vn -0.075952 -0.797333 0.598741
vn 0.273183 0.603353 -0.749223
vn 0.248555 0.631613 -0.734360
vn 0.281319 0.593111 -0.754373
vn 0.281502 0.593107 -0.754308
vn 0.211092 0.673415 -0.708486
vn 0.279989 0.593136 -0.754848
vn 0.639305 -0.551637 -0.535710
vn 0.608930 -0.675046 -0.416554
vn -0.077514 -0.796359 0.599836
vn -0.077476 -0.796440 0.599734
vn -0.077654 -0.796187 0.600046
vn -0.076965 -0.796274 0.600020
vn -0.079528 -0.795650 0.600514
vn -0.080539 -0.795394 0.600718
vn 0.173431 0.712918 -0.679463
vn 0.173065 0.713156 -0.679306
vn 0.183169 0.703073 -0.687122
vn 0.189809 0.696450 -0.692048
vn 0.173353 0.713611 -0.678754
vn 0.175595 0.710568 -0.681366
vn -0.075507 -0.797144 0.599049
vn -0.076863 -0.797003 0.599065
vn -0.073881 -0.799130 0.596601
vn -0.073905 -0.798776 0.597072
vn -0.077027 -0.797238 0.598731
vn -0.072864 -0.799368 0.596407
vn 0.107699 0.772005 -0.626426
vn 0.073852 0.799114 -0.596626
vn 0.162561 0.723446 -0.670969
vn 0.167170 0.718623 -0.675007
vn 0.038504 0.824921 -0.563935
vn 0.158311 0.727520 -0.667572
vn -0.071158 -0.801012 0.594404
vn -0.071687 -0.801081 0.594248
vn -0.070609 -0.801104 0.594346
vn 0.001264 0.849025 -0.528352
vn 0.001972 0.848749 -0.528793
vn 0.003036 0.848315 -0.529483
vn -0.070863 -0.801295 0.594058
vn -0.071065 -0.801576 0.593655
vn -0.070846 -0.800980 0.594485
vn 0.004296 0.846958 -0.531642
vn 0.004334 0.847308 -0.531084
vn 0.004452 0.847756 -0.530368
vn -0.071915 -0.800285 0.595292
vn -0.071987 -0.800460 0.595047
vn -0.071908 -0.800275 0.595306
vn -0.647732 0.485499 0.587140
vn -0.647064 0.485680 0.587727
vn -0.643006 0.525173 0.557438
vn -0.642671 0.526384 0.556682
vn -0.646387 0.485864 0.588320
vn -0.643257 0.523929 0.558318
vn 0.002695 0.847513 -0.530768
vn 0.003165 0.848040 -0.529922
vn 0.003420 0.848323 -0.529467
vn 0.559715 0.091488 -0.823619
vn 0.890760 -0.152121 -0.428259
vn 0.912034 -0.205573 -0.354871
vn 0.619415 -0.117297 -0.776252
vn 0.923978 -0.109473 -0.366444
vn 0.950986 -0.110773 -0.288712
vn 0.018847 -0.131287 -0.991165
vn 0.035883 0.108724 -0.993424
vn 0.035883 0.108724 -0.993424
vn 0.018853 -0.131206 -0.991176
vn -0.892684 0.163182 0.420104
vn -0.920181 0.228086 0.318188
vn -0.919211 0.229275 0.320132
vn -0.908742 0.201639 0.365418
vn -0.962101 0.214498 0.168383
vn -0.960238 0.218396 0.173915
vn -0.986739 0.145222 0.072511
vn -0.986734 0.145273 0.072468
vn -0.994024 0.107189 0.020672
vn -0.993765 0.109051 0.023237
vn -0.997209 0.051888 -0.053677
vn -0.997209 0.051878 -0.053694
vn -0.981551 -0.047701 -0.185154
vn -0.982812 -0.043330 -0.179452
vn -0.941855 -0.140839 -0.305078
vn -0.942991 -0.138807 -0.302490
vn -0.903926 -0.199140 -0.378499
vn -0.903910 -0.199125 -0.378545
vn -0.266646 0.787726 0.555327
vn -0.235986 0.880397 0.411354
vn -0.235986 0.880397 0.411354
vn -0.263511 0.799671 0.539526
vn 0.930366 0.260217 0.258276
vn 0.893691 0.218194 0.392056
vn 0.917397 0.242058 0.315896
vn 0.932214 0.262524 0.249114
vn -0.607462 0.678524 0.413031
vn -0.566544 0.766182 0.303305
vn -0.565022 0.767208 0.303550
vn -0.601137 0.691696 0.400240
vn -0.613936 0.663355 0.427834
vn -0.568887 0.764595 0.302923
vn 0.943616 0.137695 0.301047
vn 0.943633 0.137651 0.301014
vn 0.904996 0.197688 0.376699
vn 0.905015 0.197709 0.376641
vn 0.981464 0.048008 0.185536
vn 0.982618 0.044034 0.180342
vn 0.997194 -0.051006 0.054799
vn 0.997192 -0.051020 0.054824
vn 0.993977 -0.106224 -0.026941
vn 0.993682 -0.109459 -0.024812
vn 0.958788 -0.241692 -0.149370
vn 0.961939 -0.236266 -0.137301
vn 0.984735 -0.155431 -0.078342
vn 0.985979 -0.145876 -0.081028
vn 0.972849 -0.211567 -0.093833
vn 0.972806 -0.211544 -0.094325
vn 0.906579 -0.176380 -0.383412
vn 0.915122 -0.198025 -0.351194
vn -0.005992 -0.445405 -0.895309
vn -0.005991 -0.445399 -0.895312
vn -0.929863 0.250364 0.269577
vn -0.929034 0.256806 0.266358
vn -0.960191 0.218475 0.174075
vn -0.986747 0.145127 0.072591
vn -0.993762 0.109052 0.023351
vn -0.997208 0.051897 -0.053689
vn -0.981507 -0.047816 -0.185356
vn -0.941817 -0.140914 -0.305161
vn -0.903951 -0.199160 -0.378428
vn -0.288252 0.677802 0.676384
vn -0.288208 0.678106 0.676098
vn 0.906947 0.244230 0.343217
vn 0.906062 0.245051 0.344967
vn -0.635747 0.571925 0.518389
vn -0.634313 0.572977 0.518985
vn -0.637118 0.570861 0.517879
vn 0.945108 0.134968 0.297580
vn 0.905031 0.197740 0.376587
vn 0.905022 0.197755 0.376602
vn 0.905021 0.197679 0.376643
vn 0.981425 0.048099 0.185720
vn 0.997191 -0.051042 0.054817
vn 0.994107 -0.106390 -0.020787
vn 0.963683 -0.211031 -0.163651
vn 0.963695 -0.211002 -0.163619
vn 0.963710 -0.211019 -0.163506
vn 0.963710 -0.211019 -0.163506
vn 0.963710 -0.211019 -0.163506
vn 0.963710 -0.211019 -0.163506
vn 0.963710 -0.211019 -0.163506
vn 0.963699 -0.210985 -0.163616
vn 0.923685 -0.256099 -0.284991
vn 0.923194 -0.228143 -0.309295
vn 0.923291 -0.228114 -0.309026
vn 0.926443 -0.249311 -0.282040
vn 0.650603 -0.371552 -0.662318
vn 0.891179 -0.256270 -0.374335
vn 0.930770 -0.222446 -0.290146
vn 0.905025 0.197593 0.376678
vn 0.905031 0.197581 0.376672
vn 0.963669 -0.211064 -0.163686
vn 0.963687 -0.210952 -0.163726
vn 0.963687 -0.210952 -0.163726
vn 0.963687 -0.210952 -0.163726
vn 0.963687 -0.210952 -0.163726
vn 0.963687 -0.210952 -0.163726
vn 0.928539 -0.270043 -0.254740
vn 0.928467 -0.270143 -0.254897
vn -0.890591 -0.264867 -0.369721
vn -0.905434 -0.228960 -0.357444
vn -0.913937 -0.233973 -0.331626
vn -0.867290 -0.348429 -0.355536
vn -0.922552 -0.183954 -0.339204
vn -0.936829 -0.169773 -0.305824
vn -0.928131 -0.168317 -0.332027
vn -0.943981 -0.144242 -0.296806
vn -0.929306 -0.160918 -0.332410
vn -0.945302 -0.132669 -0.298000
vn -0.073816 -0.799198 0.596517
vn -0.073851 -0.799177 0.596542
vn -0.073851 -0.799177 0.596542
vn -0.073820 -0.799196 0.596520
vn 0.918332 0.158941 0.362496
vn 0.929691 0.085945 0.358174
vn -0.072116 -0.800067 0.595560
vn -0.072010 -0.799988 0.595680
vn -0.073360 -0.800012 0.595482
vn -0.072972 -0.800358 0.595065
vn -0.071048 -0.799920 0.595886
vn -0.071192 -0.799972 0.595799
vn 0.936387 0.157172 0.313809
vn 0.945263 0.142565 0.293520
vn 0.944850 0.126313 0.302165
vn 0.932903 0.150173 0.327321
vn 0.938793 0.174976 0.296735
vn 0.940364 0.174643 0.291918
vn 0.944593 0.175641 0.277297
vn 0.944441 0.175754 0.277744
vn 0.904183 0.248310 0.347556
vn 0.912843 0.239471 0.330714
vn 0.932233 0.174139 0.317202
vn 0.932362 0.174002 0.316898
vn 0.891193 0.272027 0.363011
vn 0.875196 0.334360 0.349621
vn -0.027740 0.866014 -0.499250
vn -0.027851 0.866040 -0.499199
vn -0.012165 0.856657 -0.515742
vn -0.010384 0.855821 -0.517168
vn -0.027627 0.865987 -0.499302
vn -0.008799 0.855240 -0.518157
vn 0.872698 0.165072 0.459509
vn 0.816275 0.141700 0.560015
vn 0.031212 0.871500 -0.489401
vn 0.022202 0.885716 -0.463697
vn 0.022202 0.885716 -0.463697
vn 0.033797 0.867262 -0.496705
vn -0.903905 -0.199132 -0.378554
vn -0.903916 -0.199191 -0.378495
vn -0.903940 -0.199177 -0.378447
vn -0.903948 -0.199136 -0.378449
vn -0.903947 -0.199157 -0.378438
vn -0.073735 -0.799248 0.596461
vn -0.073740 -0.799245 0.596464
vn 0.906226 0.224801 0.358077
vn 0.905997 0.220314 0.361429
vn -0.071834 -0.800336 0.595233
vn -0.072071 -0.800331 0.595211
vn -0.071229 -0.800116 0.595601
vn 0.904972 0.197668 0.376767
vn 0.904988 0.197670 0.376728
vn 0.904989 0.197685 0.376716
vn 0.904993 0.197692 0.376703
vn 0.904976 0.197677 0.376753
vn 0.905015 0.197708 0.376643
vn 0.905016 0.197717 0.376635
vn 0.905053 0.197633 0.376591
vn 0.905053 0.197633 0.376591
vn 0.905053 0.197633 0.376591
vn 0.905053 0.197633 0.376591
vn 0.905053 0.197633 0.376591
vn 0.905053 0.197633 0.376591
vn 0.905019 0.197718 0.376627
vn 0.905010 0.197698 0.376659
vn 0.904979 0.197802 0.376680
vn 0.904979 0.197802 0.376680
vn 0.904979 0.197802 0.376680
vn 0.904979 0.197802 0.376680
vn 0.904979 0.197802 0.376680
vn 0.904979 0.197802 0.376680
vn 0.904975 0.197742 0.376720
vn 0.904991 0.197801 0.376653
vn 0.904993 0.197822 0.376636
vn 0.904991 0.197826 0.376638
vn 0.904975 0.197761 0.376710
vn 0.002611 0.847710 -0.530454
vn 0.002913 0.847898 -0.530152
vn 0.003051 0.848009 -0.529973
vn 0.902876 0.170464 0.394660
vn 0.903268 0.174647 0.391926
vn 0.039148 0.857369 -0.513211
vn 0.039084 0.857346 -0.513255
vn 0.904964 0.197663 0.376788
vn 0.904966 0.197668 0.376780
vn 0.904961 0.197671 0.376791
vn 0.905013 0.197699 0.376652
vn 0.904985 0.197803 0.376664
vn 0.904985 0.197803 0.376664
vn 0.904985 0.197803 0.376664
vn 0.904985 0.197803 0.376664
vn 0.904985 0.197803 0.376664
vn 0.904985 0.197803 0.376664
vn 0.905041 0.197594 0.376639
vn 0.905041 0.197594 0.376639
vn 0.905041 0.197594 0.376639
vn 0.905041 0.197594 0.376639
vn 0.905041 0.197594 0.376639
vn 0.905041 0.197594 0.376639
vn 0.904964 0.197702 0.376767
vn 0.904965 0.197698 0.376768
vn 0.904970 0.197696 0.376757
vn 0.987384 -0.142699 -0.068624
vn 0.985837 -0.158617 -0.054457
vn 0.985810 -0.158714 -0.054676
vn 0.988539 -0.125798 -0.083455
vn 0.988573 -0.125634 -0.083303
vn 0.946722 -0.228724 -0.226722
vn 0.946827 -0.228633 -0.226377
vn 0.963667 -0.211077 -0.163686
vn 0.963653 -0.211166 -0.163651
vn 0.963653 -0.211166 -0.163651
vn 0.963653 -0.211166 -0.163651
vn 0.963653 -0.211166 -0.163651
vn 0.963653 -0.211166 -0.163651
vn 0.963680 -0.210987 -0.163721
vn 0.963681 -0.210987 -0.163721
vn 0.963680 -0.210987 -0.163721
vn 0.963680 -0.210987 -0.163721
vn 0.963680 -0.210987 -0.163721
vn 0.943692 -0.266526 -0.195986
vn 0.943543 -0.266882 -0.196218
vn 0.963811 -0.210661 -0.163375
vn 0.963603 -0.211237 -0.163854
vn 0.963382 -0.211681 -0.164578
vn 0.963412 -0.211941 -0.164069
vn 0.963593 -0.211275 -0.163866
vn 0.963708 -0.210918 -0.163647
vn 0.963635 -0.211389 -0.163471
vn 0.963718 -0.210948 -0.163551
vn 0.963601 -0.211393 -0.163667
vn 0.963537 -0.211657 -0.163700
vn 0.963815 -0.210382 -0.163709
vn 0.963685 -0.210997 -0.163683
vn 0.963757 -0.210861 -0.163435
vn 0.963679 -0.210815 -0.163953
vn 0.963688 -0.211280 -0.163295
vn 0.963545 -0.211558 -0.163782
vn 0.963672 -0.211938 -0.162536
vn 0.963689 -0.212896 -0.161178
vn 0.963710 -0.211375 -0.163043
vn 0.963701 -0.211515 -0.162915
vn 0.963839 -0.210829 -0.162991
vn 0.963655 -0.210624 -0.164334
vn 0.963857 -0.211115 -0.162513
vn 0.963629 -0.211196 -0.163752
vn 0.963845 -0.210775 -0.163027
vn 0.963490 -0.211570 -0.164091
vn 0.963439 -0.211530 -0.164440
vn 0.963374 -0.211714 -0.164581
vn 0.963367 -0.211536 -0.164854
vn 0.963576 -0.211301 -0.163931
vn 0.963586 -0.211442 -0.163691
vn 0.963926 -0.210382 -0.163054
vn 0.963697 -0.210948 -0.163672
vn 0.963885 -0.210117 -0.163633
vn 0.963696 -0.210800 -0.163870
vn 0.963828 -0.209886 -0.164265
vn 0.963715 -0.211281 -0.163139
vn 0.963926 -0.209951 -0.163610
vn 0.963599 -0.210929 -0.164274
vn 0.963465 -0.211493 -0.164333
vn 0.963447 -0.210795 -0.165334
vn 0.963341 -0.211486 -0.165071
vn 0.963467 -0.211556 -0.164243
vn 0.963188 -0.211899 -0.165434
vn 0.963611 -0.211343 -0.163670
vn 0.963714 -0.211419 -0.162968
vn 0.963751 -0.210954 -0.163345
vn 0.963625 -0.210881 -0.164182
vn 0.904861 0.197742 0.376994
vn 0.904779 0.198149 0.376976
vn 0.904863 0.198257 0.376720
vn 0.904599 0.197258 0.377877
vn 0.905081 0.197707 0.376483
vn 0.904802 0.197250 0.377393
vn 0.905126 0.197667 0.376396
vn 0.904808 0.197418 0.377291
vn 0.904711 0.197686 0.377382
vn 0.904788 0.197312 0.377396
vn 0.904659 0.198034 0.377325
vn 0.904961 0.197699 0.376777
vn 0.904807 0.198266 0.376849
vn 0.904479 0.198512 0.377506
vn 0.904748 0.198273 0.376988
vn 0.903992 0.199619 0.378089
vn 0.904888 0.197831 0.376882
vn 0.904377 0.199139 0.377421
vn 0.905214 0.196567 0.376762
vn 0.905030 0.197216 0.376863
vn 0.905096 0.197181 0.376723
vn 0.905140 0.196913 0.376758
vn 0.905059 0.197847 0.376464
vn 0.904986 0.197491 0.376826
vn 0.905108 0.198409 0.376050
vn 0.905109 0.197478 0.376538
vn 0.904875 0.198204 0.376718
vn 0.904956 0.197262 0.377019
vn 0.905031 0.197925 0.376489
vn 0.904633 0.198312 0.377242
vn 0.905077 0.197112 0.376805
vn 0.904786 0.198135 0.376967
vn 0.905025 0.197693 0.376626
vn 0.904988 0.198193 0.376452
vn 0.905189 0.197076 0.376556
vn 0.905211 0.197474 0.376293
vn 0.905173 0.196845 0.376716
vn 0.905178 0.196534 0.376865
vn 0.905004 0.197751 0.376646
vn 0.904830 0.197719 0.377080
vn 0.904856 0.197886 0.376930
vn 0.904992 0.198768 0.376139
vn 0.905734 0.197697 0.374916
vn 0.906039 0.197558 0.374251
vn 0.905034 0.197426 0.376745
vn 0.905731 0.197626 0.374959
vn 0.905385 0.197838 0.375684
vn 0.906046 0.197473 0.374280
vn 0.904952 0.198702 0.376270
vn 0.905091 0.198222 0.376189
vn 0.905043 0.198486 0.376166
vn 0.905145 0.198074 0.376138
vn 0.904979 0.197980 0.376587
vn 0.905258 0.197937 0.375937
vn 0.904959 0.198274 0.376479
vn 0.904932 0.197625 0.376886
vn -0.257984 -0.569675 -0.780330
vn -0.257988 -0.569721 -0.780295
vn -0.266952 -0.720159 -0.640397
vn -0.266953 -0.720208 -0.640341
vn -0.258431 -0.890594 -0.374241
vn -0.258434 -0.890575 -0.374285
vn -0.232463 -0.964502 -0.125287
vn -0.232453 -0.964514 -0.125216
vn -0.190556 -0.972727 0.132257
vn -0.190522 -0.972709 0.132433
vn -0.122053 -0.893277 0.432619
vn -0.122041 -0.893258 0.432662
vn -0.070250 -0.792082 0.606359
vn -0.070261 -0.792107 0.606325
vn 0.072182 0.796348 -0.600517
vn 0.072201 0.796391 -0.600456
vn 0.017464 0.662158 -0.749161
vn 0.017496 0.662245 -0.749083
vn -0.067096 0.402989 -0.912742
vn -0.067102 0.402970 -0.912750
vn -0.131644 0.158460 -0.978550
vn -0.131653 0.158421 -0.978555
vn -0.186938 -0.096337 -0.977637
vn -0.186935 -0.096324 -0.977638
vn -0.237376 -0.395288 -0.887356
vn -0.237385 -0.395353 -0.887324
vn 0.257217 0.570140 0.780243
vn 0.257212 0.570073 0.780294
vn 0.266009 0.721062 0.639772
vn 0.266009 0.721062 0.639772
vn 0.257890 0.890771 0.374191
vn 0.257891 0.890767 0.374201
vn 0.232067 0.964585 0.125383
vn 0.232062 0.964592 0.125339
vn 0.190269 0.972786 -0.132232
vn 0.190255 0.972779 -0.132304
vn 0.122982 0.895138 -0.428490
vn 0.122930 0.895051 -0.428686
vn 0.131793 -0.158438 0.978534
vn 0.131772 -0.158525 0.978522
vn 0.188003 0.096214 0.977444
vn 0.188002 0.096206 0.977446
vn 0.237653 0.394506 0.887629
vn 0.237640 0.394412 0.887675
vn -0.016363 -0.659142 0.751841
vn -0.016326 -0.659043 0.751929
vn 0.066865 -0.402869 0.912812
vn 0.066849 -0.402924 0.912789
vn 0.099684 0.762720 -0.639000
vn 0.099684 0.762720 -0.639001
vn 0.169252 0.645467 -0.744800
vn 0.169218 0.645531 -0.744752
vn 0.266056 0.429149 -0.863160
vn 0.266046 0.429174 -0.863151
vn 0.342904 0.186055 -0.920761
vn 0.342912 0.186025 -0.920764
vn 0.396206 -0.069021 -0.915564
vn 0.396211 -0.069051 -0.915559
vn 0.424968 -0.370630 -0.825854
vn 0.424969 -0.370674 -0.825834
vn 0.420413 -0.548850 -0.722508
vn 0.420412 -0.548862 -0.722499
vn 0.397898 -0.703786 -0.588526
vn 0.397912 -0.703723 -0.588591
vn 0.331922 -0.881495 -0.335847
vn 0.331918 -0.881502 -0.335833
vn 0.252323 -0.962407 -0.100531
vn 0.252382 -0.962375 -0.100690
vn 0.155343 -0.977724 0.141153
vn 0.155338 -0.977723 0.141165
vn 0.043370 -0.923369 0.381457
vn 0.043418 -0.923406 0.381361
vn -0.027806 -0.855914 0.516370
vn -0.027806 -0.855914 0.516370
vn -0.420584 0.548811 0.722438
vn -0.420584 0.548811 0.722438
vn -0.398241 0.703899 0.588159
vn -0.398249 0.703863 0.588197
vn -0.332186 0.881475 0.335641
vn -0.332170 0.881501 0.335588
vn -0.252242 0.962383 0.100958
vn -0.252223 0.962394 0.100907
vn -0.154892 0.977828 -0.140927
vn -0.154920 0.977833 -0.140861
vn -0.044565 0.924532 -0.378491
vn -0.044573 0.924538 -0.378475
vn 0.027797 0.856074 -0.516105
vn 0.027798 0.856074 -0.516105
vn 0.064798 0.811541 -0.580691
vn 0.064832 0.811497 -0.580749
vn -0.342391 -0.186019 0.920959
vn -0.342379 -0.186066 0.920954
vn -0.396572 0.069616 0.915360
vn -0.396560 0.069543 0.915371
vn -0.425115 0.370671 0.825761
vn -0.425115 0.370692 0.825751
vn -0.063412 -0.812915 0.578920
vn -0.063408 -0.812921 0.578912
vn -0.099587 -0.762193 0.639644
vn -0.099587 -0.762193 0.639644
vn -0.165925 -0.650728 0.740961
vn -0.165902 -0.650771 0.740928
vn -0.265137 -0.429113 0.863461
vn -0.265124 -0.429147 0.863448
vn -0.939642 0.209334 0.270651
vn -0.936670 0.237851 0.257054
vn -0.942011 0.232433 0.242053
vn -0.943406 0.215118 0.252408
vn -0.966446 0.222164 0.128937
vn -0.965368 0.224043 0.133675
vn -0.978212 0.192366 0.078077
vn -0.978249 0.192343 0.077669
vn -0.989676 0.130657 0.058915
vn -0.988390 0.140258 0.058427
vn -0.995486 0.094754 0.005322
vn -0.995968 0.089605 0.004359
vn -0.996483 0.035150 -0.076062
vn -0.996482 0.035145 -0.076080
vn -0.976399 -0.063937 -0.206296
vn -0.976332 -0.064134 -0.206549
vn -0.935032 -0.152647 -0.320022
vn -0.933868 -0.154579 -0.322485
vn -0.893612 -0.212689 -0.395248
vn -0.893598 -0.212686 -0.395280
vn 0.072060 0.874187 -0.480214
vn 0.072060 0.874187 -0.480214
vn 0.072184 0.869915 -0.487890
vn 0.072310 0.865341 -0.495940
vn 0.072492 0.856977 -0.510230
vn 0.072515 0.856307 -0.511350
vn 0.072474 0.859058 -0.506722
vn 0.072478 0.859061 -0.506716
vn 0.072578 0.856463 -0.511080
vn 0.072571 0.856665 -0.510743
vn 0.073709 0.798023 -0.598102
vn 0.073680 0.800411 -0.594906
vn 0.084817 0.734269 -0.673540
vn 0.082392 0.734614 -0.673464
vn 0.098547 0.732943 -0.673115
vn 0.098420 0.732945 -0.673130
vn 0.111399 0.732496 -0.671595
vn 0.111472 0.732508 -0.671570
vn 0.939686 -0.246573 -0.237049
vn 0.940172 -0.217782 -0.262008
vn 0.939615 -0.229212 -0.254139
vn 0.939054 -0.249759 -0.236216
vn 0.967015 -0.203529 -0.153160
vn 0.966987 -0.203603 -0.153240
vn 0.990225 -0.129691 -0.051338
vn 0.990227 -0.129676 -0.051335
vn 0.995630 -0.093359 -0.002036
vn 0.995628 -0.093381 -0.002070
vn 0.996542 -0.035979 0.074896
vn 0.996541 -0.035979 0.074915
vn 0.976481 0.063736 0.205967
vn 0.976495 0.063668 0.205922
vn 0.932807 0.156377 0.324680
vn 0.932816 0.156326 0.324680
vn 0.892417 0.214151 0.397153
vn 0.892422 0.214126 0.397156
vn -0.073697 -0.799189 0.596544
vn -0.073697 -0.799189 0.596544
vn -0.073698 -0.799161 0.596582
vn -0.073697 -0.799175 0.596563
vn -0.073696 -0.799123 0.596633
vn -0.073695 -0.799127 0.596628
vn -0.073709 -0.799185 0.596549
vn -0.073707 -0.799181 0.596554
vn -0.073715 -0.799162 0.596579
vn -0.073715 -0.799159 0.596583
vn -0.073669 -0.799176 0.596565
vn -0.073667 -0.799178 0.596563
vn -0.073608 -0.799178 0.596570
vn -0.073604 -0.799165 0.596588
vn -0.073630 -0.799128 0.596635
vn -0.073631 -0.799128 0.596634
vn -0.073787 -0.799158 0.596575
vn -0.073798 -0.799160 0.596571
vn 0.323356 -0.593956 -0.736653
vn 0.327170 -0.547627 -0.770107
vn 0.327242 -0.546577 -0.770822
vn 0.323356 -0.593956 -0.736653
vn -0.028536 0.334442 0.941984
vn -0.013706 0.523632 0.851834
vn -0.013706 0.523629 0.851836
vn -0.028536 0.334442 0.941984
vn -0.943470 0.241901 0.226602
vn -0.930086 0.272277 0.246587
vn -0.927472 0.316390 0.199234
vn -0.927514 0.313441 0.203648
vn -0.911527 0.201289 0.358610
vn -0.914879 0.199071 0.351238
vn -0.907039 0.307893 0.287197
vn -0.936087 0.305237 0.174849
vn -0.916298 0.270790 0.295076
vn -0.950925 0.203718 0.232895
vn -0.955706 0.282306 0.083241
vn -0.952761 0.288683 0.094381
vn -0.980219 0.197903 0.002321
vn -0.980390 0.197046 0.002965
vn -0.993712 0.058996 0.095159
vn -0.993714 0.056091 0.096879
vn -0.968996 0.119911 0.216030
vn -0.975332 0.101844 0.195843
vn -0.989958 0.138335 -0.029101
vn -0.990076 0.137325 -0.029854
vn -0.990905 0.079792 -0.108353
vn -0.990911 0.079824 -0.108275
vn -0.999064 -0.006013 -0.042832
vn -0.999062 -0.006060 -0.042869
vn -0.998309 0.048311 0.032338
vn -0.998546 0.046607 0.027081
vn -0.967551 -0.002616 -0.252663
vn -0.967688 -0.002268 -0.252140
vn -0.982339 -0.113881 -0.148461
vn -0.979473 -0.123655 -0.159190
vn -0.925874 -0.090651 -0.366796
vn -0.925729 -0.090978 -0.367083
vn -0.941206 -0.209185 -0.265281
vn -0.938853 -0.212244 -0.271123
vn -0.887547 -0.170348 -0.428067
vn -0.888114 -0.174199 -0.425333
vn -0.919385 -0.223984 -0.323362
vn -0.921401 -0.224590 -0.317144
vn -0.886769 -0.192672 -0.420140
vn -0.890577 -0.204163 -0.406435
vn -0.897797 -0.249781 -0.362727
vn -0.898078 -0.252304 -0.360277
vn -0.070600 -0.801707 0.593533
vn -0.070604 -0.801579 0.593705
vn -0.070739 -0.801267 0.594110
vn -0.070615 -0.801751 0.593471
vn -0.070627 -0.800858 0.594675
vn -0.071686 -0.800237 0.595384
vn -0.139638 0.910854 -0.388389
vn -0.114181 0.901935 -0.416504
vn -0.149061 0.913725 -0.378005
vn -0.148893 0.913715 -0.378095
vn -0.072947 0.885719 -0.458455
vn -0.150294 0.913795 -0.377347
vn -0.670220 0.423891 0.609198
vn -0.664575 0.272933 0.695591
vn -0.070694 -0.802246 0.592793
vn -0.070935 -0.801161 0.594230
vn -0.069304 -0.802134 0.593109
vn -0.069854 -0.801848 0.593432
vn -0.069730 -0.801952 0.593305
vn -0.068672 -0.802691 0.592429
vn -0.029807 0.864169 -0.502319
vn -0.030170 0.864173 -0.502289
vn -0.041298 0.870496 -0.490439
vn -0.048355 0.873674 -0.484103
vn -0.030168 0.864283 -0.502101
vn -0.034174 0.866514 -0.497982
vn -0.069890 -0.801690 0.593640
vn -0.070206 -0.801579 0.593752
vn -0.073966 -0.799169 0.596539
vn -0.072485 -0.800252 0.595267
vn -0.071489 -0.800591 0.594931
vn -0.074529 -0.798447 0.597434
vn 0.037849 0.823241 -0.566429
vn 0.073815 0.799254 -0.596443
vn -0.019239 0.858236 -0.512895
vn -0.024185 0.860699 -0.508540
vn 0.109950 0.772093 -0.625926
vn -0.013928 0.856369 -0.516177
vn -0.076660 -0.797498 0.598432
vn -0.076965 -0.797833 0.597945
vn -0.076179 -0.796985 0.599177
vn 0.147646 0.740124 -0.656062
vn 0.146815 0.741020 -0.655236
vn 0.145325 0.741735 -0.654759
vn -0.076620 -0.797258 0.598756
vn -0.077660 -0.797603 0.598163
vn -0.075816 -0.797092 0.599080
vn 0.144795 0.743386 -0.653002
vn 0.144354 0.742936 -0.653611
vn 0.144177 0.742525 -0.654118
vn -0.075130 -0.797954 0.598018
vn -0.075699 -0.798078 0.597780
vn -0.074695 -0.798028 0.597973
vn 0.665176 -0.492542 -0.561198
vn 0.665886 -0.492262 -0.560602
vn 0.668978 -0.452062 -0.590007
vn 0.668537 -0.451287 -0.591099
vn 0.666605 -0.491977 -0.559997
vn 0.669411 -0.452864 -0.588900
vn 0.146066 0.741869 -0.654443
vn 0.145746 0.741724 -0.654679
vn 0.145501 0.741754 -0.654699
vn -0.486675 0.869039 0.088984
vn -0.872519 0.457762 0.170776
vn -0.905593 0.374954 0.198268
vn -0.576502 0.772025 0.267625
vn -0.903756 0.413999 0.108760
vn -0.935728 0.342411 0.084669
vn 0.029722 0.912338 0.408357
vn 0.045143 0.982853 0.178777
vn 0.045143 0.982853 0.178777
vn 0.029723 0.912342 0.408349
vn 0.876391 -0.447169 -0.178825
vn 0.919118 -0.334384 -0.208348
vn 0.918185 -0.335872 -0.210061
vn 0.901105 -0.385831 -0.197851
vn 0.968758 -0.199414 -0.147451
vn 0.967056 -0.203440 -0.153020
vn 0.990232 -0.129628 -0.051351
vn 0.990234 -0.129598 -0.051394
vn 0.995814 -0.091402 0.000522
vn 0.995636 -0.093306 -0.002009
vn 0.996540 -0.035994 0.074912
vn 0.996538 -0.036008 0.074941
vn 0.976523 0.063587 0.205815
vn 0.977973 0.059177 0.200166
vn 0.932840 0.156313 0.324618
vn 0.934058 0.154280 0.322076
vn 0.892431 0.214169 0.397114
vn 0.892419 0.214162 0.397144
vn 0.331538 -0.339207 -0.880353
vn 0.323226 -0.172858 -0.930400
vn 0.323226 -0.172858 -0.930400
vn 0.331088 -0.320419 -0.887532
vn -0.902404 -0.079733 -0.423449
vn -0.880703 -0.222851 -0.417970
vn -0.895861 -0.140943 -0.421389
vn -0.903306 -0.070135 -0.423224
vn 0.663673 -0.268178 -0.698298
vn 0.642518 -0.134823 -0.754316
vn 0.642116 -0.134758 -0.754670
vn 0.661313 -0.251469 -0.706703
vn 0.665968 -0.287674 -0.688281
vn 0.643136 -0.134923 -0.753771
vn -0.934726 -0.153142 -0.320678
vn -0.934723 -0.153115 -0.320702
vn -0.893617 -0.212640 -0.395263
vn -0.893615 -0.212602 -0.395288
vn -0.976421 -0.063853 -0.206216
vn -0.977743 -0.059885 -0.201079
vn -0.996483 0.035153 -0.076064
vn -0.996484 0.035136 -0.076057
vn -0.995226 0.097597 0.000360
vn -0.995502 0.094696 0.002831
vn -0.970355 0.173449 0.168305
vn -0.973557 0.163714 0.159324
vn -0.989221 0.132190 0.062995
vn -0.988999 0.137486 0.054577
vn -0.983934 0.130191 0.122166
vn -0.983852 0.130691 0.122293
vn -0.894405 0.409783 0.179216
vn -0.907891 0.373858 0.189644
vn 0.006029 0.731049 0.682298
vn 0.006029 0.731050 0.682297
vn 0.934898 -0.282836 -0.214403
vn 0.935154 -0.277884 -0.219697
vn 0.967001 -0.203565 -0.153200
vn 0.990230 -0.129657 -0.051325
vn 0.995628 -0.093379 -0.002060
vn 0.996541 -0.035977 0.074910
vn 0.976477 0.063729 0.205990
vn 0.932797 0.156357 0.324718
vn 0.892432 0.214136 0.397129
vn 0.330301 -0.487441 -0.808272
vn 0.330309 -0.487081 -0.808485
vn -0.887096 -0.167705 -0.430042
vn -0.886226 -0.169231 -0.431236
vn 0.670472 -0.401256 -0.624068
vn 0.670177 -0.400934 -0.624592
vn 0.670756 -0.401559 -0.623569
vn -0.936350 -0.150436 -0.317204
vn -0.893605 -0.212556 -0.395334
vn -0.893607 -0.212554 -0.395333
vn -0.893626 -0.212620 -0.395254
vn -0.976384 -0.063978 -0.206351
vn -0.996483 0.035158 -0.076065
vn -0.995788 0.091679 -0.001244
vn -0.970158 0.196044 0.142692
vn -0.970155 0.196045 0.142713
vn -0.970158 0.196016 0.142730
vn -0.970158 0.196016 0.142730
vn -0.970158 0.196016 0.142730
vn -0.970158 0.196016 0.142730
vn -0.970158 0.196016 0.142730
vn -0.970156 0.196035 0.142716
vn -0.928524 0.295335 0.224992
vn -0.922683 0.326284 0.205416
vn -0.922788 0.326052 0.205308
vn -0.930543 0.294682 0.217378
vn -0.648919 0.595554 0.473518
vn -0.890643 0.377106 0.254057
vn -0.930799 0.310290 0.193220
vn -0.893649 -0.212684 -0.395167
vn -0.893659 -0.212691 -0.395141
vn -0.970161 0.196043 0.142669
vn -0.970154 0.196055 0.142703
vn -0.970154 0.196055 0.142703
vn -0.970154 0.196055 0.142703
vn -0.970154 0.196055 0.142703
vn -0.970154 0.196055 0.142703
vn -0.937210 0.263030 0.229024
vn -0.937143 0.263142 0.229170
vn 0.869861 0.188878 0.455704
vn 0.888533 0.185604 0.419595
vn 0.894489 0.158701 0.417975
vn 0.834626 0.154558 0.528688
vn 0.910298 0.178922 0.373289
vn 0.924061 0.149586 0.351760
vn 0.917429 0.175804 0.356955
vn 0.933959 0.147259 0.325630
vn 0.919583 0.178069 0.350227
vn 0.936872 0.151387 0.315204
vn -0.073795 -0.799194 0.596526
vn -0.073712 -0.799152 0.596593
vn -0.073712 -0.799152 0.596593
vn -0.073787 -0.799190 0.596533
vn -0.910965 -0.208407 -0.355964
vn -0.931621 -0.223422 -0.286644
vn -0.075046 -0.798208 0.597689
vn -0.075010 -0.798373 0.597473
vn -0.075083 -0.798112 0.597813
vn -0.074896 -0.798128 0.597815
vn -0.075069 -0.798395 0.597436
vn -0.074965 -0.798532 0.597266
vn -0.925816 -0.160693 -0.342115
vn -0.935185 -0.144469 -0.323355
vn -0.937502 -0.157292 -0.310401
vn -0.924199 -0.175889 -0.338997
vn -0.924718 -0.139138 -0.354314
vn -0.925996 -0.134463 -0.352776
vn -0.929071 -0.119831 -0.349955
vn -0.928931 -0.120250 -0.350180
vn -0.884092 -0.170956 -0.434921
vn -0.892707 -0.156396 -0.422627
vn -0.919707 -0.159542 -0.358727
vn -0.919827 -0.159257 -0.358547
vn -0.869138 -0.180537 -0.460440
vn -0.844049 -0.152147 -0.514230
vn 0.176107 0.713791 -0.677856
vn 0.176010 0.713907 -0.677759
vn 0.160074 0.728797 -0.665756
vn 0.158617 0.730009 -0.664777
vn 0.176205 0.713673 -0.677955
vn 0.157439 0.730899 -0.664078
vn -0.871483 -0.304670 -0.384309
vn -0.825621 -0.412571 -0.384883
vn 0.118230 0.712522 -0.691617
vn 0.127255 0.690962 -0.711602
vn 0.127255 0.690962 -0.711602
vn 0.115608 0.718609 -0.685737
vn 0.892437 0.214168 0.397099
vn 0.892442 0.214147 0.397101
vn 0.892459 0.214115 0.397079
vn 0.892437 0.214134 0.397119
vn 0.892408 0.214155 0.397171
vn -0.073903 -0.799215 0.596485
vn -0.073903 -0.799219 0.596479
vn -0.889929 -0.187265 -0.415883
vn -0.890516 -0.191644 -0.412619
vn -0.074932 -0.798052 0.597911
vn -0.075036 -0.797778 0.598264
vn -0.075025 -0.798188 0.597718
vn -0.893635 -0.212714 -0.395183
vn -0.893602 -0.212685 -0.395272
vn -0.893605 -0.212683 -0.395267
vn -0.893607 -0.212673 -0.395267
vn -0.893634 -0.212698 -0.395193
vn -0.893574 -0.212687 -0.395336
vn -0.893556 -0.212714 -0.395360
vn -0.893568 -0.212695 -0.395344
vn -0.893568 -0.212695 -0.395344
vn -0.893568 -0.212695 -0.395344
vn -0.893568 -0.212695 -0.395344
vn -0.893568 -0.212695 -0.395344
vn -0.893568 -0.212695 -0.395344
vn -0.893548 -0.212691 -0.395391
vn -0.893599 -0.212683 -0.395281
vn -0.893544 -0.212734 -0.395377
vn -0.893544 -0.212734 -0.395377
vn -0.893545 -0.212734 -0.395377
vn -0.893545 -0.212734 -0.395377
vn -0.893544 -0.212734 -0.395377
vn -0.893545 -0.212734 -0.395377
vn -0.893623 -0.212665 -0.395236
vn -0.893631 -0.212631 -0.395236
vn -0.893633 -0.212623 -0.395238
vn -0.893637 -0.212641 -0.395218
vn -0.893622 -0.212663 -0.395239
vn 0.145363 0.742129 -0.654305
vn 0.145475 0.741856 -0.654590
vn 0.145631 0.741580 -0.654867
vn -0.896360 -0.237580 -0.374293
vn -0.895956 -0.234133 -0.377419
vn 0.110153 0.732170 -0.672156
vn 0.110218 0.732197 -0.672116
vn -0.893665 -0.212733 -0.395105
vn -0.893667 -0.212748 -0.395091
vn -0.893666 -0.212747 -0.395095
vn -0.893591 -0.212659 -0.395312
vn -0.893529 -0.212686 -0.395438
vn -0.893529 -0.212686 -0.395438
vn -0.893529 -0.212686 -0.395438
vn -0.893529 -0.212686 -0.395438
vn -0.893529 -0.212686 -0.395438
vn -0.893529 -0.212686 -0.395438
vn -0.893653 -0.212632 -0.395185
vn -0.893653 -0.212632 -0.395185
vn -0.893653 -0.212632 -0.395185
vn -0.893653 -0.212632 -0.395185
vn -0.893653 -0.212632 -0.395185
vn -0.893653 -0.212632 -0.395185
vn -0.893608 -0.212671 -0.395267
vn -0.893609 -0.212667 -0.395266
vn -0.893613 -0.212648 -0.395269
vn -0.990799 0.126596 0.047861
vn -0.992342 0.108487 0.059068
vn -0.992311 0.108672 0.059236
vn -0.988696 0.145563 0.035941
vn -0.988718 0.145464 0.035724
vn -0.951548 0.249712 0.179446
vn -0.951656 0.249431 0.179264
vn -0.970160 0.196052 0.142668
vn -0.970168 0.196033 0.142639
vn -0.970168 0.196033 0.142639
vn -0.970168 0.196033 0.142639
vn -0.970168 0.196033 0.142639
vn -0.970168 0.196033 0.142639
vn -0.970152 0.196070 0.142697
vn -0.970152 0.196070 0.142697
vn -0.970152 0.196070 0.142697
vn -0.970152 0.196070 0.142697
vn -0.970152 0.196070 0.142697
vn -0.955656 0.209508 0.206950
vn -0.955548 0.209584 0.207372
vn -0.970191 0.195980 0.142553
vn -0.970204 0.196080 0.142326
vn -0.970160 0.196245 0.142397
vn -0.970256 0.196033 0.142040
vn -0.970232 0.195970 0.142285
vn -0.970394 0.195865 0.141322
vn -0.970172 0.195776 0.142962
vn -0.970388 0.195907 0.141306
vn -0.970045 0.195742 0.143870
vn -0.970151 0.195645 0.143281
vn -0.970219 0.195782 0.142636
vn -0.970163 0.194967 0.144122
vn -0.970109 0.196273 0.142707
vn -0.970243 0.195586 0.142738
vn -0.970157 0.195921 0.142866
vn -0.970121 0.196014 0.142984
vn -0.970208 0.195586 0.142974
vn -0.970162 0.195553 0.143332
vn -0.970169 0.195848 0.142883
vn -0.970375 0.194693 0.143067
vn -0.970429 0.194794 0.142561
vn -0.970547 0.194107 0.142693
vn -0.970460 0.194762 0.142391
vn -0.970430 0.194827 0.142507
vn -0.970304 0.195609 0.142295
vn -0.970200 0.195973 0.142499
vn -0.969907 0.196692 0.143503
vn -0.970006 0.196226 0.143470
vn -0.970065 0.196503 0.142691
vn -0.970055 0.196063 0.143360
vn -0.970044 0.195851 0.143725
vn -0.970178 0.195868 0.142794
vn -0.970071 0.195869 0.143516
vn -0.970162 0.195876 0.142893
vn -0.970117 0.195918 0.143137
vn -0.970073 0.195652 0.143802
vn -0.970160 0.196015 0.142719
vn -0.970155 0.195551 0.143384
vn -0.969846 0.197148 0.143285
vn -0.969904 0.196707 0.143501
vn -0.969490 0.198665 0.143598
vn -0.969458 0.198342 0.144263
vn -0.969984 0.196672 0.143008
vn -0.969824 0.197146 0.143439
vn -0.970057 0.196555 0.142675
vn -0.970063 0.196707 0.142422
vn -0.970007 0.196876 0.142573
vn -0.969816 0.197789 0.142609
vn -0.893440 -0.213305 -0.395305
vn -0.893507 -0.213412 -0.395095
vn -0.893489 -0.212822 -0.395455
vn -0.893439 -0.212609 -0.395683
vn -0.893679 -0.212376 -0.395264
vn -0.893674 -0.212463 -0.395230
vn -0.893788 -0.212185 -0.395121
vn -0.893956 -0.212177 -0.394746
vn -0.893622 -0.212872 -0.395126
vn -0.894113 -0.211798 -0.394592
vn -0.893284 -0.213003 -0.395819
vn -0.893836 -0.211937 -0.395145
vn -0.893315 -0.212940 -0.395785
vn -0.893277 -0.212681 -0.396009
vn -0.893284 -0.212807 -0.395926
vn -0.893236 -0.212921 -0.395972
vn -0.893314 -0.212703 -0.395914
vn -0.893100 -0.212722 -0.396386
vn -0.893431 -0.212754 -0.395623
vn -0.893280 -0.212720 -0.395981
vn -0.893260 -0.212355 -0.396222
vn -0.893395 -0.212946 -0.395600
vn -0.893119 -0.211911 -0.396778
vn -0.893186 -0.213268 -0.395898
vn -0.893483 -0.212098 -0.395856
vn -0.893658 -0.212838 -0.395064
vn -0.893766 -0.212312 -0.395103
vn -0.894026 -0.212497 -0.394415
vn -0.893750 -0.212755 -0.394900
vn -0.893181 -0.212846 -0.396137
vn -0.893867 -0.213082 -0.394459
vn -0.892408 -0.213206 -0.397683
vn -0.893764 -0.213059 -0.394705
vn -0.893378 -0.213068 -0.395573
vn -0.893808 -0.212843 -0.394721
vn -0.894227 -0.212830 -0.393778
vn -0.893877 -0.213330 -0.394303
vn -0.893833 -0.212905 -0.394631
vn -0.893723 -0.213162 -0.394741
vn -0.893539 -0.213020 -0.395235
vn -0.893566 -0.212311 -0.395555
vn -0.893542 -0.211887 -0.395836
vn -0.893803 -0.212011 -0.395181
vn -0.893908 -0.211434 -0.395252
vn -0.893510 -0.213284 -0.395159
vn -0.893766 -0.211515 -0.395529
vn -0.893835 -0.211970 -0.395131
vn -0.893884 -0.211781 -0.395121
vn -0.893573 -0.212557 -0.395407
vn -0.893562 -0.212660 -0.395377
vn -0.893766 -0.212607 -0.394943
vn -0.893444 -0.212788 -0.395576
vn -0.893601 -0.212276 -0.395495
vn -0.893826 -0.211939 -0.395167
vn -0.893604 -0.212480 -0.395379
vn -0.893610 -0.213599 -0.394762
vn 0.230504 0.561127 0.794987
vn 0.230504 0.561126 0.794988
vn 0.210199 0.384513 0.898869
vn 0.210211 0.384603 0.898828
vn 0.162108 0.084012 0.983190
vn 0.162087 0.083900 0.983203
vn 0.109906 -0.171709 0.978998
vn 0.109895 -0.171760 0.978990
vn 0.049869 -0.415953 0.908018
vn 0.049886 -0.415888 0.908046
vn -0.027298 -0.673676 0.738523
vn -0.027254 -0.673546 0.738642
vn -0.076366 -0.806329 0.586517
vn -0.076376 -0.806354 0.586481
vn 0.074780 0.802049 -0.592558
vn 0.074761 0.802002 -0.592625
vn 0.120826 0.901269 -0.416072
vn 0.120844 0.901301 -0.415997
vn 0.180626 0.977013 -0.113227
vn 0.180659 0.977030 -0.113029
vn 0.216344 0.965437 0.145347
vn 0.216349 0.965431 0.145386
vn 0.237094 0.888192 0.393576
vn 0.237098 0.888160 0.393645
vn 0.240864 0.713976 0.657437
vn 0.240866 0.714023 0.657385
vn -0.230399 -0.560985 -0.795118
vn -0.230397 -0.560965 -0.795132
vn -0.209536 -0.383901 -0.899286
vn -0.209528 -0.383841 -0.899313
vn -0.161126 -0.083955 -0.983357
vn -0.161144 -0.084057 -0.983345
vn -0.109158 0.171673 -0.979088
vn -0.109155 0.171684 -0.979086
vn -0.049702 0.416079 -0.907969
vn -0.049681 0.416159 -0.907933
vn 0.026193 0.670469 -0.741475
vn 0.026205 0.670504 -0.741443
vn -0.216709 -0.965357 -0.145340
vn -0.216715 -0.965348 -0.145392
vn -0.237787 -0.888145 -0.393263
vn -0.237784 -0.888168 -0.393213
vn -0.241384 -0.714429 -0.656754
vn -0.241383 -0.714404 -0.656782
vn -0.121567 -0.903074 0.411922
vn -0.121580 -0.903099 0.411863
vn -0.180698 -0.977021 0.113039
vn -0.180692 -0.977018 0.113075
vn 0.046525 0.832353 -0.552289
vn 0.046525 0.832353 -0.552289
vn -0.030998 0.907942 -0.417949
vn -0.030944 0.907898 -0.418048
vn -0.147827 0.970941 -0.188204
vn -0.147815 0.970938 -0.188228
vn -0.252415 0.966278 0.050924
vn -0.252430 0.966272 0.050962
vn -0.339646 0.895958 0.286184
vn -0.339653 0.895947 0.286207
vn -0.414083 0.729637 0.544211
vn -0.414076 0.729666 0.544178
vn -0.440761 0.580787 0.684409
vn -0.440761 0.580792 0.684406
vn -0.448903 0.407077 0.795471
vn -0.448903 0.407077 0.795471
vn -0.423935 0.109806 0.899011
vn -0.423949 0.109895 0.898994
vn -0.371005 -0.144776 0.917276
vn -0.370984 -0.144856 0.917272
vn -0.292852 -0.390134 0.872945
vn -0.292827 -0.390200 0.872924
vn -0.191123 -0.616012 0.764200
vn -0.191087 -0.616079 0.764155
vn -0.121113 -0.733599 0.668703
vn -0.121113 -0.733599 0.668703
vn 0.440769 -0.580657 -0.684514
vn 0.440772 -0.580635 -0.684532
vn 0.448615 -0.407308 -0.795515
vn 0.448616 -0.407373 -0.795482
vn 0.423676 -0.109867 -0.899126
vn 0.423687 -0.109938 -0.899112
vn 0.370809 0.145183 -0.917291
vn 0.370788 0.145262 -0.917287
vn 0.292765 0.390055 -0.873009
vn 0.292800 0.389964 -0.873039
vn 0.192471 0.613645 -0.765764
vn 0.192487 0.613616 -0.765784
vn 0.121409 0.733206 -0.669081
vn 0.121409 0.733205 -0.669081
vn 0.083506 0.786484 -0.611939
vn 0.083554 0.786421 -0.612013
vn 0.252355 -0.966295 -0.050909
vn 0.252351 -0.966296 -0.050899
vn 0.339734 -0.895796 -0.286585
vn 0.339741 -0.895786 -0.286607
vn 0.414174 -0.729453 -0.544388
vn 0.414186 -0.729409 -0.544438
vn -0.084432 -0.785314 0.613313
vn -0.084448 -0.785293 0.613338
vn -0.046075 -0.832430 0.552211
vn -0.046075 -0.832430 0.552211
vn 0.028214 -0.905216 0.424015
vn 0.028111 -0.905131 0.424202
vn 0.147951 -0.970894 0.188348
vn 0.148010 -0.970909 0.188223
s 1
g DHONI_MOTION_POSTER_2:Gopiknath_20210802_1927:Gopiknath_20210801_1428:Gopiknath_20210731_0019:HELMET5 HELMETS DHONI_MOTION_POSTER_2:Gopiknath_20210802_1927:Gopiknath_20210801_1428:Gopiknath_20210731_0019:helemt_group7_helmet_group3_group4_pCube105
usemtl DHONI_MOTION_POSTER_2:Gopiknath_20210802_1927:Gopiknath_20210801_1428:Gopiknath_20210731_0019:aiStandardSurface20SG
f 1203/1440/1399 1286/1441/1400 1365/1442/1401 1364/1443/1402
f 1205/1444/1403 1285/1445/1404 1373/1446/1405 1372/1447/1406 1349/1448/1407 1348/1449/1408
f 1211/1450/1409 1284/1451/1410 1283/1452/1411 1215/1453/1412
f 1215/1453/1412 1283/1452/1411 1282/1454/1413 1219/1455/1414
f 1219/1455/1414 1282/1454/1413 1281/1456/1415 1223/1457/1416
f 1223/1457/1416 1281/1456/1415 1329/1458/1417 1328/1459/1418
s 2
f 1167/1878/1419 1174/1461/1420 1356/1844/1421 1355/1463/1422
f 1168/1847/1423 1175/1465/1424 1340/1850/1425 1339/1467/1426
f 1169/1853/1427 1176/1469/1428 1177/1883/1429 1170/1886/1430
f 1170/1886/1430 1177/1883/1429 1178/1882/1431 1171/1885/1432
f 1171/1885/1432 1178/1882/1431 1179/1881/1433 1172/1884/1434
f 1172/1884/1434 1179/1881/1433 1320/1476/1435 1335/1477/1436
s 3
f 1270/1478/1437 1181/1479/1438 1360/1890/1439 1359/1481/1440
f 1271/1482/1441 1182/1483/1442 1344/1892/1443 1343/1485/1444
f 1272/1486/1445 1183/1487/1446 1184/1488/1447 1273/1489/1448
f 1273/1489/1448 1184/1488/1447 1185/1490/1449 1274/1491/1450
f 1274/1491/1450 1185/1490/1449 1186/1492/1451 1275/1493/1452
f 1275/1493/1452 1186/1492/1451 1324/1894/1453 1323/1495/1454
s 4
f 1181/1901/1455 1160/1880/1456 1361/1842/1457 1360/1480/1458
f 1182/1891/1459 1161/1498/1460 1345/1848/1461 1344/1484/1462
f 1183/1893/1463 1162/1500/1464 1163/1889/1465 1184/1900/1466
f 1184/1900/1466 1163/1889/1465 1164/1888/1467 1185/1899/1468
f 1185/1899/1468 1164/1888/1467 1165/1887/1469 1186/1898/1470
f 1186/1898/1470 1165/1887/1469 1325/1856/1471 1324/1494/1472
s 5
f 1166/1505/1473 1277/1866/1474 1276/1868/1475 1187/1897/1476
s 6
f 1181/1901/1477 1270/1869/1478 1269/1870/1479 1160/1880/1480
s 1
f 1160/1496/1481 1188/1510/1482 1362/1511/1483 1361/1497/1484
f 1355/1846/1485 1354/1512/1486 1191/1513/1487 1167/1460/1488
f 1288/1514/1489 1188/1510/1482 1160/1496/1481 1269/1509/1490
f 1161/1843/1491 1189/1515/1492 1346/1516/1493 1345/1499/1494
f 1339/1852/1495 1338/1517/1496 1190/1518/1497 1168/1464/1498
f 1162/1849/1499 1192/1519/1500 1194/1520/1501 1163/1501/1502
f 1170/1471/1503 1195/1521/1504 1193/1522/1505 1169/1468/1506
f 1163/1501/1502 1194/1520/1501 1196/1523/1507 1164/1502/1508
f 1171/1473/1509 1197/1524/1510 1195/1521/1504 1170/1471/1503
f 1164/1502/1508 1196/1523/1507 1198/1525/1511 1165/1503/1512
f 1172/1475/1513 1199/1526/1514 1197/1524/1510 1171/1473/1509
f 1165/1503/1512 1198/1525/1511 1326/1527/1515 1325/1504/1516
f 1166/1864/1517 1200/1528/1518 1278/1529/1519 1277/1506/1520
f 1335/1854/1521 1334/1530/1522 1199/1526/1514 1172/1475/1513
s 12
f 1188/1510/1523 1202/1531/1524 1363/1532/1525 1362/1511/1526
f 1202/1531/1524 1203/1440/1527 1364/1443/1528 1363/1532/1525
s 13
f 1354/1512/1529 1353/1533/1530 1208/1534/1531 1191/1513/1532
f 1353/1533/1530 1352/1535/1533 1209/1536/1534 1208/1534/1531
s 1
f 1288/1514/1489 1287/1537/1535 1202/1531/1536 1188/1510/1482
f 1287/1537/1535 1286/1441/1400 1203/1440/1399 1202/1531/1536
s 12
f 1189/1515/1537 1204/1538/1538 1347/1539/1539 1346/1516/1540
f 1204/1538/1538 1205/1444/1541 1348/1449/1542 1347/1539/1539
s 13
f 1338/1517/1543 1337/1540/1544 1206/1541/1545 1190/1518/1546
f 1337/1540/1544 1336/1542/1547 1207/1543/1548 1206/1541/1545
s 12
f 1192/1519/1549 1210/1544/1550 1214/1545/1551 1194/1520/1552
f 1210/1544/1550 1211/1450/1553 1215/1453/1554 1214/1545/1551
s 13
f 1195/1521/1555 1216/1546/1556 1212/1547/1557 1193/1522/1558
f 1216/1546/1556 1217/1548/1559 1213/1549/1560 1212/1547/1557
s 12
f 1194/1520/1552 1214/1545/1551 1218/1550/1561 1196/1523/1562
f 1214/1545/1551 1215/1453/1554 1219/1455/1563 1218/1550/1561
s 13
f 1197/1524/1564 1220/1551/1565 1216/1546/1556 1195/1521/1555
f 1220/1551/1565 1221/1552/1566 1217/1548/1559 1216/1546/1556
s 12
f 1196/1523/1562 1218/1550/1561 1222/1553/1567 1198/1525/1568
f 1218/1550/1561 1219/1455/1563 1223/1457/1569 1222/1553/1567
s 13
f 1199/1526/1570 1224/1554/1571 1220/1551/1565 1197/1524/1564
f 1224/1554/1571 1225/1555/1572 1221/1552/1566 1220/1551/1565
s 12
f 1198/1525/1568 1222/1553/1567 1327/1556/1573 1326/1527/1574
f 1222/1553/1567 1223/1457/1569 1328/1459/1575 1327/1556/1573
s 16
f 1200/1528/1576 1226/1557/1577 1279/1558/1578 1278/1529/1579
f 1226/1557/1577 1227/1559/1580 1280/1560/1581 1279/1558/1578
s 13
f 1334/1530/1582 1333/1561/1583 1224/1554/1571 1199/1526/1570
f 1333/1561/1583 1332/1562/1584 1225/1555/1572 1224/1554/1571
s 1
f 1208/1534/1585 1209/1536/1586 1230/1563/1587 1231/1564/1588
f 1191/1513/1487 1208/1534/1585 1231/1564/1588 1232/1565/1589
f 1167/1460/1488 1191/1513/1487 1232/1565/1589 1233/1566/1590
s 6
f 1234/1877/1591 1174/1461/1592 1167/1878/1593 1233/1875/1594
s 3
f 1174/1879/1595 1234/1567/1596 1357/1568/1597 1356/1462/1598
f 1175/1845/1599 1235/1569/1600 1341/1570/1601 1340/1466/1602
f 1176/1851/1603 1236/1571/1604 1237/1572/1605 1177/1470/1606
f 1177/1470/1606 1237/1572/1605 1238/1573/1607 1178/1472/1608
f 1178/1472/1608 1238/1573/1607 1239/1574/1609 1179/1474/1610
f 1179/1474/1610 1239/1574/1609 1321/1575/1611 1320/1858/1612
s 5
f 1241/1576/1613 1173/1863/1614 1180/1578/1615 1240/1876/1616
s 1
f 1242/1580/1617 1201/1581/1618 1173/1577/1619 1241/1872/1620
s 16
f 1243/1582/1621 1228/1583/1622 1201/1581/1623 1242/1580/1624
f 1244/1584/1625 1229/1585/1626 1228/1583/1622 1243/1582/1621
s 1
f 1245/1586/1627 1225/1555/1628 1332/1562/1629 1331/1587/1630
f 1246/1588/1631 1221/1552/1632 1225/1555/1628 1245/1586/1627
f 1247/1589/1633 1217/1548/1634 1221/1552/1632 1246/1588/1631
f 1248/1590/1635 1213/1549/1636 1217/1548/1634 1247/1589/1633
f 1249/1591/1637 1207/1543/1638 1336/1542/1639 1351/1592/1640 1376/1593/1641 1377/1594/1642
f 1230/1563/1587 1209/1536/1586 1352/1535/1643 1367/1595/1644
s 6
f 1251/1874/1645 1234/1877/1591 1233/1875/1594 1250/1871/1646
s 3
f 1234/1567/1596 1251/1596/1647 1358/1598/1648 1357/1568/1597
f 1235/1569/1600 1252/1599/1649 1342/1600/1650 1341/1570/1601
f 1236/1571/1604 1253/1601/1651 1254/1602/1652 1237/1572/1605
f 1237/1572/1605 1254/1602/1652 1255/1603/1653 1238/1573/1607
f 1238/1573/1607 1255/1603/1653 1256/1604/1654 1239/1574/1609
f 1239/1574/1609 1256/1604/1654 1322/1605/1655 1321/1575/1611
s 5
f 1258/1606/1656 1241/1576/1613 1240/1876/1616 1257/1873/1657
s 1
f 1259/1608/1658 1242/1580/1617 1241/1872/1620 1258/1867/1659
s 16
f 1260/1609/1660 1243/1582/1621 1242/1580/1624 1259/1608/1661
f 1261/1610/1662 1244/1584/1625 1243/1582/1621 1260/1609/1660
s 1
f 1262/1611/1663 1245/1586/1627 1331/1587/1630 1399/1612/1664 1398/1613/1665 1330/1614/1666
f 1263/1615/1667 1246/1588/1631 1245/1586/1627 1262/1611/1663
f 1264/1616/1668 1247/1589/1633 1246/1588/1631 1263/1615/1667
f 1265/1617/1669 1248/1590/1635 1247/1589/1633 1264/1616/1668
s 25
f 1497/1618/1670 1503/1619/1671 1502/1620/1672 1501/1621/1673 1500/1622/1674 1499/1623/1675 1498/1624/1676 1496/1625/1677
s 1
f 1266/1626/1678 1230/1563/1587 1367/1595/1644 1383/1627/1679 1382/1628/1680 1366/1629/1681
f 1231/1564/1588 1230/1563/1587 1266/1626/1678 1267/1630/1682
f 1232/1565/1589 1231/1564/1588 1267/1630/1682 1268/1631/1683
f 1233/1566/1590 1232/1565/1589 1268/1631/1683 1250/1597/1684
s 6
f 1270/1869/1478 1251/1874/1645 1250/1871/1646 1269/1870/1479
s 3
f 1251/1596/1647 1270/1478/1437 1359/1481/1440 1358/1598/1648
f 1252/1599/1649 1271/1482/1441 1343/1485/1444 1342/1600/1650
f 1253/1601/1651 1272/1486/1445 1273/1489/1448 1254/1602/1652
f 1254/1602/1652 1273/1489/1448 1274/1491/1450 1255/1603/1653
f 1255/1603/1653 1274/1491/1450 1275/1493/1452 1256/1604/1654
f 1256/1604/1654 1275/1493/1452 1323/1495/1454 1322/1605/1655
s 5
f 1277/1866/1474 1258/1606/1656 1257/1873/1657 1276/1868/1475
s 1
f 1278/1529/1519 1259/1608/1658 1258/1867/1659 1277/1506/1520
s 16
f 1279/1558/1578 1260/1609/1660 1259/1608/1661 1278/1529/1579
f 1280/1560/1581 1261/1610/1662 1260/1609/1660 1279/1558/1578
s 1
f 1281/1456/1415 1262/1611/1663 1330/1614/1666 1397/1632/1685 1396/1633/1686 1329/1458/1417
f 1282/1454/1413 1263/1615/1667 1262/1611/1663 1281/1456/1415
f 1283/1452/1411 1264/1616/1668 1263/1615/1667 1282/1454/1413
f 1284/1451/1410 1265/1617/1669 1264/1616/1668 1283/1452/1411
s 25
f 1505/1634/1687 1497/1618/1670 1496/1625/1677 1509/1635/1688 1508/1636/1689 1507/1637/1690 1506/1638/1691 1504/1639/1692
s 1
f 1286/1441/1400 1266/1626/1678 1366/1629/1681 1381/1640/1693 1380/1641/1694 1365/1442/1401
f 1267/1630/1682 1266/1626/1678 1286/1441/1400 1287/1537/1535
f 1268/1631/1683 1267/1630/1682 1287/1537/1535 1288/1514/1489
f 1268/1631/1683 1288/1514/1489 1269/1509/1490 1250/1597/1684
s 3
f 1289/1862/1695 1290/1643/1696 1240/1579/1697 1180/1865/1698
f 1291/1644/1699 1257/1607/1700 1240/1579/1697 1290/1643/1696
f 1292/1645/1701 1276/1507/1702 1257/1607/1700 1291/1644/1699
f 1293/1646/1703 1187/1508/1704 1276/1507/1702 1292/1645/1701
s 4
f 1294/1647/1705 1166/1505/1706 1187/1897/1707 1293/1896/1708
s 1
f 1295/1648/1709 1200/1528/1518 1166/1864/1517 1294/1861/1710
s 12
f 1296/1649/1711 1226/1557/1712 1200/1528/1713 1295/1648/1714
f 1297/1650/1715 1227/1559/1716 1226/1557/1712 1296/1649/1711
s 1
f 1298/1651/1717 1280/1560/1718 1227/1559/1719 1297/1650/1720
f 1299/1652/1721 1261/1610/1722 1280/1560/1718 1298/1651/1717 1386/1653/1723 1387/1654/1724
f 1300/1655/1725 1244/1584/1726 1261/1610/1722 1299/1652/1721 1390/1656/1727 1391/1657/1728
f 1301/1658/1729 1229/1585/1730 1244/1584/1726 1300/1655/1725
s 13
f 1228/1583/1731 1229/1585/1732 1301/1658/1733 1302/1659/1734
f 1201/1581/1735 1228/1583/1731 1302/1659/1734 1303/1660/1736
s 1
f 1173/1577/1619 1201/1581/1618 1303/1660/1737 1304/1661/1738
s 2
f 1289/1642/1739 1180/1578/1740 1173/1863/1741 1304/1860/1742
s 3
f 1305/1859/1743 1306/1663/1744 1290/1643/1696 1289/1862/1695
f 1307/1664/1745 1291/1644/1699 1290/1643/1696 1306/1663/1744
f 1308/1665/1746 1292/1645/1701 1291/1644/1699 1307/1664/1745
f 1309/1666/1747 1293/1646/1703 1292/1645/1701 1308/1665/1746
s 4
f 1310/1667/1748 1294/1647/1705 1293/1896/1708 1309/1895/1749
s 1
f 1311/1668/1750 1295/1648/1709 1294/1861/1710 1310/1857/1751
s 12
f 1312/1669/1752 1296/1649/1711 1295/1648/1714 1311/1668/1753
f 1313/1670/1754 1297/1650/1715 1296/1649/1711 1312/1669/1752
s 1
f 1314/1671/1755 1561/1672/1756 1385/1673/1757 1384/1674/1758 1298/1651/1717 1297/1650/1720 1313/1670/1759
s 32
f 1522/1675/1760 1528/1676/1761 1527/1677/1762 1526/1678/1763 1525/1679/1764 1524/1680/1765 1523/1681/1766 1558/1682/1767 1521/1683/1768
f 1529/1684/1769 1549/1685/1770 1534/1686/1771 1533/1687/1772 1532/1688/1773 1531/1689/1774 1530/1690/1775 1528/1676/1761 1522/1675/1760
s 1
f 1316/1691/1776 1301/1658/1729 1300/1655/1725 1388/1692/1777 1389/1693/1778 1546/1694/1779 1315/1695/1780
s 13
f 1302/1659/1734 1301/1658/1733 1316/1691/1781 1317/1696/1782
f 1303/1660/1736 1302/1659/1734 1317/1696/1782 1318/1697/1783
s 1
f 1304/1661/1738 1303/1660/1737 1318/1697/1784 1319/1698/1785
s 2
f 1305/1662/1786 1289/1642/1739 1304/1860/1742 1319/1855/1787
s 3
f 1320/1858/1612 1321/1575/1611 1306/1663/1744 1305/1859/1743
f 1322/1605/1655 1307/1664/1745 1306/1663/1744 1321/1575/1611
f 1323/1495/1454 1308/1665/1746 1307/1664/1745 1322/1605/1655
f 1324/1894/1453 1309/1666/1747 1308/1665/1746 1323/1495/1454
s 4
f 1325/1856/1471 1310/1667/1748 1309/1895/1749 1324/1494/1472
s 1
f 1326/1527/1515 1311/1668/1750 1310/1857/1751 1325/1504/1516
s 12
f 1327/1556/1573 1312/1669/1752 1311/1668/1753 1326/1527/1574
f 1328/1459/1575 1313/1670/1754 1312/1669/1752 1327/1556/1573
s 1
f 1329/1458/1417 1393/1699/1788 1392/1700/1789 1557/1701/1790 1314/1671/1755 1313/1670/1759 1328/1459/1418
s 32
f 1536/1702/1791 1522/1675/1760 1521/1683/1768 1554/1703/1792 1540/1704/1793 1539/1705/1794 1538/1706/1795 1537/1707/1796 1535/1708/1797
f 1542/1709/1798 1545/1710/1799 1544/1711/1800 1553/1712/1801 1529/1684/1769 1522/1675/1760 1536/1702/1791 1543/1713/1802 1541/1714/1803
s 1
f 1332/1562/1629 1316/1691/1776 1315/1695/1780 1550/1715/1804 1394/1716/1805 1395/1717/1806 1331/1587/1630
s 13
f 1317/1696/1782 1316/1691/1781 1332/1562/1584 1333/1561/1583
f 1318/1697/1783 1317/1696/1782 1333/1561/1583 1334/1530/1582
s 1
f 1319/1698/1785 1318/1697/1784 1334/1530/1522 1335/1854/1521
s 2
f 1320/1476/1435 1305/1662/1786 1319/1855/1787 1335/1477/1436
s 13
f 1212/1547/1557 1213/1549/1560 1336/1542/1547 1337/1540/1544
f 1193/1522/1558 1212/1547/1557 1337/1540/1544 1338/1517/1543
s 1
f 1169/1468/1506 1193/1522/1505 1338/1517/1496 1339/1852/1495
s 2
f 1340/1850/1425 1176/1469/1428 1169/1853/1427 1339/1467/1426
s 3
f 1341/1570/1601 1236/1571/1604 1176/1851/1603 1340/1466/1602
f 1342/1600/1650 1253/1601/1651 1236/1571/1604 1341/1570/1601
f 1343/1485/1444 1272/1486/1445 1253/1601/1651 1342/1600/1650
f 1344/1892/1443 1183/1487/1446 1272/1486/1445 1343/1485/1444
s 4
f 1345/1848/1461 1162/1500/1464 1183/1893/1463 1344/1484/1462
s 1
f 1346/1516/1493 1192/1519/1500 1162/1849/1499 1345/1499/1494
s 12
f 1347/1539/1539 1210/1544/1550 1192/1519/1549 1346/1516/1540
f 1348/1449/1542 1211/1450/1553 1210/1544/1550 1347/1539/1539
s 1
f 1349/1448/1407 1284/1451/1410 1211/1450/1409 1348/1449/1408
f 1350/1718/1807 1265/1617/1669 1284/1451/1410 1349/1448/1407 1374/1719/1808 1375/1720/1809
f 1351/1592/1640 1248/1590/1635 1265/1617/1669 1350/1718/1807 1378/1721/1810 1379/1722/1811
f 1336/1542/1639 1213/1549/1636 1248/1590/1635 1351/1592/1640
s 13
f 1206/1541/1545 1207/1543/1548 1352/1535/1533 1353/1533/1530
f 1190/1518/1546 1206/1541/1545 1353/1533/1530 1354/1512/1529
s 1
f 1168/1464/1498 1190/1518/1497 1354/1512/1486 1355/1846/1485
s 2
f 1356/1844/1421 1175/1465/1424 1168/1847/1423 1355/1463/1422
s 3
f 1357/1568/1597 1235/1569/1600 1175/1845/1599 1356/1462/1598
f 1358/1598/1648 1252/1599/1649 1235/1569/1600 1357/1568/1597
f 1359/1481/1440 1271/1482/1441 1252/1599/1649 1358/1598/1648
f 1360/1890/1439 1182/1483/1442 1271/1482/1441 1359/1481/1440
s 4
f 1361/1842/1457 1161/1498/1460 1182/1891/1459 1360/1480/1458
s 1
f 1362/1511/1483 1189/1515/1492 1161/1843/1491 1361/1497/1484
s 12
f 1363/1532/1525 1204/1538/1538 1189/1515/1537 1362/1511/1526
f 1364/1443/1528 1205/1444/1541 1204/1538/1538 1363/1532/1525
s 1
f 1365/1442/1401 1371/1723/1812 1370/1724/1813 1285/1445/1404 1205/1444/1403 1364/1443/1402
s 25
f 1511/1725/1814 1497/1618/1670 1505/1634/1687 1515/1726/1815 1514/1727/1816 1513/1728/1817 1512/1729/1818 1510/1730/1819
f 1517/1731/1820 1520/1732/1821 1519/1733/1822 1503/1619/1671 1497/1618/1670 1511/1725/1814 1518/1734/1823 1516/1735/1824
s 1
f 1352/1535/1643 1207/1543/1638 1249/1591/1637 1368/1736/1825 1369/1737/1826 1367/1595/1644
f 1350/1718/1807 1400/1738/1827 1402/1739/1828 1378/1721/1810
f 1400/1738/1827 1401/1740/1829 1403/1741/1830 1402/1739/1828
f 1378/1721/1810 1402/1739/1828 1404/1742/1831 1379/1722/1811
f 1402/1739/1828 1403/1741/1830 1405/1743/1832 1404/1742/1831
f 1379/1722/1811 1404/1742/1831 1406/1744/1833 1351/1592/1640
f 1404/1742/1831 1405/1743/1832 1407/1745/1834 1406/1744/1833
f 1351/1592/1640 1406/1744/1833 1408/1746/1835 1376/1593/1641
f 1406/1744/1833 1407/1745/1834 1409/1747/1836 1408/1746/1835
f 1376/1593/1641 1408/1746/1835 1410/1748/1837 1377/1594/1642
f 1408/1746/1835 1409/1747/1836 1411/1749/1838 1410/1748/1837
f 1377/1594/1642 1410/1748/1837 1412/1750/1839 1249/1591/1637
f 1410/1748/1837 1411/1749/1838 1413/1751/1840 1412/1750/1839
f 1285/1445/1404 1416/1752/1841 1414/1753/1842 1373/1446/1405
f 1416/1752/1841 1417/1754/1843 1415/1755/1844 1414/1753/1842
f 1373/1446/1405 1414/1753/1842 1418/1756/1845 1372/1447/1406
f 1414/1753/1842 1415/1755/1844 1419/1757/1846 1418/1756/1845
f 1372/1447/1406 1418/1756/1845 1420/1758/1847 1349/1448/1407
f 1418/1756/1845 1419/1757/1846 1421/1759/1848 1420/1758/1847
f 1349/1448/1407 1420/1758/1847 1422/1760/1849 1374/1719/1808
f 1420/1758/1847 1421/1759/1848 1423/1761/1850 1422/1760/1849
f 1374/1719/1808 1422/1760/1849 1424/1762/1851 1375/1720/1809
f 1422/1760/1849 1423/1761/1850 1425/1763/1852 1424/1762/1851
f 1375/1720/1809 1424/1762/1851 1400/1738/1827 1350/1718/1807
f 1424/1762/1851 1425/1763/1852 1401/1740/1829 1400/1738/1827
f 1366/1629/1681 1428/1764/1853 1426/1765/1854 1381/1640/1693
f 1428/1764/1853 1429/1766/1855 1427/1767/1856 1426/1765/1854
f 1381/1640/1693 1426/1765/1854 1430/1768/1857 1380/1641/1694
f 1426/1765/1854 1427/1767/1856 1431/1769/1858 1430/1768/1857
f 1380/1641/1694 1430/1768/1857 1432/1770/1859 1365/1442/1401
f 1430/1768/1857 1431/1769/1858 1433/1771/1860 1432/1770/1859
f 1365/1442/1401 1432/1770/1859 1434/1772/1861 1371/1723/1812
f 1432/1770/1859 1433/1771/1860 1435/1773/1862 1434/1772/1861
f 1371/1723/1812 1434/1772/1861 1436/1774/1863 1370/1724/1813
f 1434/1772/1861 1435/1773/1862 1437/1775/1864 1436/1774/1863
f 1370/1724/1813 1436/1774/1863 1416/1752/1841 1285/1445/1404
f 1436/1774/1863 1437/1775/1864 1417/1754/1843 1416/1752/1841
f 1367/1595/1644 1440/1776/1865 1438/1777/1866 1383/1627/1679
f 1440/1776/1865 1441/1778/1867 1439/1779/1868 1438/1777/1866
f 1383/1627/1679 1438/1777/1866 1442/1780/1869 1382/1628/1680
f 1438/1777/1866 1439/1779/1868 1443/1781/1870 1442/1780/1869
f 1382/1628/1680 1442/1780/1869 1428/1764/1853 1366/1629/1681
f 1442/1780/1869 1443/1781/1870 1429/1766/1855 1428/1764/1853
f 1249/1591/1637 1412/1750/1839 1444/1782/1871 1368/1736/1825
f 1412/1750/1839 1413/1751/1840 1445/1783/1872 1444/1782/1871
f 1368/1736/1825 1444/1782/1871 1446/1784/1873 1369/1737/1826
f 1444/1782/1871 1445/1783/1872 1447/1785/1874 1446/1784/1873
f 1369/1737/1826 1446/1784/1873 1440/1776/1865 1367/1595/1644
f 1446/1784/1873 1447/1785/1874 1441/1778/1867 1440/1776/1865
f 1561/1672/1756 1560/1786/1875 1450/1787/1876 1385/1673/1757
f 1560/1786/1875 1559/1788/1877 1451/1789/1878 1450/1787/1876
f 1385/1673/1757 1450/1787/1876 1452/1790/1879 1384/1674/1758
f 1450/1787/1876 1451/1789/1878 1453/1791/1880 1452/1790/1879
f 1384/1674/1758 1452/1790/1879 1454/1792/1881 1298/1651/1717
f 1452/1790/1879 1453/1791/1880 1455/1793/1882 1454/1792/1881
f 1298/1651/1717 1454/1792/1881 1456/1794/1883 1386/1653/1723
f 1454/1792/1881 1455/1793/1882 1457/1795/1884 1456/1794/1883
f 1386/1653/1723 1456/1794/1883 1458/1796/1885 1387/1654/1724
f 1456/1794/1883 1457/1795/1884 1459/1797/1886 1458/1796/1885
f 1387/1654/1724 1458/1796/1885 1460/1798/1887 1299/1652/1721
f 1458/1796/1885 1459/1797/1886 1461/1799/1888 1460/1798/1887
f 1299/1652/1721 1460/1798/1887 1464/1800/1889 1390/1656/1727
f 1460/1798/1887 1461/1799/1888 1465/1801/1890 1464/1800/1889
f 1390/1656/1727 1464/1800/1889 1466/1802/1891 1391/1657/1728
f 1464/1800/1889 1465/1801/1890 1467/1803/1892 1466/1802/1891
f 1391/1657/1728 1466/1802/1891 1468/1804/1893 1300/1655/1725
f 1466/1802/1891 1467/1803/1892 1469/1805/1894 1468/1804/1893
f 1300/1655/1725 1468/1804/1893 1470/1806/1895 1388/1692/1777
f 1468/1804/1893 1469/1805/1894 1471/1807/1896 1470/1806/1895
f 1388/1692/1777 1470/1806/1895 1472/1808/1897 1389/1693/1778
f 1470/1806/1895 1471/1807/1896 1473/1809/1898 1472/1808/1897
f 1389/1693/1778 1472/1808/1897 1547/1810/1899 1546/1694/1779
f 1472/1808/1897 1473/1809/1898 1548/1811/1900 1547/1810/1899
f 1330/1614/1666 1476/1812/1901 1474/1813/1902 1397/1632/1685
f 1476/1812/1901 1477/1814/1903 1475/1815/1904 1474/1813/1902
f 1397/1632/1685 1474/1813/1902 1478/1816/1905 1396/1633/1686
f 1474/1813/1902 1475/1815/1904 1479/1817/1906 1478/1816/1905
f 1396/1633/1686 1478/1816/1905 1480/1818/1907 1329/1458/1417
f 1478/1816/1905 1479/1817/1906 1481/1819/1908 1480/1818/1907
f 1329/1458/1417 1480/1818/1907 1482/1820/1909 1393/1699/1788
f 1480/1818/1907 1481/1819/1908 1483/1821/1910 1482/1820/1909
f 1393/1699/1788 1482/1820/1909 1484/1822/1911 1392/1700/1789
f 1482/1820/1909 1483/1821/1910 1485/1823/1912 1484/1822/1911
f 1557/1701/1790 1556/1824/1913 1448/1825/1914 1314/1671/1755
f 1556/1824/1913 1555/1826/1915 1449/1827/1916 1448/1825/1914
f 1331/1587/1630 1488/1828/1917 1486/1829/1918 1399/1612/1664
f 1488/1828/1917 1489/1830/1919 1487/1831/1920 1486/1829/1918
f 1399/1612/1664 1486/1829/1918 1490/1832/1921 1398/1613/1665
f 1486/1829/1918 1487/1831/1920 1491/1833/1922 1490/1832/1921
f 1398/1613/1665 1490/1832/1921 1476/1812/1901 1330/1614/1666
f 1490/1832/1921 1491/1833/1922 1477/1814/1903 1476/1812/1901
f 1315/1695/1780 1462/1834/1923 1551/1835/1924 1550/1715/1804
f 1462/1834/1923 1463/1836/1925 1552/1837/1926 1551/1835/1924
f 1394/1716/1805 1492/1838/1927 1494/1839/1928 1395/1717/1806
f 1492/1838/1927 1493/1840/1929 1495/1841/1930 1494/1839/1928
f 1395/1717/1806 1494/1839/1928 1488/1828/1917 1331/1587/1630
f 1494/1839/1928 1495/1841/1930 1489/1830/1919 1488/1828/1917
s 33
f 1401/1740/1931 1496/1625/1932 1498/1624/1933 1403/1741/1934
f 1403/1741/1934 1498/1624/1933 1499/1623/1935 1405/1743/1936
f 1405/1743/1936 1499/1623/1935 1500/1622/1937 1407/1745/1938
f 1407/1745/1938 1500/1622/1937 1501/1621/1939 1409/1747/1940
f 1409/1747/1940 1501/1621/1939 1502/1620/1941 1411/1749/1942
f 1411/1749/1942 1502/1620/1941 1503/1619/1943 1413/1751/1944
f 1417/1754/1945 1505/1634/1946 1504/1639/1947 1415/1755/1948
f 1415/1755/1948 1504/1639/1947 1506/1638/1949 1419/1757/1950
f 1419/1757/1950 1506/1638/1949 1507/1637/1951 1421/1759/1952
f 1421/1759/1952 1507/1637/1951 1508/1636/1953 1423/1761/1954
f 1423/1761/1954 1508/1636/1953 1509/1635/1955 1425/1763/1956
f 1425/1763/1956 1509/1635/1955 1496/1625/1932 1401/1740/1931
f 1429/1766/1957 1511/1725/1958 1510/1730/1959 1427/1767/1960
f 1427/1767/1960 1510/1730/1959 1512/1729/1961 1431/1769/1962
f 1431/1769/1962 1512/1729/1961 1513/1728/1963 1433/1771/1964
f 1433/1771/1964 1513/1728/1963 1514/1727/1965 1435/1773/1966
f 1435/1773/1966 1514/1727/1965 1515/1726/1967 1437/1775/1968
f 1437/1775/1968 1515/1726/1967 1505/1634/1946 1417/1754/1945
f 1441/1778/1969 1517/1731/1970 1516/1735/1971 1439/1779/1972
f 1439/1779/1972 1516/1735/1971 1518/1734/1973 1443/1781/1974
f 1443/1781/1974 1518/1734/1973 1511/1725/1958 1429/1766/1957
f 1413/1751/1944 1503/1619/1943 1519/1733/1975 1445/1783/1976
f 1445/1783/1976 1519/1733/1975 1520/1732/1977 1447/1785/1978
f 1447/1785/1978 1520/1732/1977 1517/1731/1970 1441/1778/1969
s 37
f 1559/1788/1979 1558/1682/1980 1523/1681/1981 1451/1789/1982
f 1451/1789/1982 1523/1681/1981 1524/1680/1983 1453/1791/1984
f 1453/1791/1984 1524/1680/1983 1525/1679/1985 1455/1793/1986
f 1455/1793/1986 1525/1679/1985 1526/1678/1987 1457/1795/1988
f 1457/1795/1988 1526/1678/1987 1527/1677/1989 1459/1797/1990
f 1459/1797/1990 1527/1677/1989 1528/1676/1991 1461/1799/1992
f 1461/1799/1992 1528/1676/1991 1530/1690/1993 1465/1801/1994
f 1465/1801/1994 1530/1690/1993 1531/1689/1995 1467/1803/1996
f 1467/1803/1996 1531/1689/1995 1532/1688/1997 1469/1805/1998
f 1469/1805/1998 1532/1688/1997 1533/1687/1999 1471/1807/2000
f 1471/1807/2000 1533/1687/1999 1534/1686/2001 1473/1809/2002
f 1473/1809/2002 1534/1686/2001 1549/1685/2003 1548/1811/2004
f 1477/1814/2005 1536/1702/2006 1535/1708/2007 1475/1815/2008
f 1475/1815/2008 1535/1708/2007 1537/1707/2009 1479/1817/2010
f 1479/1817/2010 1537/1707/2009 1538/1706/2011 1481/1819/2012
f 1481/1819/2012 1538/1706/2011 1539/1705/2013 1483/1821/2014
f 1483/1821/2014 1539/1705/2013 1540/1704/2015 1485/1823/2016
f 1555/1826/2017 1554/1703/2018 1521/1683/2019 1449/1827/2020
f 1489/1830/2021 1542/1709/2022 1541/1714/2023 1487/1831/2024
f 1487/1831/2024 1541/1714/2023 1543/1713/2025 1491/1833/2026
f 1491/1833/2026 1543/1713/2025 1536/1702/2006 1477/1814/2005
f 1463/1836/2027 1529/1684/2028 1553/1712/2029 1552/1837/2030
f 1493/1840/2031 1544/1711/2032 1545/1710/2033 1495/1841/2034
f 1495/1841/2034 1545/1710/2033 1542/1709/2022 1489/1830/2021
s 1
f 1546/1694/1779 1547/1810/1899 1462/1834/1923 1315/1695/1780
f 1548/1811/1900 1463/1836/1925 1462/1834/1923 1547/1810/1899
s 37
f 1549/1685/2003 1529/1684/2028 1463/1836/2027 1548/1811/2004
s 1
f 1550/1715/1804 1551/1835/1924 1492/1838/1927 1394/1716/1805
f 1552/1837/1926 1493/1840/1929 1492/1838/1927 1551/1835/1924
s 37
f 1553/1712/2029 1544/1711/2032 1493/1840/2031 1552/1837/2030
f 1485/1823/2016 1540/1704/2015 1554/1703/2018 1555/1826/2017
s 1
f 1484/1822/1911 1485/1823/1912 1555/1826/1915 1556/1824/1913
f 1392/1700/1789 1484/1822/1911 1556/1824/1913 1557/1701/1790
s 37
f 1449/1827/2020 1521/1683/2019 1558/1682/1980 1559/1788/1979
s 1
f 1448/1825/1914 1449/1827/1916 1559/1788/1877 1560/1786/1875
f 1314/1671/1755 1448/1825/1914 1560/1786/1875 1561/1672/1756
s 40
f 1605/1902/2035 1688/1903/2036 1767/1904/2037 1766/1905/2038
f 1607/1906/2039 1687/1907/2040 1775/1908/2041 1774/1909/2042 1751/1910/2043 1750/1911/2044
f 1613/1912/2045 1686/1913/2046 1685/1914/2047 1617/1915/2048
f 1617/1915/2048 1685/1914/2047 1684/1916/2049 1621/1917/2050
f 1621/1917/2050 1684/1916/2049 1683/1918/2051 1625/1919/2052
f 1625/1919/2052 1683/1918/2051 1731/1920/2053 1730/1921/2054
s 41
f 1569/1922/2055 1576/1923/2056 1758/1924/2057 1757/1925/2058
f 1570/1926/2059 1577/1927/2060 1742/1928/2061 1741/1929/2062
f 1571/1930/2063 1578/1931/2064 1579/1932/2065 1572/1933/2066
f 1572/1933/2066 1579/1932/2065 1580/1934/2067 1573/1935/2068
f 1573/1935/2068 1580/1934/2067 1581/1936/2069 1574/1937/2070
f 1574/1937/2070 1581/1936/2069 1722/1938/2071 1737/1939/2072
s 42
f 1672/1940/2073 1583/1941/2074 1762/1942/2075 1761/1943/2076
f 1673/1944/2077 1584/1945/2078 1746/1946/2079 1745/1947/2080
f 1674/1948/2081 1585/1949/2082 1586/1950/2083 1675/1951/2084
f 1675/1951/2084 1586/1950/2083 1587/1952/2085 1676/1953/2086
f 1676/1953/2086 1587/1952/2085 1588/1954/2087 1677/1955/2088
f 1677/1955/2088 1588/1954/2087 1726/1956/2089 1725/1957/2090
s 43
f 1583/1958/2091 1562/1959/2092 1763/1960/2093 1762/1961/2094
f 1584/1962/2095 1563/1963/2096 1747/1964/2097 1746/1965/2098
f 1585/1966/2099 1564/1967/2100 1565/1968/2101 1586/1969/2102
f 1586/1969/2102 1565/1968/2101 1566/1970/2103 1587/1971/2104
f 1587/1971/2104 1566/1970/2103 1567/1972/2105 1588/1973/2106
f 1588/1973/2106 1567/1972/2105 1727/1974/2107 1726/1975/2108
s 44
f 1568/1976/2109 1679/1977/2110 1678/1978/2111 1589/1979/2112
s 45
f 1583/1958/2113 1672/1980/2114 1671/1981/2115 1562/1959/2116
s 40
f 1562/1982/2117 1590/1983/2118 1764/1984/2119 1763/1985/2120
f 1757/1986/2121 1756/1987/2122 1593/1988/2123 1569/1989/2124
f 1690/1990/2125 1590/1983/2118 1562/1982/2117 1671/1991/2126
f 1563/1992/2127 1591/1993/2128 1748/1994/2129 1747/1995/2130
f 1741/1996/2131 1740/1997/2132 1592/1998/2133 1570/1999/2134
f 1564/2000/2135 1594/2001/2136 1596/2002/2137 1565/2003/2138
f 1572/2004/2139 1597/2005/2140 1595/2006/2141 1571/2007/2142
f 1565/2003/2138 1596/2002/2137 1598/2008/2143 1566/2009/2144
f 1573/2010/2145 1599/2011/2146 1597/2005/2140 1572/2004/2139
f 1566/2009/2144 1598/2008/2143 1600/2012/2147 1567/2013/2148
f 1574/2014/2149 1601/2015/2150 1599/2011/2146 1573/2010/2145
f 1567/2013/2148 1600/2012/2147 1728/2016/2151 1727/2017/2152
f 1568/2018/2153 1602/2019/2154 1680/2020/2155 1679/2021/2156
f 1737/2022/2157 1736/2023/2158 1601/2015/2150 1574/2014/2149
s 51
f 1590/1983/2159 1604/2024/2160 1765/2025/2161 1764/1984/2162
f 1604/2024/2160 1605/1902/2163 1766/1905/2164 1765/2025/2161
s 52
f 1756/1987/2165 1755/2026/2166 1610/2027/2167 1593/1988/2168
f 1755/2026/2166 1754/2028/2169 1611/2029/2170 1610/2027/2167
s 40
f 1690/1990/2125 1689/2030/2171 1604/2024/2172 1590/1983/2118
f 1689/2030/2171 1688/1903/2036 1605/1902/2035 1604/2024/2172
s 51
f 1591/1993/2173 1606/2031/2174 1749/2032/2175 1748/1994/2176
f 1606/2031/2174 1607/1906/2177 1750/1911/2178 1749/2032/2175
s 52
f 1740/1997/2179 1739/2033/2180 1608/2034/2181 1592/1998/2182
f 1739/2033/2180 1738/2035/2183 1609/2036/2184 1608/2034/2181
s 51
f 1594/2001/2185 1612/2037/2186 1616/2038/2187 1596/2002/2188
f 1612/2037/2186 1613/1912/2189 1617/1915/2190 1616/2038/2187
s 52
f 1597/2005/2191 1618/2039/2192 1614/2040/2193 1595/2006/2194
f 1618/2039/2192 1619/2041/2195 1615/2042/2196 1614/2040/2193
s 51
f 1596/2002/2188 1616/2038/2187 1620/2043/2197 1598/2008/2198
f 1616/2038/2187 1617/1915/2190 1621/1917/2199 1620/2043/2197
s 52
f 1599/2011/2200 1622/2044/2201 1618/2039/2192 1597/2005/2191
f 1622/2044/2201 1623/2045/2202 1619/2041/2195 1618/2039/2192
s 51
f 1598/2008/2198 1620/2043/2197 1624/2046/2203 1600/2012/2204
f 1620/2043/2197 1621/1917/2199 1625/1919/2205 1624/2046/2203
s 52
f 1601/2015/2206 1626/2047/2207 1622/2044/2201 1599/2011/2200
f 1626/2047/2207 1627/2048/2208 1623/2045/2202 1622/2044/2201
s 51
f 1600/2012/2204 1624/2046/2203 1729/2049/2209 1728/2016/2210
f 1624/2046/2203 1625/1919/2205 1730/1921/2211 1729/2049/2209
s 55
f 1602/2019/2212 1628/2050/2213 1681/2051/2214 1680/2020/2215
f 1628/2050/2213 1629/2052/2216 1682/2053/2217 1681/2051/2214
s 52
f 1736/2023/2218 1735/2054/2219 1626/2047/2207 1601/2015/2206
f 1735/2054/2219 1734/2055/2220 1627/2048/2208 1626/2047/2207
s 40
f 1610/2027/2221 1611/2029/2222 1632/2056/2223 1633/2057/2224
f 1593/1988/2123 1610/2027/2221 1633/2057/2224 1634/2058/2225
f 1569/1989/2124 1593/1988/2123 1634/2058/2225 1635/2059/2226
s 45
f 1636/2060/2227 1576/1923/2228 1569/1922/2229 1635/2061/2230
s 42
f 1576/2062/2231 1636/2063/2232 1759/2064/2233 1758/2065/2234
f 1577/2066/2235 1637/2067/2236 1743/2068/2237 1742/2069/2238
f 1578/2070/2239 1638/2071/2240 1639/2072/2241 1579/2073/2242
f 1579/2073/2242 1639/2072/2241 1640/2074/2243 1580/2075/2244
f 1580/2075/2244 1640/2074/2243 1641/2076/2245 1581/2077/2246
f 1581/2077/2246 1641/2076/2245 1723/2078/2247 1722/2079/2248
s 44
f 1643/2080/2249 1575/2081/2250 1582/2082/2251 1642/2083/2252
s 40
f 1644/2084/2253 1603/2085/2254 1575/2086/2255 1643/2087/2256
s 55
f 1645/2088/2257 1630/2089/2258 1603/2085/2259 1644/2084/2260
f 1646/2090/2261 1631/2091/2262 1630/2089/2258 1645/2088/2257
s 40
f 1647/2092/2263 1627/2048/2264 1734/2055/2265 1733/2093/2266
f 1648/2094/2267 1623/2045/2268 1627/2048/2264 1647/2092/2263
f 1649/2095/2269 1619/2041/2270 1623/2045/2268 1648/2094/2267
f 1650/2096/2271 1615/2042/2272 1619/2041/2270 1649/2095/2269
f 1651/2097/2273 1609/2036/2274 1738/2035/2275 1753/2098/2276 1778/2099/2277 1779/2100/2278
f 1632/2056/2223 1611/2029/2222 1754/2028/2279 1769/2101/2280
s 45
f 1653/2102/2281 1636/2060/2227 1635/2061/2230 1652/2103/2282
s 42
f 1636/2063/2232 1653/2104/2283 1760/2105/2284 1759/2064/2233
f 1637/2067/2236 1654/2106/2285 1744/2107/2286 1743/2068/2237
f 1638/2071/2240 1655/2108/2287 1656/2109/2288 1639/2072/2241
f 1639/2072/2241 1656/2109/2288 1657/2110/2289 1640/2074/2243
f 1640/2074/2243 1657/2110/2289 1658/2111/2290 1641/2076/2245
f 1641/2076/2245 1658/2111/2290 1724/2112/2291 1723/2078/2247
s 44
f 1660/2113/2292 1643/2080/2249 1642/2083/2252 1659/2114/2293
s 40
f 1661/2115/2294 1644/2084/2253 1643/2087/2256 1660/2116/2295
s 55
f 1662/2117/2296 1645/2088/2257 1644/2084/2260 1661/2115/2297
f 1663/2118/2298 1646/2090/2261 1645/2088/2257 1662/2117/2296
s 40
f 1664/2119/2299 1647/2092/2263 1733/2093/2266 1801/2120/2300 1800/2121/2301 1732/2122/2302
f 1665/2123/2303 1648/2094/2267 1647/2092/2263 1664/2119/2299
f 1666/2124/2304 1649/2095/2269 1648/2094/2267 1665/2123/2303
f 1667/2125/2305 1650/2096/2271 1649/2095/2269 1666/2124/2304
s 64
f 1899/2126/2306 1905/2127/2307 1904/2128/2308 1903/2129/2309 1902/2130/2310 1901/2131/2311 1900/2132/2312 1898/2133/2313
s 40
f 1668/2134/2314 1632/2056/2223 1769/2101/2280 1785/2135/2315 1784/2136/2316 1768/2137/2317
f 1633/2057/2224 1632/2056/2223 1668/2134/2314 1669/2138/2318
f 1634/2058/2225 1633/2057/2224 1669/2138/2318 1670/2139/2319
f 1635/2059/2226 1634/2058/2225 1670/2139/2319 1652/2140/2320
s 45
f 1672/1980/2114 1653/2102/2281 1652/2103/2282 1671/1981/2115
s 42
f 1653/2104/2283 1672/1940/2073 1761/1943/2076 1760/2105/2284
f 1654/2106/2285 1673/1944/2077 1745/1947/2080 1744/2107/2286
f 1655/2108/2287 1674/1948/2081 1675/1951/2084 1656/2109/2288
f 1656/2109/2288 1675/1951/2084 1676/1953/2086 1657/2110/2289
f 1657/2110/2289 1676/1953/2086 1677/1955/2088 1658/2111/2290
f 1658/2111/2290 1677/1955/2088 1725/1957/2090 1724/2112/2291
s 44
f 1679/1977/2110 1660/2113/2292 1659/2114/2293 1678/1978/2111
s 40
f 1680/2020/2155 1661/2115/2294 1660/2116/2295 1679/2021/2156
s 55
f 1681/2051/2214 1662/2117/2296 1661/2115/2297 1680/2020/2215
f 1682/2053/2217 1663/2118/2298 1662/2117/2296 1681/2051/2214
s 40
f 1683/1918/2051 1664/2119/2299 1732/2122/2302 1799/2141/2321 1798/2142/2322 1731/1920/2053
f 1684/1916/2049 1665/2123/2303 1664/2119/2299 1683/1918/2051
f 1685/1914/2047 1666/2124/2304 1665/2123/2303 1684/1916/2049
f 1686/1913/2046 1667/2125/2305 1666/2124/2304 1685/1914/2047
s 64
f 1907/2143/2323 1899/2126/2306 1898/2133/2313 1911/2144/2324 1910/2145/2325 1909/2146/2326 1908/2147/2327 1906/2148/2328
s 40
f 1688/1903/2036 1668/2134/2314 1768/2137/2317 1783/2149/2329 1782/2150/2330 1767/1904/2037
f 1669/2138/2318 1668/2134/2314 1688/1903/2036 1689/2030/2171
f 1670/2139/2319 1669/2138/2318 1689/2030/2171 1690/1990/2125
f 1670/2139/2319 1690/1990/2125 1671/1991/2126 1652/2140/2320
s 42
f 1691/2151/2331 1692/2152/2332 1642/2153/2333 1582/2154/2334
f 1693/2155/2335 1659/2156/2336 1642/2153/2333 1692/2152/2332
f 1694/2157/2337 1678/2158/2338 1659/2156/2336 1693/2155/2335
f 1695/2159/2339 1589/2160/2340 1678/2158/2338 1694/2157/2337
s 43
f 1696/2161/2341 1568/1976/2342 1589/1979/2343 1695/2162/2344
s 40
f 1697/2163/2345 1602/2019/2154 1568/2018/2153 1696/2164/2346
s 51
f 1698/2165/2347 1628/2050/2348 1602/2019/2349 1697/2163/2350
f 1699/2166/2351 1629/2052/2352 1628/2050/2348 1698/2165/2347
s 40
f 1700/2167/2353 1682/2053/2354 1629/2052/2355 1699/2166/2356
f 1701/2168/2357 1663/2118/2358 1682/2053/2354 1700/2167/2353 1788/2169/2359 1789/2170/2360
f 1702/2171/2361 1646/2090/2362 1663/2118/2358 1701/2168/2357 1792/2172/2363 1793/2173/2364
f 1703/2174/2365 1631/2091/2366 1646/2090/2362 1702/2171/2361
s 52
f 1630/2089/2367 1631/2091/2368 1703/2174/2369 1704/2175/2370
f 1603/2085/2371 1630/2089/2367 1704/2175/2370 1705/2176/2372
s 40
f 1575/2086/2255 1603/2085/2254 1705/2176/2373 1706/2177/2374
s 41
f 1691/2178/2375 1582/2082/2376 1575/2081/2377 1706/2179/2378
s 42
f 1707/2180/2379 1708/2181/2380 1692/2152/2332 1691/2151/2331
f 1709/2182/2381 1693/2155/2335 1692/2152/2332 1708/2181/2380
f 1710/2183/2382 1694/2157/2337 1693/2155/2335 1709/2182/2381
f 1711/2184/2383 1695/2159/2339 1694/2157/2337 1710/2183/2382
s 43
f 1712/2185/2384 1696/2161/2341 1695/2162/2344 1711/2186/2385
s 40
f 1713/2187/2386 1697/2163/2345 1696/2164/2346 1712/2188/2387
s 51
f 1714/2189/2388 1698/2165/2347 1697/2163/2350 1713/2187/2389
f 1715/2190/2390 1699/2166/2351 1698/2165/2347 1714/2189/2388
s 40
f 1716/2191/2391 1963/2192/2392 1787/2193/2393 1786/2194/2394 1700/2167/2353 1699/2166/2356 1715/2190/2395
s 71
f 1924/2195/2396 1930/2196/2397 1929/2197/2398 1928/2198/2399 1927/2199/2400 1926/2200/2401 1925/2201/2402 1960/2202/2403 1923/2203/2404
f 1931/2204/2405 1951/2205/2406 1936/2206/2407 1935/2207/2408 1934/2208/2409 1933/2209/2410 1932/2210/2411 1930/2196/2397 1924/2195/2396
s 40
f 1718/2211/2412 1703/2174/2365 1702/2171/2361 1790/2212/2413 1791/2213/2414 1948/2214/2415 1717/2215/2416
s 52
f 1704/2175/2370 1703/2174/2369 1718/2211/2417 1719/2216/2418
f 1705/2176/2372 1704/2175/2370 1719/2216/2418 1720/2217/2419
s 40
f 1706/2177/2374 1705/2176/2373 1720/2217/2420 1721/2218/2421
s 41
f 1707/2219/2422 1691/2178/2375 1706/2179/2378 1721/2220/2423
s 42
f 1722/2079/2248 1723/2078/2247 1708/2181/2380 1707/2180/2379
f 1724/2112/2291 1709/2182/2381 1708/2181/2380 1723/2078/2247
f 1725/1957/2090 1710/2183/2382 1709/2182/2381 1724/2112/2291
f 1726/1956/2089 1711/2184/2383 1710/2183/2382 1725/1957/2090
s 43
f 1727/1974/2107 1712/2185/2384 1711/2186/2385 1726/1975/2108
s 40
f 1728/2016/2151 1713/2187/2386 1712/2188/2387 1727/2017/2152
s 51
f 1729/2049/2209 1714/2189/2388 1713/2187/2389 1728/2016/2210
f 1730/1921/2211 1715/2190/2390 1714/2189/2388 1729/2049/2209
s 40
f 1731/1920/2053 1795/2221/2424 1794/2222/2425 1959/2223/2426 1716/2191/2391 1715/2190/2395 1730/1921/2054
s 71
f 1938/2224/2427 1924/2195/2396 1923/2203/2404 1956/2225/2428 1942/2226/2429 1941/2227/2430 1940/2228/2431 1939/2229/2432 1937/2230/2433
f 1944/2231/2434 1947/2232/2435 1946/2233/2436 1955/2234/2437 1931/2204/2405 1924/2195/2396 1938/2224/2427 1945/2235/2438 1943/2236/2439
s 40
f 1734/2055/2265 1718/2211/2412 1717/2215/2416 1952/2237/2440 1796/2238/2441 1797/2239/2442 1733/2093/2266
s 52
f 1719/2216/2418 1718/2211/2417 1734/2055/2220 1735/2054/2219
f 1720/2217/2419 1719/2216/2418 1735/2054/2219 1736/2023/2218
s 40
f 1721/2218/2421 1720/2217/2420 1736/2023/2158 1737/2022/2157
s 41
f 1722/1938/2071 1707/2219/2422 1721/2220/2423 1737/1939/2072
s 52
f 1614/2040/2193 1615/2042/2196 1738/2035/2183 1739/2033/2180
f 1595/2006/2194 1614/2040/2193 1739/2033/2180 1740/1997/2179
s 40
f 1571/2007/2142 1595/2006/2141 1740/1997/2132 1741/1996/2131
s 41
f 1742/1928/2061 1578/1931/2064 1571/1930/2063 1741/1929/2062
s 42
f 1743/2068/2237 1638/2071/2240 1578/2070/2239 1742/2069/2238
f 1744/2107/2286 1655/2108/2287 1638/2071/2240 1743/2068/2237
f 1745/1947/2080 1674/1948/2081 1655/2108/2287 1744/2107/2286
f 1746/1946/2079 1585/1949/2082 1674/1948/2081 1745/1947/2080
s 43
f 1747/1964/2097 1564/1967/2100 1585/1966/2099 1746/1965/2098
s 40
f 1748/1994/2129 1594/2001/2136 1564/2000/2135 1747/1995/2130
s 51
f 1749/2032/2175 1612/2037/2186 1594/2001/2185 1748/1994/2176
f 1750/1911/2178 1613/1912/2189 1612/2037/2186 1749/2032/2175
s 40
f 1751/1910/2043 1686/1913/2046 1613/1912/2045 1750/1911/2044
f 1752/2240/2443 1667/2125/2305 1686/1913/2046 1751/1910/2043 1776/2241/2444 1777/2242/2445
f 1753/2098/2276 1650/2096/2271 1667/2125/2305 1752/2240/2443 1780/2243/2446 1781/2244/2447
f 1738/2035/2275 1615/2042/2272 1650/2096/2271 1753/2098/2276
s 52
f 1608/2034/2181 1609/2036/2184 1754/2028/2169 1755/2026/2166
f 1592/1998/2182 1608/2034/2181 1755/2026/2166 1756/1987/2165
s 40
f 1570/1999/2134 1592/1998/2133 1756/1987/2122 1757/1986/2121
s 41
f 1758/1924/2057 1577/1927/2060 1570/1926/2059 1757/1925/2058
s 42
f 1759/2064/2233 1637/2067/2236 1577/2066/2235 1758/2065/2234
f 1760/2105/2284 1654/2106/2285 1637/2067/2236 1759/2064/2233
f 1761/1943/2076 1673/1944/2077 1654/2106/2285 1760/2105/2284
f 1762/1942/2075 1584/1945/2078 1673/1944/2077 1761/1943/2076
s 43
f 1763/1960/2093 1563/1963/2096 1584/1962/2095 1762/1961/2094
s 40
f 1764/1984/2119 1591/1993/2128 1563/1992/2127 1763/1985/2120
s 51
f 1765/2025/2161 1606/2031/2174 1591/1993/2173 1764/1984/2162
f 1766/1905/2164 1607/1906/2177 1606/2031/2174 1765/2025/2161
s 40
f 1767/1904/2037 1773/2245/2448 1772/2246/2449 1687/1907/2040 1607/1906/2039 1766/1905/2038
s 64
f 1913/2247/2450 1899/2126/2306 1907/2143/2323 1917/2248/2451 1916/2249/2452 1915/2250/2453 1914/2251/2454 1912/2252/2455
f 1919/2253/2456 1922/2254/2457 1921/2255/2458 1905/2127/2307 1899/2126/2306 1913/2247/2450 1920/2256/2459 1918/2257/2460
s 40
f 1754/2028/2279 1609/2036/2274 1651/2097/2273 1770/2258/2461 1771/2259/2462 1769/2101/2280
f 1752/2240/2443 1802/2260/2463 1804/2261/2464 1780/2243/2446
f 1802/2260/2463 1803/2262/2465 1805/2263/2466 1804/2261/2464
f 1780/2243/2446 1804/2261/2464 1806/2264/2467 1781/2244/2447
f 1804/2261/2464 1805/2263/2466 1807/2265/2468 1806/2264/2467
f 1781/2244/2447 1806/2264/2467 1808/2266/2469 1753/2098/2276
f 1806/2264/2467 1807/2265/2468 1809/2267/2470 1808/2266/2469
f 1753/2098/2276 1808/2266/2469 1810/2268/2471 1778/2099/2277
f 1808/2266/2469 1809/2267/2470 1811/2269/2472 1810/2268/2471
f 1778/2099/2277 1810/2268/2471 1812/2270/2473 1779/2100/2278
f 1810/2268/2471 1811/2269/2472 1813/2271/2474 1812/2270/2473
f 1779/2100/2278 1812/2270/2473 1814/2272/2475 1651/2097/2273
f 1812/2270/2473 1813/2271/2474 1815/2273/2476 1814/2272/2475
f 1687/1907/2040 1818/2274/2477 1816/2275/2478 1775/1908/2041
f 1818/2274/2477 1819/2276/2479 1817/2277/2480 1816/2275/2478
f 1775/1908/2041 1816/2275/2478 1820/2278/2481 1774/1909/2042
f 1816/2275/2478 1817/2277/2480 1821/2279/2482 1820/2278/2481
f 1774/1909/2042 1820/2278/2481 1822/2280/2483 1751/1910/2043
f 1820/2278/2481 1821/2279/2482 1823/2281/2484 1822/2280/2483
f 1751/1910/2043 1822/2280/2483 1824/2282/2485 1776/2241/2444
f 1822/2280/2483 1823/2281/2484 1825/2283/2486 1824/2282/2485
f 1776/2241/2444 1824/2282/2485 1826/2284/2487 1777/2242/2445
f 1824/2282/2485 1825/2283/2486 1827/2285/2488 1826/2284/2487
f 1777/2242/2445 1826/2284/2487 1802/2260/2463 1752/2240/2443
f 1826/2284/2487 1827/2285/2488 1803/2262/2465 1802/2260/2463
f 1768/2137/2317 1830/2286/2489 1828/2287/2490 1783/2149/2329
f 1830/2286/2489 1831/2288/2491 1829/2289/2492 1828/2287/2490
f 1783/2149/2329 1828/2287/2490 1832/2290/2493 1782/2150/2330
f 1828/2287/2490 1829/2289/2492 1833/2291/2494 1832/2290/2493
f 1782/2150/2330 1832/2290/2493 1834/2292/2495 1767/1904/2037
f 1832/2290/2493 1833/2291/2494 1835/2293/2496 1834/2292/2495
f 1767/1904/2037 1834/2292/2495 1836/2294/2497 1773/2245/2448
f 1834/2292/2495 1835/2293/2496 1837/2295/2498 1836/2294/2497
f 1773/2245/2448 1836/2294/2497 1838/2296/2499 1772/2246/2449
f 1836/2294/2497 1837/2295/2498 1839/2297/2500 1838/2296/2499
f 1772/2246/2449 1838/2296/2499 1818/2274/2477 1687/1907/2040
f 1838/2296/2499 1839/2297/2500 1819/2276/2479 1818/2274/2477
f 1769/2101/2280 1842/2298/2501 1840/2299/2502 1785/2135/2315
f 1842/2298/2501 1843/2300/2503 1841/2301/2504 1840/2299/2502
f 1785/2135/2315 1840/2299/2502 1844/2302/2505 1784/2136/2316
f 1840/2299/2502 1841/2301/2504 1845/2303/2506 1844/2302/2505
f 1784/2136/2316 1844/2302/2505 1830/2286/2489 1768/2137/2317
f 1844/2302/2505 1845/2303/2506 1831/2288/2491 1830/2286/2489
f 1651/2097/2273 1814/2272/2475 1846/2304/2507 1770/2258/2461
f 1814/2272/2475 1815/2273/2476 1847/2305/2508 1846/2304/2507
f 1770/2258/2461 1846/2304/2507 1848/2306/2509 1771/2259/2462
f 1846/2304/2507 1847/2305/2508 1849/2307/2510 1848/2306/2509
f 1771/2259/2462 1848/2306/2509 1842/2298/2501 1769/2101/2280
f 1848/2306/2509 1849/2307/2510 1843/2300/2503 1842/2298/2501
f 1963/2192/2392 1962/2308/2511 1852/2309/2512 1787/2193/2393
f 1962/2308/2511 1961/2310/2513 1853/2311/2514 1852/2309/2512
f 1787/2193/2393 1852/2309/2512 1854/2312/2515 1786/2194/2394
f 1852/2309/2512 1853/2311/2514 1855/2313/2516 1854/2312/2515
f 1786/2194/2394 1854/2312/2515 1856/2314/2517 1700/2167/2353
f 1854/2312/2515 1855/2313/2516 1857/2315/2518 1856/2314/2517
f 1700/2167/2353 1856/2314/2517 1858/2316/2519 1788/2169/2359
f 1856/2314/2517 1857/2315/2518 1859/2317/2520 1858/2316/2519
f 1788/2169/2359 1858/2316/2519 1860/2318/2521 1789/2170/2360
f 1858/2316/2519 1859/2317/2520 1861/2319/2522 1860/2318/2521
f 1789/2170/2360 1860/2318/2521 1862/2320/2523 1701/2168/2357
f 1860/2318/2521 1861/2319/2522 1863/2321/2524 1862/2320/2523
f 1701/2168/2357 1862/2320/2523 1866/2322/2525 1792/2172/2363
f 1862/2320/2523 1863/2321/2524 1867/2323/2526 1866/2322/2525
f 1792/2172/2363 1866/2322/2525 1868/2324/2527 1793/2173/2364
f 1866/2322/2525 1867/2323/2526 1869/2325/2528 1868/2324/2527
f 1793/2173/2364 1868/2324/2527 1870/2326/2529 1702/2171/2361
f 1868/2324/2527 1869/2325/2528 1871/2327/2530 1870/2326/2529
f 1702/2171/2361 1870/2326/2529 1872/2328/2531 1790/2212/2413
f 1870/2326/2529 1871/2327/2530 1873/2329/2532 1872/2328/2531
f 1790/2212/2413 1872/2328/2531 1874/2330/2533 1791/2213/2414
f 1872/2328/2531 1873/2329/2532 1875/2331/2534 1874/2330/2533
f 1791/2213/2414 1874/2330/2533 1949/2332/2535 1948/2214/2415
f 1874/2330/2533 1875/2331/2534 1950/2333/2536 1949/2332/2535
f 1732/2122/2302 1878/2334/2537 1876/2335/2538 1799/2141/2321
f 1878/2334/2537 1879/2336/2539 1877/2337/2540 1876/2335/2538
f 1799/2141/2321 1876/2335/2538 1880/2338/2541 1798/2142/2322
f 1876/2335/2538 1877/2337/2540 1881/2339/2542 1880/2338/2541
f 1798/2142/2322 1880/2338/2541 1882/2340/2543 1731/1920/2053
f 1880/2338/2541 1881/2339/2542 1883/2341/2544 1882/2340/2543
f 1731/1920/2053 1882/2340/2543 1884/2342/2545 1795/2221/2424
f 1882/2340/2543 1883/2341/2544 1885/2343/2546 1884/2342/2545
f 1795/2221/2424 1884/2342/2545 1886/2344/2547 1794/2222/2425
f 1884/2342/2545 1885/2343/2546 1887/2345/2548 1886/2344/2547
f 1959/2223/2426 1958/2346/2549 1850/2347/2550 1716/2191/2391
f 1958/2346/2549 1957/2348/2551 1851/2349/2552 1850/2347/2550
f 1733/2093/2266 1890/2350/2553 1888/2351/2554 1801/2120/2300
f 1890/2350/2553 1891/2352/2555 1889/2353/2556 1888/2351/2554
f 1801/2120/2300 1888/2351/2554 1892/2354/2557 1800/2121/2301
f 1888/2351/2554 1889/2353/2556 1893/2355/2558 1892/2354/2557
f 1800/2121/2301 1892/2354/2557 1878/2334/2537 1732/2122/2302
f 1892/2354/2557 1893/2355/2558 1879/2336/2539 1878/2334/2537
f 1717/2215/2416 1864/2356/2559 1953/2357/2560 1952/2237/2440
f 1864/2356/2559 1865/2358/2561 1954/2359/2562 1953/2357/2560
f 1796/2238/2441 1894/2360/2563 1896/2361/2564 1797/2239/2442
f 1894/2360/2563 1895/2362/2565 1897/2363/2566 1896/2361/2564
f 1797/2239/2442 1896/2361/2564 1890/2350/2553 1733/2093/2266
f 1896/2361/2564 1897/2363/2566 1891/2352/2555 1890/2350/2553
s 72
f 1803/2262/2567 1898/2133/2568 1900/2132/2569 1805/2263/2570
f 1805/2263/2570 1900/2132/2569 1901/2131/2571 1807/2265/2572
f 1807/2265/2572 1901/2131/2571 1902/2130/2573 1809/2267/2574
f 1809/2267/2574 1902/2130/2573 1903/2129/2575 1811/2269/2576
f 1811/2269/2576 1903/2129/2575 1904/2128/2577 1813/2271/2578
f 1813/2271/2578 1904/2128/2577 1905/2127/2579 1815/2273/2580
f 1819/2276/2581 1907/2143/2582 1906/2148/2583 1817/2277/2584
f 1817/2277/2584 1906/2148/2583 1908/2147/2585 1821/2279/2586
f 1821/2279/2586 1908/2147/2585 1909/2146/2587 1823/2281/2588
f 1823/2281/2588 1909/2146/2587 1910/2145/2589 1825/2283/2590
f 1825/2283/2590 1910/2145/2589 1911/2144/2591 1827/2285/2592
f 1827/2285/2592 1911/2144/2591 1898/2133/2568 1803/2262/2567
f 1831/2288/2593 1913/2247/2594 1912/2252/2595 1829/2289/2596
f 1829/2289/2596 1912/2252/2595 1914/2251/2597 1833/2291/2598
f 1833/2291/2598 1914/2251/2597 1915/2250/2599 1835/2293/2600
f 1835/2293/2600 1915/2250/2599 1916/2249/2601 1837/2295/2602
f 1837/2295/2602 1916/2249/2601 1917/2248/2603 1839/2297/2604
f 1839/2297/2604 1917/2248/2603 1907/2143/2582 1819/2276/2581
f 1843/2300/2605 1919/2253/2606 1918/2257/2607 1841/2301/2608
f 1841/2301/2608 1918/2257/2607 1920/2256/2609 1845/2303/2610
f 1845/2303/2610 1920/2256/2609 1913/2247/2594 1831/2288/2593
f 1815/2273/2580 1905/2127/2579 1921/2255/2611 1847/2305/2612
f 1847/2305/2612 1921/2255/2611 1922/2254/2613 1849/2307/2614
f 1849/2307/2614 1922/2254/2613 1919/2253/2606 1843/2300/2605
s 76
f 1961/2310/2615 1960/2202/2616 1925/2201/2617 1853/2311/2618
f 1853/2311/2618 1925/2201/2617 1926/2200/2619 1855/2313/2620
f 1855/2313/2620 1926/2200/2619 1927/2199/2621 1857/2315/2622
f 1857/2315/2622 1927/2199/2621 1928/2198/2623 1859/2317/2624
f 1859/2317/2624 1928/2198/2623 1929/2197/2625 1861/2319/2626
f 1861/2319/2626 1929/2197/2625 1930/2196/2627 1863/2321/2628
f 1863/2321/2628 1930/2196/2627 1932/2210/2629 1867/2323/2630
f 1867/2323/2630 1932/2210/2629 1933/2209/2631 1869/2325/2632
f 1869/2325/2632 1933/2209/2631 1934/2208/2633 1871/2327/2634
f 1871/2327/2634 1934/2208/2633 1935/2207/2635 1873/2329/2636
f 1873/2329/2636 1935/2207/2635 1936/2206/2637 1875/2331/2638
f 1875/2331/2638 1936/2206/2637 1951/2205/2639 1950/2333/2640
f 1879/2336/2641 1938/2224/2642 1937/2230/2643 1877/2337/2644
f 1877/2337/2644 1937/2230/2643 1939/2229/2645 1881/2339/2646
f 1881/2339/2646 1939/2229/2645 1940/2228/2647 1883/2341/2648
f 1883/2341/2648 1940/2228/2647 1941/2227/2649 1885/2343/2650
f 1885/2343/2650 1941/2227/2649 1942/2226/2651 1887/2345/2652
f 1957/2348/2653 1956/2225/2654 1923/2203/2655 1851/2349/2656
f 1891/2352/2657 1944/2231/2658 1943/2236/2659 1889/2353/2660
f 1889/2353/2660 1943/2236/2659 1945/2235/2661 1893/2355/2662
f 1893/2355/2662 1945/2235/2661 1938/2224/2642 1879/2336/2641
f 1865/2358/2663 1931/2204/2664 1955/2234/2665 1954/2359/2666
f 1895/2362/2667 1946/2233/2668 1947/2232/2669 1897/2363/2670
f 1897/2363/2670 1947/2232/2669 1944/2231/2658 1891/2352/2657
s 40
f 1948/2214/2415 1949/2332/2535 1864/2356/2559 1717/2215/2416
f 1950/2333/2536 1865/2358/2561 1864/2356/2559 1949/2332/2535
s 76
f 1951/2205/2639 1931/2204/2664 1865/2358/2663 1950/2333/2640
s 40
f 1952/2237/2440 1953/2357/2560 1894/2360/2563 1796/2238/2441
f 1954/2359/2562 1895/2362/2565 1894/2360/2563 1953/2357/2560
s 76
f 1955/2234/2665 1946/2233/2668 1895/2362/2667 1954/2359/2666
f 1887/2345/2652 1942/2226/2651 1956/2225/2654 1957/2348/2653
s 40
f 1886/2344/2547 1887/2345/2548 1957/2348/2551 1958/2346/2549
f 1794/2222/2425 1886/2344/2547 1958/2346/2549 1959/2223/2426
s 76
f 1851/2349/2656 1923/2203/2655 1960/2202/2616 1961/2310/2615
s 40
f 1850/2347/2550 1851/2349/2552 1961/2310/2513 1962/2308/2511
f 1716/2191/2391 1850/2347/2550 1962/2308/2511 1963/2192/2392
g default
v 0.706727 0.537412 11.463998
v 0.716588 0.524834 11.426675
v 0.728567 0.578221 11.358006
v 0.722108 0.594113 11.378513
v 0.730471 0.512751 11.381859
v 0.737725 0.552537 11.324701
v 0.733578 0.504309 11.333074
v 0.741048 0.532390 11.298106
v 0.713646 0.562974 11.407080
v 0.722970 0.549758 11.380720
v 0.730788 0.530716 11.343023
v 0.740816 0.517556 11.312836
v 0.731607 0.594516 11.380720
v 0.738008 0.578617 11.360433
v 0.723150 0.563544 11.409218
v 0.729179 0.550068 11.382175
v 0.747098 0.553083 11.327345
v 0.740213 0.530800 11.345552
v 0.750204 0.517526 11.315416
v 0.750411 0.533098 11.300755
v 0.716235 0.538150 11.466064
v 0.726086 0.525625 11.428774
v 0.736451 0.512475 11.383331
v 0.746452 0.503854 11.336433
v 0.750287 0.532363 11.301523
v 0.746871 0.551940 11.328344
v 0.737739 0.577109 11.361659
v 0.731359 0.592865 11.382347
v 0.721861 0.592452 11.380143
v 0.728296 0.576700 11.359241
v 0.737493 0.551420 11.325706
v 0.740922 0.531700 11.298880
v 0.746837 0.504811 11.334970
v 0.737233 0.516083 11.378945
v 0.726812 0.529626 11.423780
v 0.717754 0.539552 11.457680
v 0.708245 0.538826 11.455609
v 0.717316 0.528848 11.421668
v 0.730995 0.516333 11.377394
v 0.734220 0.505235 11.331669
v 0.731652 0.594406 11.380579
v 0.722156 0.594004 11.378372
v 0.721906 0.592343 11.379998
v 0.713686 0.562882 11.406894
v 0.708306 0.538756 11.455372
v 0.706789 0.537345 11.463758
v 0.716299 0.538083 11.465824
v 0.717817 0.539482 11.457444
v 0.723190 0.563452 11.409031
v 0.731403 0.592754 11.382202
v 0.750371 0.533196 11.300884
v 0.741008 0.532490 11.298236
v 0.740881 0.531799 11.299011
v 0.740506 0.518260 11.313810
v 0.734193 0.505282 11.331898
v 0.733551 0.504356 11.333310
v 0.746390 0.503901 11.336658
v 0.746775 0.504858 11.335189
v 0.749896 0.518229 11.316389
v 0.750246 0.532461 11.301654
v 0.700854 0.502783 11.479694
v 0.690770 0.502327 11.521059
v 0.711572 0.513966 11.431758
v 0.697297 0.532514 11.483231
v 0.692600 0.481434 11.521318
v 0.699516 0.473939 11.495816
v 0.715114 0.480869 11.429526
v 0.713320 0.454125 11.446741
v 0.724054 0.502213 11.385104
v 0.724556 0.464787 11.396876
v 0.718175 0.442562 11.411841
v 0.729842 0.493041 11.339109
v 0.692007 0.516954 11.510596
v 0.704098 0.510711 11.463498
v 0.719604 0.492210 11.406991
v 0.729754 0.478950 11.370398
v 0.710705 0.533728 11.486513
v 0.724982 0.515178 11.435040
v 0.705418 0.518166 11.513876
v 0.717504 0.511922 11.466779
v 0.704180 0.503540 11.524341
v 0.714264 0.503995 11.482974
v 0.706008 0.482646 11.524597
v 0.712926 0.475152 11.499097
v 0.728520 0.482081 11.432805
v 0.726727 0.455336 11.450021
v 0.737461 0.503425 11.388384
v 0.733008 0.493422 11.410271
v 0.737965 0.466000 11.400159
v 0.731583 0.443774 11.415123
v 0.743162 0.480162 11.373678
v 0.743251 0.494254 11.342392
v 0.705961 0.483187 11.524591
v 0.712961 0.475898 11.498679
v 0.726773 0.456030 11.449577
v 0.731748 0.444350 11.414735
v 0.718340 0.443138 11.411453
v 0.713366 0.454816 11.446294
v 0.699551 0.474687 11.495398
v 0.692551 0.481975 11.521310
v 0.705722 0.482621 11.524529
v 0.705676 0.483161 11.524521
v 0.703895 0.503515 11.524270
v 0.705133 0.518142 11.513808
v 0.710422 0.533701 11.486443
v 0.724696 0.515153 11.434970
v 0.737175 0.503399 11.388316
v 0.742966 0.494228 11.342321
v 0.742877 0.480137 11.373610
v 0.737680 0.465974 11.400088
v 0.731463 0.444324 11.414665
v 0.731298 0.443749 11.415053
v 0.726442 0.455310 11.449951
v 0.712641 0.475126 11.499028
v 0.730449 0.493096 11.339257
v 0.730361 0.479005 11.370547
v 0.725164 0.464841 11.397024
v 0.718947 0.443193 11.411603
v 0.718782 0.442617 11.411989
v 0.713927 0.454179 11.446889
v 0.700123 0.473994 11.495963
v 0.693206 0.481488 11.521465
v 0.693158 0.482030 11.521459
v 0.691376 0.502382 11.521207
v 0.692615 0.517009 11.510745
v 0.697902 0.532569 11.483379
v 0.712178 0.514020 11.431905
v 0.724660 0.502267 11.385252
v 0.729840 0.492788 11.339671
v 0.730448 0.492843 11.339819
v 0.742964 0.493975 11.342882
v 0.743248 0.494000 11.342951
v 0.737379 0.503245 11.388777
v 0.724847 0.515120 11.435609
v 0.710610 0.533448 11.487004
v 0.710326 0.533422 11.486933
v 0.697809 0.532289 11.483869
v 0.697202 0.532235 11.483721
v 0.711440 0.513907 11.432328
v 0.723974 0.502033 11.385498
v 0.698246 0.460758 11.498412
v 0.691375 0.471917 11.522367
v 0.692774 0.443924 11.512500
v 0.702936 0.429700 11.476222
v 0.703114 0.362162 11.485386
v 0.710784 0.350600 11.458301
v 0.712876 0.413651 11.441513
v 0.717915 0.343235 11.431836
v 0.710612 0.443296 11.454314
v 0.720277 0.390621 11.419746
v 0.723715 0.341348 11.408788
v 0.719596 0.430757 11.422242
v 0.721879 0.367646 11.414638
v 0.716244 0.377057 11.434233
v 0.707899 0.391581 11.462991
v 0.699151 0.408863 11.497228
v 0.701799 0.471236 11.525601
v 0.708667 0.460080 11.501645
v 0.703288 0.443907 11.515395
v 0.713463 0.429644 11.479167
v 0.718474 0.391978 11.465742
v 0.709753 0.409347 11.499848
v 0.713708 0.362483 11.488072
v 0.721363 0.350947 11.461047
v 0.726774 0.377358 11.437153
v 0.728479 0.343543 11.434627
v 0.721023 0.442811 11.457613
v 0.723344 0.413598 11.444661
v 0.732401 0.367874 11.417586
v 0.734286 0.341584 11.411561
v 0.729995 0.430459 11.425603
v 0.730715 0.390586 11.422992
v 0.719603 0.430368 11.422217
v 0.710634 0.443009 11.454191
v 0.698290 0.460455 11.498194
v 0.691390 0.471644 11.522270
v 0.701813 0.470971 11.525502
v 0.708714 0.459786 11.501428
v 0.721047 0.442528 11.457488
v 0.730002 0.430073 11.425578
v 0.734271 0.341791 11.411609
v 0.723701 0.341554 11.408833
v 0.717901 0.343500 11.431855
v 0.710764 0.350920 11.458337
v 0.703081 0.362529 11.485479
v 0.713677 0.362851 11.488165
v 0.721337 0.351269 11.461083
v 0.728465 0.343808 11.434647
v 0.733351 0.341564 11.411316
v 0.727544 0.343515 11.434380
v 0.720423 0.350918 11.460805
v 0.712770 0.362455 11.487834
v 0.712737 0.362823 11.487927
v 0.708813 0.409305 11.499617
v 0.702359 0.443910 11.515138
v 0.700890 0.471030 11.525216
v 0.700876 0.471295 11.525314
v 0.707745 0.460140 11.501358
v 0.720103 0.442853 11.457321
v 0.729071 0.430486 11.425305
v 0.729078 0.430099 11.425280
v 0.729789 0.390588 11.422704
v 0.731471 0.367856 11.417327
v 0.733334 0.341771 11.411363
v 0.724090 0.341356 11.408886
v 0.718289 0.343245 11.431935
v 0.711160 0.350613 11.458399
v 0.703489 0.362174 11.485482
v 0.703456 0.362540 11.485575
v 0.699527 0.408880 11.497322
v 0.693147 0.443922 11.512603
v 0.691762 0.471621 11.522387
v 0.691747 0.471891 11.522482
v 0.698615 0.460732 11.498525
v 0.710985 0.443279 11.454432
v 0.719964 0.430746 11.422361
v 0.719971 0.430357 11.422336
v 0.720647 0.390620 11.419861
v 0.722254 0.367655 11.414743
v 0.724076 0.341562 11.408932
v 0.713982 0.362069 11.487103
v 0.713950 0.362436 11.487193
v 0.710064 0.408726 11.498626
v 0.703654 0.443395 11.514095
v 0.702058 0.470569 11.524638
v 0.702043 0.470835 11.524742
v 0.701121 0.470895 11.524454
v 0.691994 0.471492 11.521623
v 0.691623 0.471517 11.521508
v 0.691639 0.471244 11.521409
v 0.693139 0.443413 11.511199
v 0.699464 0.408244 11.496001
v 0.703358 0.362112 11.484506
v 0.703387 0.361749 11.484416
v 0.703762 0.361759 11.484510
v 0.713043 0.362041 11.486865
v 0.048060 0.553565 11.404260
v 0.044469 0.541316 11.365716
v 0.047643 0.594919 11.296249
v 0.051073 0.610570 11.317653
v 0.038301 0.529726 11.319082
v 0.043385 0.569565 11.261728
v 0.043608 0.521230 11.270497
v 0.043922 0.549486 11.234880
v 0.052738 0.579181 11.347138
v 0.047674 0.566319 11.319474
v 0.045845 0.547513 11.280901
v 0.040780 0.534723 11.249346
v 0.041365 0.611443 11.318118
v 0.037951 0.595785 11.296941
v 0.043043 0.580223 11.347535
v 0.041327 0.566936 11.319790
v 0.033726 0.570578 11.262645
v 0.036134 0.548067 11.281695
v 0.031091 0.535161 11.250196
v 0.034281 0.550659 11.235806
v 0.038382 0.554773 11.404585
v 0.034799 0.542578 11.366077
v 0.032146 0.529747 11.319454
v 0.030333 0.521415 11.271484
v 0.034230 0.549924 11.236580
v 0.033715 0.569429 11.263663
v 0.037921 0.594271 11.298188
v 0.041236 0.609789 11.319756
v 0.050944 0.608905 11.319294
v 0.047614 0.593392 11.297506
v 0.043378 0.568443 11.262752
v 0.043874 0.548794 11.235661
v 0.030266 0.522384 11.269980
v 0.032343 0.533370 11.315014
v 0.035178 0.546588 11.361052
v 0.038466 0.556210 11.396072
v 0.048146 0.555014 11.395741
v 0.044849 0.545339 11.360678
v 0.038761 0.533309 11.314611
v 0.043275 0.522179 11.269003
v 0.041340 0.611335 11.317971
v 0.051047 0.610462 11.317505
v 0.050921 0.608798 11.319143
v 0.052727 0.579090 11.346948
v 0.048123 0.554946 11.395497
v 0.048037 0.553500 11.404013
v 0.038359 0.554708 11.404338
v 0.038442 0.556142 11.395827
v 0.043033 0.580132 11.347344
v 0.041212 0.609680 11.319604
v 0.034301 0.550757 11.235940
v 0.043942 0.549585 11.235015
v 0.043894 0.548892 11.235798
v 0.040944 0.535416 11.250363
v 0.043263 0.522225 11.269233
v 0.043596 0.521276 11.270734
v 0.030357 0.521460 11.271717
v 0.030290 0.522429 11.270207
v 0.031254 0.535853 11.251211
v 0.034251 0.550020 11.236716
v 0.049324 0.518761 11.420603
v 0.051770 0.517997 11.463104
v 0.047955 0.530239 11.371571
v 0.053627 0.548299 11.424853
v 0.048911 0.497219 11.462938
v 0.046337 0.489957 11.436575
v 0.043269 0.497345 11.368593
v 0.040635 0.470621 11.385732
v 0.043509 0.518902 11.323383
v 0.039079 0.481597 11.334707
v 0.041578 0.459154 11.350476
v 0.045648 0.509820 11.277055
v 0.053148 0.532622 11.452654
v 0.049434 0.526766 11.404124
v 0.043461 0.508791 11.345668
v 0.039422 0.495880 11.307788
v 0.039923 0.550178 11.425676
v 0.034249 0.532118 11.372393
v 0.039440 0.534499 11.453475
v 0.035730 0.528642 11.404945
v 0.038065 0.519876 11.463927
v 0.035618 0.520637 11.421424
v 0.035206 0.499096 11.463758
v 0.032630 0.491836 11.437398
v 0.029566 0.499222 11.369414
v 0.026930 0.472497 11.386553
v 0.029806 0.520779 11.324203
v 0.029759 0.510668 11.346490
v 0.025375 0.483476 11.335529
v 0.027873 0.461032 11.351300
v 0.025717 0.497756 11.308609
v 0.031942 0.511698 11.277879
v 0.035280 0.499634 11.463763
v 0.032708 0.492580 11.436983
v 0.026999 0.473191 11.386111
v 0.027808 0.461613 11.350891
v 0.041514 0.459736 11.350068
v 0.040704 0.471312 11.385287
v 0.046414 0.490704 11.436162
v 0.048986 0.497758 11.462941
v 0.035499 0.499057 11.463742
v 0.035572 0.499594 11.463745
v 0.038357 0.519835 11.463909
v 0.039732 0.534460 11.453459
v 0.040213 0.550138 11.425658
v 0.034542 0.532077 11.372376
v 0.030099 0.520740 11.324187
v 0.032233 0.511658 11.277861
v 0.026009 0.497718 11.308593
v 0.025665 0.483435 11.335511
v 0.028099 0.461573 11.350873
v 0.028165 0.460993 11.351282
v 0.027222 0.472457 11.386535
v 0.032921 0.491795 11.437380
v 0.045027 0.509905 11.277093
v 0.038801 0.495964 11.307825
v 0.038458 0.481681 11.334743
v 0.040892 0.459821 11.350107
v 0.040957 0.459240 11.350513
v 0.040015 0.470705 11.385768
v 0.045716 0.490042 11.436611
v 0.048292 0.497303 11.462974
v 0.048365 0.497842 11.462979
v 0.051151 0.518082 11.463142
v 0.052528 0.532706 11.452691
v 0.053009 0.548385 11.424890
v 0.047337 0.530324 11.371607
v 0.042891 0.518986 11.323419
v 0.045535 0.509570 11.277607
v 0.044915 0.509654 11.277644
v 0.032122 0.511407 11.278412
v 0.031831 0.511446 11.278428
v 0.029806 0.520597 11.324604
v 0.034277 0.532056 11.372977
v 0.039914 0.549895 11.426174
v 0.040206 0.549856 11.426156
v 0.052998 0.548103 11.425388
v 0.053619 0.548018 11.425352
v 0.047981 0.530177 11.372154
v 0.043508 0.518720 11.323783
v 0.046476 0.476741 11.439299
v 0.049462 0.487659 11.464148
v 0.048501 0.459724 11.454067
v 0.044349 0.445851 11.416492
v 0.039243 0.378442 11.425176
v 0.036014 0.367147 11.397103
v 0.040044 0.430152 11.380491
v 0.033408 0.360022 11.369754
v 0.041407 0.459707 11.393620
v 0.035567 0.407413 11.357646
v 0.031764 0.358317 11.346031
v 0.037738 0.447479 11.360400
v 0.033794 0.384520 11.352232
v 0.036264 0.393732 11.372561
v 0.039999 0.407961 11.402416
v 0.043277 0.424946 11.437743
v 0.038608 0.487499 11.465453
v 0.035624 0.476586 11.440603
v 0.037651 0.460231 11.455024
v 0.033474 0.446320 11.417495
v 0.029134 0.408883 11.403222
v 0.032413 0.425957 11.438416
v 0.028368 0.379290 11.425915
v 0.025145 0.368021 11.397903
v 0.025409 0.394558 11.373543
v 0.022543 0.360855 11.370602
v 0.030561 0.459743 11.394992
v 0.029190 0.430622 11.381704
v 0.022937 0.385273 11.353241
v 0.020890 0.359080 11.346859
v 0.026901 0.447702 11.361836
v 0.024726 0.407899 11.358962
v 0.037717 0.447090 11.360374
v 0.041393 0.459421 11.393494
v 0.046459 0.476440 11.439076
v 0.049452 0.487387 11.464049
v 0.038598 0.487235 11.465351
v 0.035603 0.476293 11.440380
v 0.030547 0.459461 11.394862
v 0.026882 0.447316 11.361808
v 0.020907 0.359286 11.346910
v 0.031779 0.358522 11.346079
v 0.033432 0.360286 11.369776
v 0.036044 0.367467 11.397143
v 0.039275 0.378808 11.425275
v 0.028399 0.379656 11.426013
v 0.025178 0.368341 11.397945
v 0.022565 0.361119 11.370625
v 0.021852 0.359012 11.346786
v 0.023504 0.360781 11.370527
v 0.026109 0.367944 11.397834
v 0.029330 0.379215 11.425849
v 0.029363 0.379581 11.425948
v 0.033377 0.425869 11.438358
v 0.038610 0.460188 11.454939
v 0.039559 0.487248 11.465236
v 0.039569 0.487513 11.465336
v 0.036584 0.476599 11.440487
v 0.031520 0.459740 11.394869
v 0.027865 0.447681 11.361708
v 0.027843 0.447296 11.361682
v 0.025686 0.407855 11.358845
v 0.023896 0.385208 11.353153
v 0.021869 0.359218 11.346837
v 0.031378 0.358344 11.346061
v 0.033025 0.360051 11.369785
v 0.035628 0.367179 11.397131
v 0.038858 0.378473 11.425203
v 0.038890 0.378838 11.425302
v 0.042892 0.424983 11.437768
v 0.048116 0.459741 11.454101
v 0.049066 0.487382 11.464097
v 0.049076 0.487652 11.464194
v 0.046094 0.476735 11.439344
v 0.041019 0.459709 11.393669
v 0.037355 0.447487 11.360451
v 0.037333 0.447097 11.360424
v 0.035182 0.407429 11.357692
v 0.033407 0.384547 11.352268
v 0.031392 0.358549 11.346109
v 0.028251 0.378886 11.424910
v 0.028285 0.379250 11.425006
v 0.032297 0.425346 11.437156
v 0.037500 0.459732 11.453677
v 0.038493 0.486842 11.464455
v 0.038503 0.487108 11.464562
v 0.039463 0.487122 11.464445
v 0.048967 0.487261 11.463303
v 0.049354 0.487267 11.463257
v 0.049344 0.486995 11.463156
v 0.048351 0.459226 11.452719
v 0.043161 0.424338 11.436477
v 0.039159 0.378400 11.424266
v 0.039128 0.378038 11.424171
v 0.038743 0.378067 11.424195
v 0.029215 0.378811 11.424845
v 0.696718 0.537050 11.473545
v 0.726396 0.464309 11.379767
v 0.702692 0.550730 11.444074
v 0.732166 0.478493 11.350947
v 0.707641 0.566932 11.417855
v 0.737350 0.494116 11.323981
v 0.710646 0.587927 11.397817
v 0.741225 0.512969 11.301180
v 0.713043 0.610788 11.380202
v 0.744183 0.534078 11.281288
v 0.699622 0.609574 11.376918
v 0.730765 0.532864 11.278004
v 0.697511 0.586740 11.394603
v 0.727807 0.511755 11.297896
v 0.694507 0.565743 11.414639
v 0.723932 0.492901 11.320695
v 0.689555 0.549542 11.440860
v 0.718746 0.477281 11.347664
v 0.683583 0.535862 11.470331
v 0.712977 0.463096 11.376484
v 0.673755 0.525312 11.512806
v 0.708229 0.446570 11.400833
v 0.721650 0.447784 11.404117
v 0.687088 0.526517 11.516068
v 0.671427 0.493025 11.529013
v 0.707380 0.418016 11.409811
v 0.720799 0.419230 11.413095
v 0.684849 0.494238 11.532295
v 0.674395 0.450854 11.517828
v 0.709553 0.378923 11.400735
v 0.722971 0.380138 11.404018
v 0.687813 0.452068 11.521112
v 0.686481 0.347884 11.491258
v 0.711514 0.343572 11.390554
v 0.724934 0.344785 11.393838
v 0.699900 0.349097 11.494542
v 0.708558 0.342091 11.461754
v 0.698424 0.430358 11.485772
v 0.695697 0.471601 11.496321
v 0.697535 0.502712 11.482227
v 0.705249 0.516142 11.446589
v 0.710845 0.530758 11.418326
v 0.715974 0.546523 11.391544
v 0.719875 0.565305 11.368652
v 0.722440 0.587638 11.350352
v 0.709021 0.586424 11.347067
v 0.706653 0.564110 11.365417
v 0.702752 0.545327 11.388308
v 0.697623 0.529561 11.415090
v 0.692030 0.514946 11.443355
v 0.684177 0.501504 11.478957
v 0.682279 0.470386 11.493036
v 0.685005 0.429146 11.482489
v 0.695138 0.340877 11.458470
v 0.718021 0.337790 11.424671
v 0.711210 0.404203 11.443195
v 0.708772 0.444325 11.452976
v 0.710094 0.474106 11.441546
v 0.716264 0.489147 11.411788
v 0.721949 0.503538 11.383235
v 0.727107 0.519228 11.356355
v 0.730996 0.538048 11.333512
v 0.733765 0.559743 11.314381
v 0.720344 0.558529 11.311098
v 0.717670 0.536844 11.330252
v 0.713783 0.518022 11.353094
v 0.708625 0.502333 11.379974
v 0.702938 0.487941 11.408526
v 0.696704 0.472895 11.438270
v 0.695353 0.443112 11.449692
v 0.697789 0.402990 11.439911
v 0.704602 0.336577 11.421388
v 0.724247 0.344724 11.393672
v 0.717336 0.337727 11.424503
v 0.707873 0.342029 11.461587
v 0.699214 0.349037 11.494376
v 0.687127 0.452006 11.520944
v 0.684163 0.494176 11.532127
v 0.686407 0.526457 11.515904
v 0.696046 0.536990 11.473381
v 0.702020 0.550669 11.443909
v 0.706972 0.566870 11.417690
v 0.709975 0.587867 11.397653
v 0.712356 0.610727 11.380035
v 0.721756 0.587575 11.350183
v 0.733079 0.559681 11.314214
v 0.743499 0.534016 11.281120
v 0.740540 0.512907 11.301012
v 0.736667 0.494053 11.323811
v 0.731480 0.478432 11.350779
v 0.725711 0.464247 11.379599
v 0.720964 0.447723 11.403951
v 0.720115 0.419169 11.412929
v 0.722287 0.380075 11.403850
v 0.712115 0.343626 11.390702
v 0.705204 0.336631 11.421535
v 0.695740 0.340931 11.458617
v 0.687083 0.347939 11.491406
v 0.674995 0.450910 11.517977
v 0.672030 0.493079 11.529158
v 0.674352 0.525366 11.512952
v 0.684171 0.535916 11.470474
v 0.690144 0.549596 11.441004
v 0.695095 0.565796 11.414784
v 0.698101 0.586794 11.394748
v 0.700223 0.609629 11.377066
v 0.709622 0.586478 11.347213
v 0.720946 0.558584 11.311247
v 0.731367 0.532918 11.278150
v 0.728407 0.511810 11.298043
v 0.724534 0.492955 11.320842
v 0.719348 0.477334 11.347810
v 0.713578 0.463150 11.376630
v 0.708832 0.446625 11.400981
v 0.707982 0.418071 11.409960
v 0.710156 0.378978 11.400881
v 0.053335 0.553068 11.415514
v 0.041156 0.481357 11.317945
v 0.053904 0.566880 11.385553
v 0.041808 0.495667 11.288660
v 0.054891 0.583180 11.358975
v 0.042698 0.511393 11.261303
v 0.056672 0.604206 11.338827
v 0.044125 0.530308 11.238282
v 0.058610 0.627080 11.321174
v 0.045922 0.551445 11.218284
v 0.072357 0.624903 11.319956
v 0.059667 0.549268 11.217066
v 0.070126 0.602075 11.337634
v 0.057870 0.528132 11.237065
v 0.068345 0.581049 11.357783
v 0.056444 0.509217 11.260085
v 0.067357 0.564749 11.384360
v 0.055553 0.493490 11.287442
v 0.066790 0.550938 11.414321
v 0.054902 0.479180 11.316727
v 0.067437 0.540122 11.457738
v 0.054084 0.462552 11.341426
v 0.040337 0.464730 11.342644
v 0.053782 0.542286 11.458950
v 0.065430 0.507801 11.473936
v 0.052215 0.433998 11.350277
v 0.038470 0.436175 11.351496
v 0.051685 0.509978 11.475154
v 0.063510 0.465676 11.462208
v 0.050734 0.394920 11.340769
v 0.036992 0.397096 11.341986
v 0.049765 0.467852 11.463427
v 0.053937 0.363159 11.433572
v 0.049803 0.359562 11.330223
v 0.036057 0.361738 11.331441
v 0.040191 0.365337 11.434791
v 0.038179 0.358592 11.401035
v 0.045909 0.446499 11.426777
v 0.047697 0.487704 11.437834
v 0.049717 0.518836 11.423790
v 0.049834 0.532457 11.387471
v 0.050556 0.547191 11.358764
v 0.051470 0.563058 11.331598
v 0.052882 0.581903 11.308481
v 0.054781 0.604254 11.290122
v 0.068526 0.602075 11.288903
v 0.066426 0.579759 11.307282
v 0.065013 0.560914 11.330398
v 0.064099 0.545047 11.357564
v 0.063373 0.530311 11.386269
v 0.063401 0.516668 11.422576
v 0.061441 0.485527 11.436615
v 0.059653 0.444320 11.425557
v 0.051924 0.356415 11.399816
v 0.036331 0.354568 11.362925
v 0.041265 0.420770 11.382617
v 0.042892 0.460866 11.392867
v 0.044833 0.490656 11.381526
v 0.045314 0.505842 11.351258
v 0.046000 0.520357 11.322252
v 0.046902 0.536150 11.294987
v 0.048321 0.555033 11.271921
v 0.050167 0.576749 11.252707
v 0.063912 0.574572 11.251489
v 0.061968 0.552871 11.270711
v 0.060550 0.533989 11.293778
v 0.059648 0.518195 11.321043
v 0.058959 0.503682 11.350051
v 0.058548 0.488485 11.380312
v 0.056635 0.458690 11.391649
v 0.055008 0.418592 11.381400
v 0.050078 0.352389 11.361707
v 0.036761 0.361629 11.331380
v 0.037037 0.354457 11.362864
v 0.038883 0.358481 11.400972
v 0.040896 0.365226 11.434728
v 0.050467 0.467742 11.463366
v 0.052387 0.509867 11.475091
v 0.054482 0.542174 11.458887
v 0.054020 0.552960 11.415455
v 0.054592 0.566772 11.385493
v 0.055576 0.583070 11.358912
v 0.057356 0.604098 11.338767
v 0.059314 0.626968 11.321112
v 0.055483 0.604142 11.290060
v 0.050870 0.576639 11.252647
v 0.046622 0.551334 11.218222
v 0.044824 0.530197 11.238221
v 0.043398 0.511283 11.261242
v 0.042510 0.495557 11.288599
v 0.041856 0.481245 11.317882
v 0.041042 0.464618 11.342581
v 0.039170 0.436064 11.351433
v 0.037692 0.396986 11.341925
v 0.049189 0.359660 11.330278
v 0.049465 0.352489 11.361763
v 0.051309 0.356511 11.399869
v 0.053321 0.363256 11.433626
v 0.062892 0.465773 11.462264
v 0.064812 0.507899 11.473991
v 0.066828 0.540219 11.457791
v 0.066186 0.551033 11.414376
v 0.066757 0.564846 11.384415
v 0.067741 0.581144 11.357835
v 0.069521 0.602170 11.337687
v 0.071739 0.625001 11.320012
v 0.067908 0.602174 11.288959
v 0.063296 0.574671 11.251545
v 0.059050 0.549366 11.217122
v 0.057252 0.528229 11.237119
v 0.055826 0.509314 11.260140
v 0.054935 0.493588 11.287497
v 0.054284 0.479277 11.316781
v 0.053470 0.462649 11.341479
v 0.051598 0.434095 11.350331
v 0.050119 0.395017 11.340823
vt 0.951066 0.026163
vt 0.953973 0.026163
vt 0.953004 0.014535
vt 0.949128 0.014535
vt 0.951066 0.026163
vt 0.953973 0.026163
vt 0.953004 0.000000
vt 0.950097 0.000000
vt 0.953004 0.000000
vt 0.950097 0.000000
vt 0.984981 0.006783
vt 0.982074 0.006783
vt 0.982074 0.011628
vt 0.984981 0.011628
vt 0.982074 0.000000
vt 0.986919 0.000000
vt 0.982074 0.011628
vt 0.984981 0.011628
vt 0.986919 0.000000
vt 0.982074 0.000000
vt 0.970930 0.017442
vt 0.970930 0.017442
vt 0.969961 0.009690
vt 0.969961 0.009690
vt 0.970930 0.017442
vt 0.970930 0.017442
vt 0.974806 0.016473
vt 0.973837 0.009690
vt 0.969961 0.003876
vt 0.969961 0.003876
vt 0.974806 0.016473
vt 0.974806 0.016473
vt 0.973837 0.009690
vt 0.973837 0.003876
vt 0.970930 0.000000
vt 0.970930 0.000000
vt 0.974806 0.016473
vt 0.973837 0.003876
vt 0.975775 0.000000
vt 0.970930 0.000000
vt 0.970930 0.000000
vt 0.975775 0.000000
vt 0.975775 0.000000
vt 0.975775 0.000000
vt 0.964632 0.000000
vt 0.964632 0.000000
vt 0.962694 0.006783
vt 0.962694 0.006783
vt 0.964632 0.000000
vt 0.964632 0.000000
vt 0.959787 0.000000
vt 0.959787 0.006783
vt 0.963663 0.014535
vt 0.963663 0.014535
vt 0.959787 0.000000
vt 0.959787 0.000000
vt 0.959787 0.006783
vt 0.958818 0.016473
vt 0.962694 0.023256
vt 0.962694 0.023256
vt 0.959787 0.000000
vt 0.958818 0.016473
vt 0.959787 0.023256
vt 0.962694 0.023256
vt 0.962694 0.023256
vt 0.959787 0.023256
vt 0.959787 0.023256
vt 0.959787 0.023256
vt 0.942345 0.028101
vt 0.939438 0.028101
vt 0.939438 0.028101
vt 0.942345 0.028101
vt 0.940407 0.020349
vt 0.938469 0.021318
vt 0.938469 0.008721
vt 0.936531 0.009690
vt 0.938469 0.000000
vt 0.934593 0.000000
vt 0.938469 0.000000
vt 0.934593 0.000000
vt 0.878762 0.034884
vt 0.881669 0.034884
vt 0.881669 0.034884
vt 0.878762 0.034884
vt 0.883607 0.024225
vt 0.880700 0.024225
vt 0.884576 0.011628
vt 0.884576 0.011628
vt 0.887483 0.000000
vt 0.883607 0.000000
vt 0.887483 0.000000
vt 0.883607 0.000000
vt 0.759576 0.024225
vt 0.759576 0.024225
vt 0.762483 0.038760
vt 0.762483 0.038760
vt 0.756669 0.011628
vt 0.756669 0.011628
vt 0.755700 0.024225
vt 0.758607 0.039729
vt 0.756669 0.000000
vt 0.756669 0.000000
vt 0.752793 0.011628
vt 0.755700 0.024225
vt 0.758607 0.039729
vt 0.752793 0.000000
vt 0.752793 0.011628
vt 0.752793 0.000000
vt 0.895235 0.031008
vt 0.895235 0.031008
vt 0.896204 0.024225
vt 0.896204 0.024225
vt 0.899111 0.031977
vt 0.900080 0.024225
vt 0.899111 0.009690
vt 0.899111 0.009690
vt 0.899111 0.031977
vt 0.900080 0.024225
vt 0.902987 0.009690
vt 0.900080 0.000000
vt 0.900080 0.000000
vt 0.902987 0.009690
vt 0.902987 0.000000
vt 0.902987 0.000000
vt 1.000000 0.000000
vt 1.000000 0.000000
vt 1.000000 0.000000
vt 1.000000 0.000000
vt 0.505700 0.020349
vt 0.505700 0.020349
vt 0.505700 0.020349
vt 0.505700 0.020349
vt 0.505700 0.020349
vt 0.505700 0.020349
vt 0.508607 0.020349
vt 0.508607 0.020349
vt 0.507638 0.012597
vt 0.507638 0.012597
vt 0.508607 0.020349
vt 0.504731 0.031008
vt 0.504731 0.031008
vt 0.508607 0.020349
vt 0.508607 0.020349
vt 0.510545 0.012597
vt 0.508607 0.004845
vt 0.508607 0.004845
vt 0.508607 0.020349
vt 0.507638 0.031008
vt 0.502793 0.039729
vt 0.502793 0.039729
vt 0.510545 0.012597
vt 0.511514 0.005814
vt 0.509576 0.000000
vt 0.509576 0.000000
vt 0.507638 0.031008
vt 0.505700 0.040698
vt 0.502793 0.047481
vt 0.502793 0.047481
vt 0.511514 0.005814
vt 0.512483 0.000000
vt 0.505700 0.040698
vt 0.505700 0.047481
vt 0.502793 0.047481
vt 0.502793 0.047481
vt 0.512483 0.000000
vt 0.505700 0.047481
vt 0.505700 0.047481
vt 0.505700 0.047481
vt 0.518297 0.027132
vt 0.518297 0.027132
vt 0.522173 0.039729
vt 0.522173 0.039729
vt 0.516359 0.017442
vt 0.516359 0.017442
vt 0.515390 0.027132
vt 0.518297 0.040698
vt 0.522173 0.047481
vt 0.522173 0.047481
vt 0.513452 0.018411
vt 0.515390 0.027132
vt 0.518297 0.040698
vt 0.519266 0.047481
vt 0.513452 0.018411
vt 0.516359 0.017442
vt 0.513452 0.018411
vt 0.519266 0.047481
vt 0.519266 0.047481
vt 0.522173 0.047481
vt 0.513452 0.018411
vt 0.519266 0.047481
vt 0.513452 0.010659
vt 0.513452 0.010659
vt 0.513452 0.005814
vt 0.513452 0.005814
vt 0.512483 0.000000
vt 0.512483 0.000000
vt 0.515390 0.004845
vt 0.516359 0.010659
vt 0.512483 0.000000
vt 0.512483 0.000000
vt 0.515390 0.000000
vt 0.515390 0.004845
vt 0.516359 0.010659
vt 0.515390 0.000000
vt 0.515390 0.000000
vt 0.852600 0.028101
vt 0.840972 0.029070
vt 0.840972 0.029070
vt 0.852600 0.028101
vt 0.852600 0.020349
vt 0.841941 0.020349
vt 0.826437 0.036822
vt 0.826437 0.036822
vt 0.852600 0.028101
vt 0.852600 0.028101
vt 0.852600 0.008721
vt 0.843879 0.009690
vt 0.829344 0.027132
vt 0.852600 0.020349
vt 0.826437 0.036822
vt 0.826437 0.036822
vt 0.852600 0.000000
vt 0.846786 0.000000
vt 0.834189 0.014535
vt 0.852600 0.008721
vt 0.829344 0.027132
vt 0.852600 0.000000
vt 0.852600 0.000000
vt 0.846786 0.000000
vt 0.840003 0.002907
vt 0.834189 0.014535
vt 0.852600 0.000000
vt 0.840003 0.002907
vt 0.840003 0.002907
vt 0.840003 0.002907
vt 0.852600 0.028101
vt 0.852600 0.028101
vt 0.864227 0.029070
vt 0.864227 0.029070
vt 0.852600 0.028101
vt 0.852600 0.028101
vt 0.878762 0.036822
vt 0.878762 0.036822
vt 0.852600 0.020349
vt 0.862289 0.021318
vt 0.852600 0.020349
vt 0.878762 0.036822
vt 0.878762 0.036822
vt 0.874886 0.027132
vt 0.852600 0.008721
vt 0.860352 0.009690
vt 0.852600 0.008721
vt 0.874886 0.027132
vt 0.870041 0.014535
vt 0.858414 0.000000
vt 0.852600 0.000000
vt 0.852600 0.000000
vt 0.870041 0.014535
vt 0.864227 0.002907
vt 0.858414 0.000000
vt 0.852600 0.000000
vt 0.852600 0.000000
vt 0.864227 0.002907
vt 0.864227 0.002907
vt 0.864227 0.002907
vt 0.640875 0.024225
vt 0.635061 0.031008
vt 0.628278 0.042636
vt 0.636030 0.038760
vt 0.645720 0.011628
vt 0.639906 0.014535
vt 0.630216 0.032946
vt 0.622464 0.042636
vt 0.640875 0.024225
vt 0.636030 0.038760
vt 0.643782 0.003876
vt 0.651534 0.000000
vt 0.634092 0.017442
vt 0.645720 0.011628
vt 0.621495 0.031977
vt 0.618588 0.038760
vt 0.636030 0.007752
vt 0.651534 0.000000
vt 0.625371 0.017442
vt 0.621495 0.031977
vt 0.618588 0.038760
vt 0.628278 0.007752
vt 0.625371 0.017442
vt 0.628278 0.007752
vt 0.663162 0.024225
vt 0.668007 0.038760
vt 0.675758 0.042636
vt 0.668976 0.031008
vt 0.663162 0.024225
vt 0.668007 0.038760
vt 0.680603 0.042636
vt 0.673820 0.032946
vt 0.657348 0.011628
vt 0.663162 0.014535
vt 0.657348 0.011628
vt 0.685448 0.038760
vt 0.682541 0.031977
vt 0.669945 0.017442
vt 0.660255 0.003876
vt 0.651534 0.000000
vt 0.651534 0.000000
vt 0.685448 0.038760
vt 0.682541 0.031977
vt 0.678665 0.017442
vt 0.668007 0.007752
vt 0.678665 0.017442
vt 0.675758 0.007752
vt 0.675758 0.007752
vt 0.558510 0.046512
vt 0.558510 0.046512
vt 0.558510 0.046512
vt 0.558510 0.046512
vt 0.560448 0.039729
vt 0.560448 0.039729
vt 0.554634 0.039729
vt 0.554634 0.039729
vt 0.564324 0.027132
vt 0.564324 0.027132
vt 0.557541 0.030039
vt 0.549789 0.031008
vt 0.549789 0.031008
vt 0.567231 0.017442
vt 0.567231 0.017442
vt 0.560448 0.019380
vt 0.551727 0.020349
vt 0.541068 0.020349
vt 0.541068 0.020349
vt 0.558510 0.010659
vt 0.553665 0.011628
vt 0.543006 0.012597
vt 0.541068 0.020349
vt 0.541068 0.020349
vt 0.554634 0.004845
vt 0.545913 0.004845
vt 0.543006 0.012597
vt 0.549789 0.000000
vt 0.545913 0.004845
vt 0.549789 0.000000
vt 0.484382 0.047481
vt 0.484382 0.047481
vt 0.484382 0.047481
vt 0.484382 0.047481
vt 0.489227 0.039729
vt 0.489227 0.039729
vt 0.483413 0.039729
vt 0.483413 0.039729
vt 0.494072 0.031008
vt 0.494072 0.031008
vt 0.486320 0.030039
vt 0.479537 0.027132
vt 0.479537 0.027132
vt 0.502793 0.020349
vt 0.502793 0.020349
vt 0.492134 0.020349
vt 0.483413 0.019380
vt 0.476630 0.017442
vt 0.476630 0.017442
vt 0.502793 0.020349
vt 0.502793 0.020349
vt 0.500855 0.012597
vt 0.490196 0.011628
vt 0.485351 0.010659
vt 0.500855 0.012597
vt 0.497948 0.004845
vt 0.489227 0.004845
vt 0.497948 0.004845
vt 0.494072 0.000000
vt 0.494072 0.000000
vt 0.995155 0.006783
vt 0.995155 0.006783
vt 0.995155 0.006783
vt 0.995155 0.006783
vt 0.995155 0.000000
vt 0.995155 0.000000
vt 0.992248 0.000000
vt 0.992248 0.007752
vt 1.000000 0.000000
vt 1.000000 0.000000
vt 1.000000 0.000000
vt 1.000000 0.000000
vt 0.772173 0.028101
vt 0.783801 0.029070
vt 0.783801 0.029070
vt 0.772173 0.028101
vt 0.771689 0.008721
vt 0.779925 0.008721
vt 0.781863 0.020349
vt 0.772173 0.020349
vt 0.772173 0.000000
vt 0.777987 0.000484
vt 0.797367 0.035853
vt 0.799305 0.037791
vt 0.799305 0.037791
vt 0.797367 0.035853
vt 0.789615 0.014535
vt 0.789615 0.014535
vt 0.794460 0.026647
vt 0.794460 0.026647
vt 0.784286 0.002907
vt 0.784286 0.002907
vt 0.826437 0.028101
vt 0.826437 0.028101
vt 0.814809 0.029070
vt 0.814809 0.029070
vt 0.825952 0.008721
vt 0.826437 0.020349
vt 0.815778 0.021318
vt 0.818685 0.009690
vt 0.820623 0.000484
vt 0.826437 0.000000
vt 0.801243 0.035853
vt 0.801243 0.035853
vt 0.799305 0.037791
vt 0.799305 0.037791
vt 0.808995 0.014535
vt 0.804150 0.026647
vt 0.804150 0.026647
vt 0.808995 0.014535
vt 0.814324 0.002907
vt 0.814324 0.002907
vt 0.942345 0.028101
vt 0.942345 0.028101
vt 0.942345 0.028101
vt 0.942345 0.028101
vt 0.956880 0.026163
vt 0.953973 0.026163
vt 0.954942 0.014535
vt 0.958818 0.014535
vt 0.944283 0.008721
vt 0.947190 0.009690
vt 0.945252 0.021318
vt 0.942345 0.020349
vt 0.987888 0.007752
vt 0.991764 0.006783
vt 0.991279 0.011628
vt 0.988372 0.011628
vt 0.944283 0.000000
vt 0.949128 0.000484
vt 0.955911 0.000484
vt 0.955911 0.000484
vt 0.955911 0.000484
vt 0.958818 0.000000
vt 1.000000 0.000000
vt 1.000000 0.000000
vt 1.000000 0.000000
vt 1.000000 0.000000
vt 0.893297 0.024225
vt 0.890390 0.024225
vt 0.889421 0.011628
vt 0.889421 0.011628
vt 0.986919 0.000000
vt 0.992248 0.000000
vt 0.992248 0.000000
vt 0.986919 0.000000
vt 0.887483 0.000000
vt 0.890390 0.000000
vt 0.771689 0.008721
vt 0.772173 0.000000
vt 0.772173 0.020349
vt 0.772173 0.028101
vt 0.772173 0.028101
vt 0.956880 0.026163
vt 0.953973 0.026163
vt 0.826437 0.028101
vt 0.826437 0.028101
vt 0.825952 0.008721
vt 0.826437 0.020349
vt 0.826437 0.000000
vt 0.991279 0.011628
vt 0.988372 0.011628
vt 0.892328 0.034884
vt 0.895235 0.033915
vt 0.944283 0.000000
vt 0.949128 0.000484
vt 0.826437 0.000000
vt 0.826437 0.000000
vt 0.820623 0.000484
vt 0.814324 0.002907
vt 0.814324 0.002907
vt 0.887483 0.000000
vt 0.890390 0.000000
vt 0.784286 0.002907
vt 0.784286 0.002907
vt 0.777987 0.000484
vt 0.772173 0.000000
vt 0.772173 0.000000
vt 0.696107 0.024225
vt 0.702890 0.030039
vt 0.708704 0.041667
vt 0.700952 0.038760
vt 0.706766 0.032946
vt 0.715972 0.031008
vt 0.718879 0.038760
vt 0.714518 0.041667
vt 0.702890 0.017442
vt 0.711611 0.017442
vt 0.691262 0.011628
vt 0.697076 0.014535
vt 0.700952 0.007752
vt 0.708704 0.007752
vt 0.693200 0.003876
vt 0.685448 0.000000
vt 0.741165 0.024225
vt 0.736805 0.038760
vt 0.728569 0.041667
vt 0.735352 0.030039
vt 0.730507 0.032946
vt 0.723724 0.041667
vt 0.718879 0.038760
vt 0.721786 0.031008
vt 0.734383 0.017442
vt 0.725662 0.017442
vt 0.746979 0.011628
vt 0.741165 0.014535
vt 0.736320 0.007752
vt 0.729538 0.007752
vt 0.744072 0.003876
vt 0.752793 0.000000
vt 0.764906 0.024225
vt 0.764906 0.024225
vt 0.762483 0.038760
vt 0.762483 0.038760
vt 0.980620 0.017442
vt 0.980620 0.017442
vt 0.982074 0.007752
vt 0.982074 0.007752
vt 0.981589 0.003876
vt 0.981589 0.003876
vt 0.981105 0.000000
vt 0.981105 0.000000
vt 0.934593 0.031008
vt 0.934593 0.031008
vt 0.933140 0.023256
vt 0.933140 0.023256
vt 0.930233 0.009690
vt 0.930233 0.009690
vt 0.767813 0.011628
vt 0.767813 0.011628
vt 0.930233 0.000000
vt 0.930233 0.000000
vt 0.964632 0.000000
vt 0.964632 0.000000
vt 0.965601 0.006783
vt 0.965601 0.006783
vt 0.964632 0.014535
vt 0.966570 0.014535
vt 0.965601 0.023256
vt 0.965601 0.023256
vt 0.767813 0.000000
vt 0.767813 0.000000
vt 0.715972 0.031008
vt 0.718879 0.038760
vt 0.711611 0.017442
vt 0.708704 0.007752
vt 0.964632 0.000000
vt 0.964632 0.000000
vt 0.725662 0.017442
vt 0.729538 0.007752
vt 0.721786 0.031008
vt 0.718879 0.038760
vt 0.981105 0.000000
vt 0.981105 0.000000
vt 0.975775 0.000000
vt 0.975775 0.000000
vt 0.975775 0.000000
vt 0.975775 0.000000
vt 0.977713 0.003876
vt 0.977713 0.003876
vt 0.977229 0.007752
vt 0.977229 0.007752
vt 0.976744 0.017442
vt 0.976744 0.017442
vt 0.768782 0.024225
vt 0.768782 0.024225
vt 0.765875 0.038760
vt 0.765875 0.038760
vt 0.771204 0.011628
vt 0.771204 0.011628
vt 0.771689 0.000000
vt 0.771689 0.000000
vt 0.969477 0.014535
vt 0.969477 0.014535
vt 0.968992 0.023256
vt 0.968992 0.023256
vt 0.969961 0.007752
vt 0.969961 0.007752
vt 0.968508 0.000000
vt 0.968508 0.000000
vt 0.968508 0.000000
vt 0.968508 0.000000
vt 0.926841 0.009690
vt 0.926841 0.009690
vt 0.926357 0.000000
vt 0.926357 0.000000
vt 0.929264 0.024225
vt 0.929264 0.024225
vt 0.931202 0.031008
vt 0.931202 0.031008
vt 0.965601 0.023256
vt 0.965601 0.023256
vt 0.968992 0.023256
vt 0.968992 0.023256
vt 0.691262 0.011628
vt 0.685448 0.000000
vt 0.696107 0.024225
vt 0.700952 0.038760
vt 0.976744 0.017442
vt 0.976744 0.017442
vt 0.980620 0.017442
vt 0.980620 0.017442
vt 0.741165 0.024225
vt 0.736805 0.038760
vt 0.746979 0.011628
vt 0.752793 0.000000
vt 0.574983 0.046512
vt 0.574983 0.046512
vt 0.574983 0.046512
vt 0.574983 0.046512
vt 0.584673 0.030523
vt 0.592425 0.020349
vt 0.592425 0.020349
vt 0.584673 0.030523
vt 0.580797 0.011628
vt 0.587580 0.004845
vt 0.590487 0.012597
vt 0.582735 0.020349
vt 0.570138 0.027132
vt 0.570138 0.027132
vt 0.573045 0.039729
vt 0.573045 0.039729
vt 0.579828 0.004845
vt 0.584673 0.000000
vt 0.567231 0.017442
vt 0.567231 0.017442
vt 0.574983 0.010659
vt 0.574014 0.019380
vt 0.575952 0.029070
vt 0.579344 0.039729
vt 0.579344 0.039729
vt 0.610351 0.046512
vt 0.610351 0.046512
vt 0.610351 0.046512
vt 0.610351 0.046512
vt 0.601146 0.030523
vt 0.601146 0.030523
vt 0.592425 0.020349
vt 0.592425 0.020349
vt 0.604053 0.011628
vt 0.603084 0.020349
vt 0.594363 0.012597
vt 0.597270 0.004845
vt 0.615681 0.027132
vt 0.611805 0.039729
vt 0.611805 0.039729
vt 0.615681 0.027132
vt 0.605991 0.004845
vt 0.601146 0.000000
vt 0.618588 0.017442
vt 0.618588 0.017442
vt 0.609867 0.010659
vt 0.610836 0.019380
vt 0.608898 0.029070
vt 0.605991 0.039729
vt 0.605991 0.039729
vt 0.522173 0.046996
vt 0.522173 0.046996
vt 0.522173 0.046996
vt 0.522173 0.046996
vt 1.000000 0.000000
vt 1.000000 0.000000
vt 1.000000 0.000000
vt 1.000000 0.000000
vt 0.539131 0.031008
vt 0.539131 0.031008
vt 0.538162 0.020349
vt 0.538162 0.020349
vt 0.538162 0.020349
vt 0.538162 0.020349
vt 0.538162 0.020349
vt 0.538162 0.020349
vt 0.536224 0.012597
vt 0.536224 0.012597
vt 0.535255 0.004845
vt 0.535255 0.004845
vt 0.524596 0.027132
vt 0.526534 0.027132
vt 0.522658 0.039729
vt 0.522658 0.039729
vt 0.534286 0.000000
vt 0.534286 0.000000
vt 0.529441 0.000000
vt 0.529441 0.000000
vt 0.527503 0.004845
vt 0.527503 0.004845
vt 0.526534 0.017442
vt 0.526534 0.017442
vt 0.526534 0.017442
vt 0.526534 0.017442
vt 0.528472 0.010659
vt 0.528472 0.010659
vt 0.541068 0.039729
vt 0.541068 0.039729
vt 0.541068 0.046512
vt 0.541068 0.046512
vt 0.995640 0.000000
vt 0.995640 0.000000
vt 0.995155 0.006783
vt 0.995155 0.006783
vt 0.529441 0.000000
vt 0.529441 0.000000
vt 0.597270 0.004845
vt 0.601146 0.000000
vt 0.594363 0.012597
vt 0.592425 0.020349
vt 0.592425 0.020349
vt 0.592425 0.020349
vt 0.592425 0.020349
vt 0.587580 0.004845
vt 0.590487 0.012597
vt 0.584673 0.000000
vt 0.531379 0.005814
vt 0.531379 0.005814
vt 0.531379 0.000000
vt 0.531379 0.000000
vt 0.533317 0.012597
vt 0.533317 0.012597
vt 0.535255 0.020349
vt 0.535255 0.020349
vt 0.535255 0.020349
vt 0.535255 0.020349
vt 0.535255 0.020349
vt 0.535255 0.020349
vt 0.536224 0.031008
vt 0.536224 0.031008
vt 0.538162 0.040698
vt 0.538162 0.040698
vt 0.538162 0.047481
vt 0.538162 0.047481
vt 0.538162 0.047481
vt 0.538162 0.047481
vt 0.522173 0.046996
vt 0.524596 0.047481
vt 0.524596 0.047481
vt 0.522173 0.046996
vt 0.526534 0.027132
vt 0.526534 0.027132
vt 0.525565 0.039729
vt 0.525565 0.039729
vt 0.529441 0.017926
vt 0.529441 0.017926
vt 1.000000 0.000000
vt 1.000000 0.000000
vt 1.000000 0.000000
vt 1.000000 0.000000
vt 0.528472 0.010659
vt 0.530410 0.010659
vt 0.529441 0.017926
vt 0.529441 0.017926
vt 0.531379 0.005814
vt 0.531379 0.005814
vt 0.529441 0.000000
vt 0.531379 0.000000
vt 0.529441 0.000000
vt 0.531379 0.000000
vt 0.541068 0.046512
vt 0.996124 0.000000
vt 1.000000 0.000969
vt 0.998062 0.006783
vt 0.995640 0.006783
vt 0.996124 0.000000
vt 0.995640 0.006783
vt 0.231718 0.061009
vt 0.241484 0.076297
vt 0.225264 0.076297
vt 0.212051 0.060100
vt 0.248096 0.089892
vt 0.232602 0.089892
vt 0.253817 0.103487
vt 0.237985 0.103487
vt 0.257197 0.117082
vt 0.239648 0.117082
vt 0.257821 0.130677
vt 0.239861 0.130677
vt 0.476344 0.059566
vt 0.472951 0.041605
vt 0.473237 0.041552
vt 0.476630 0.059511
vt 0.337909 0.000000
vt 0.355869 0.000000
vt 0.355226 0.013595
vt 0.337669 0.013595
vt 0.351846 0.027190
vt 0.336007 0.027190
vt 0.346126 0.040785
vt 0.330624 0.040785
vt 0.339513 0.054380
vt 0.323285 0.054380
vt 0.914320 0.029841
vt 0.917057 0.015354
vt 0.917344 0.015408
vt 0.914607 0.029895
vt 0.441585 0.060342
vt 0.441872 0.060342
vt 0.440559 0.073937
vt 0.440272 0.073937
vt 0.439457 0.087532
vt 0.439170 0.087532
vt 0.438829 0.101127
vt 0.438543 0.101127
vt 0.438531 0.114722
vt 0.438245 0.114722
vt 0.408453 0.060100
vt 0.411122 0.076297
vt 0.410841 0.076297
vt 0.408168 0.060100
vt 0.412508 0.089892
vt 0.412227 0.089892
vt 0.413525 0.103487
vt 0.413244 0.103487
vt 0.413839 0.117082
vt 0.413559 0.117082
vt 0.413820 0.130677
vt 0.413534 0.130677
vt 0.329760 0.069668
vt 0.310091 0.070576
vt 0.442582 0.047156
vt 0.442869 0.047156
vt 0.333213 0.085353
vt 0.313064 0.087311
vt 0.442271 0.033898
vt 0.442558 0.033898
vt 0.215018 0.043366
vt 0.235164 0.045324
vt 0.408138 0.043366
vt 0.408425 0.043366
vt 0.348866 0.097780
vt 0.329224 0.099900
vt 0.441192 0.021846
vt 0.441479 0.021846
vt 0.231177 0.030777
vt 0.250819 0.032897
vt 0.409534 0.030777
vt 0.409821 0.030777
vt 0.383025 0.123822
vt 0.368538 0.130677
vt 0.440302 0.011501
vt 0.440589 0.011501
vt 0.270491 0.000000
vt 0.284978 0.006855
vt 0.415238 0.000000
vt 0.415525 0.000000
vt 0.274482 0.035452
vt 0.300332 0.015955
vt 0.259439 0.047683
vt 0.255357 0.062104
vt 0.262425 0.076297
vt 0.269211 0.089892
vt 0.274991 0.103487
vt 0.278342 0.117082
vt 0.279462 0.130677
vt 0.468862 0.019966
vt 0.469149 0.019911
vt 0.377510 0.000000
vt 0.376380 0.013595
vt 0.373030 0.027190
vt 0.367250 0.040785
vt 0.360464 0.054380
vt 0.353402 0.068573
vt 0.357487 0.082994
vt 0.372530 0.095225
vt 0.398379 0.114722
vt 0.919958 0.000000
vt 0.920245 0.000054
vt 0.296256 0.037802
vt 0.310091 0.027456
vt 0.281775 0.049853
vt 0.277107 0.063112
vt 0.281693 0.076297
vt 0.288640 0.089892
vt 0.294472 0.103487
vt 0.297797 0.117082
vt 0.299373 0.130677
vt 0.465100 0.000054
vt 0.465387 0.000000
vt 0.397420 0.000000
vt 0.395844 0.013595
vt 0.392520 0.027190
vt 0.386687 0.040785
vt 0.379740 0.054380
vt 0.375154 0.067565
vt 0.379822 0.080824
vt 0.394304 0.092875
vt 0.408138 0.103221
vt 0.442145 0.000000
vt 0.442432 0.000000
vt 0.436034 0.000000
vt 0.436360 0.000000
vt 0.434517 0.011501
vt 0.434190 0.011501
vt 0.923456 0.016563
vt 0.923129 0.016501
vt 0.926030 0.001147
vt 0.926357 0.001209
vt 0.920391 0.030989
vt 0.920718 0.031050
vt 0.415932 0.030777
vt 0.415605 0.030777
vt 0.421309 0.000000
vt 0.421637 0.000000
vt 0.414537 0.043366
vt 0.414210 0.043366
vt 0.414526 0.060100
vt 0.414201 0.060100
vt 0.417104 0.076297
vt 0.416784 0.076297
vt 0.418171 0.089892
vt 0.418490 0.089892
vt 0.419188 0.103487
vt 0.419507 0.103487
vt 0.419502 0.117082
vt 0.419821 0.117082
vt 0.419605 0.130677
vt 0.419932 0.130677
vt 0.470232 0.060720
vt 0.466839 0.042761
vt 0.467165 0.042698
vt 0.470559 0.060659
vt 0.463077 0.021058
vt 0.462751 0.021120
vt 0.459315 0.001147
vt 0.458988 0.001209
vt 0.432431 0.101127
vt 0.432757 0.101127
vt 0.432460 0.114722
vt 0.432133 0.114722
vt 0.433060 0.087532
vt 0.433385 0.087532
vt 0.434160 0.073937
vt 0.434487 0.073937
vt 0.435473 0.060342
vt 0.435800 0.060342
vt 0.436470 0.047156
vt 0.436797 0.047156
vt 0.436486 0.033898
vt 0.436159 0.033898
vt 0.435407 0.021846
vt 0.435080 0.021846
vt 0.020033 0.070960
vt 0.000000 0.071885
vt 0.013456 0.055388
vt 0.029975 0.055388
vt 0.020931 0.041541
vt 0.036711 0.041541
vt 0.026412 0.027694
vt 0.042538 0.027694
vt 0.028106 0.013847
vt 0.045981 0.013847
vt 0.028321 0.000000
vt 0.046615 0.000000
vt 0.443162 0.060682
vt 0.442869 0.060615
vt 0.445767 0.042321
vt 0.446060 0.042387
vt 0.128330 0.133100
vt 0.128083 0.119253
vt 0.145967 0.119253
vt 0.146624 0.133100
vt 0.126389 0.105406
vt 0.142524 0.105406
vt 0.120908 0.091559
vt 0.136697 0.091559
vt 0.113433 0.077712
vt 0.129962 0.077712
vt 0.914320 0.030395
vt 0.914028 0.030460
vt 0.911691 0.015704
vt 0.911982 0.015639
vt 0.423055 0.061461
vt 0.424177 0.075308
vt 0.423884 0.075308
vt 0.422762 0.061461
vt 0.425118 0.089155
vt 0.424825 0.089155
vt 0.425654 0.103002
vt 0.425361 0.103002
vt 0.425908 0.116849
vt 0.425616 0.116849
vt 0.211641 0.061215
vt 0.211930 0.061215
vt 0.209621 0.077712
vt 0.209334 0.077712
vt 0.208436 0.091559
vt 0.208151 0.091559
vt 0.207568 0.105406
vt 0.207281 0.105406
vt 0.207300 0.119253
vt 0.207013 0.119253
vt 0.207332 0.133100
vt 0.207039 0.133100
vt 0.099999 0.061215
vt 0.120034 0.062140
vt 0.421892 0.048031
vt 0.422182 0.048031
vt 0.103050 0.044170
vt 0.123571 0.046164
vt 0.422065 0.034526
vt 0.422358 0.034526
vt 0.023563 0.086936
vt 0.003042 0.088930
vt 0.211758 0.044170
vt 0.212051 0.044170
vt 0.119569 0.031348
vt 0.139575 0.033507
vt 0.422725 0.022251
vt 0.423016 0.022251
vt 0.039566 0.099593
vt 0.019561 0.101752
vt 0.210830 0.031348
vt 0.211123 0.031348
vt 0.159673 0.000000
vt 0.174428 0.006982
vt 0.423211 0.011714
vt 0.423502 0.011714
vt 0.074420 0.126118
vt 0.059665 0.133100
vt 0.206233 0.000000
vt 0.206525 0.000000
vt 0.063670 0.096991
vt 0.090059 0.116849
vt 0.048289 0.084533
vt 0.044110 0.069844
vt 0.051305 0.055388
vt 0.058217 0.041541
vt 0.064104 0.027694
vt 0.067516 0.013847
vt 0.068657 0.000000
vt 0.449259 0.020279
vt 0.449551 0.020345
vt 0.167514 0.119253
vt 0.168665 0.133100
vt 0.164102 0.105406
vt 0.158215 0.091559
vt 0.151302 0.077712
vt 0.144114 0.063256
vt 0.148296 0.048567
vt 0.163678 0.036109
vt 0.190068 0.016251
vt 0.909214 0.000066
vt 0.909505 0.000000
vt 0.085848 0.094598
vt 0.099999 0.105135
vt 0.071037 0.082323
vt 0.066262 0.068818
vt 0.070928 0.055388
vt 0.078005 0.041541
vt 0.083945 0.027694
vt 0.087332 0.013847
vt 0.088937 0.000000
vt 0.452471 0.000000
vt 0.452763 0.000066
vt 0.187339 0.119253
vt 0.188944 0.133100
vt 0.183953 0.105406
vt 0.178013 0.091559
vt 0.170937 0.077712
vt 0.166270 0.064282
vt 0.171045 0.050777
vt 0.185855 0.038502
vt 0.200007 0.027965
vt 0.421927 0.000000
vt 0.421637 0.000000
vt 0.428154 0.000000
vt 0.429729 0.011714
vt 0.429395 0.011714
vt 0.427820 0.000000
vt 0.905465 0.017108
vt 0.902987 0.001469
vt 0.903321 0.001394
vt 0.905799 0.017033
vt 0.908136 0.031788
vt 0.907802 0.031863
vt 0.204605 0.031348
vt 0.200007 0.000000
vt 0.200341 0.000000
vt 0.204938 0.031348
vt 0.205534 0.044170
vt 0.205867 0.044170
vt 0.205455 0.061215
vt 0.205787 0.061215
vt 0.203566 0.077712
vt 0.203241 0.077712
vt 0.202383 0.091559
vt 0.202057 0.091559
vt 0.201513 0.105406
vt 0.201189 0.105406
vt 0.201245 0.119253
vt 0.200921 0.119253
vt 0.201148 0.133100
vt 0.200815 0.133100
vt 0.449386 0.062084
vt 0.449053 0.062008
vt 0.451951 0.043715
vt 0.452285 0.043790
vt 0.455443 0.021674
vt 0.455776 0.021748
vt 0.458656 0.001393
vt 0.458988 0.001468
vt 0.431879 0.103002
vt 0.432133 0.116849
vt 0.431801 0.116849
vt 0.431547 0.103002
vt 0.431342 0.089155
vt 0.431011 0.089155
vt 0.430402 0.075308
vt 0.430068 0.075308
vt 0.429280 0.061461
vt 0.428949 0.061461
vt 0.428075 0.048031
vt 0.428409 0.048031
vt 0.428251 0.034526
vt 0.428583 0.034526
vt 0.428909 0.022251
vt 0.429241 0.022251
vn 0.959331 -0.044999 0.278673
vn 0.964333 -0.023105 0.263683
vn 0.974161 0.090500 0.206929
vn 0.972470 0.104167 0.208449
vn 0.961524 -0.029665 0.273115
vn 0.954307 -0.049083 0.294771
vn 0.969531 0.083331 0.230359
vn 0.968261 0.069927 0.239959
vn 0.974189 0.066555 0.215701
vn 0.975921 0.008559 0.217957
vn 0.968985 0.162370 0.186293
vn 0.970360 0.155506 0.184983
vn 0.962429 0.179057 0.204129
vn 0.967492 0.132926 0.215150
vn 0.966558 0.185294 0.177291
vn 0.969287 0.171425 0.176341
vn 0.971521 0.105172 0.212334
vn 0.976926 0.052977 0.206903
vn 0.978144 0.015748 0.207330
vn 0.966958 0.155793 0.201792
vn -0.954004 -0.030225 -0.298268
vn -0.959133 -0.141732 -0.244901
vn -0.974531 -0.088759 -0.205940
vn -0.964870 0.022247 -0.261784
vn -0.970392 0.018160 -0.240851
vn -0.977792 -0.047036 -0.204229
vn -0.967073 -0.110500 -0.229258
vn -0.962065 0.006298 -0.272746
vn -0.975816 -0.008453 -0.218431
vn -0.979565 -0.029029 -0.199024
vn -0.960832 -0.173847 -0.215823
vn -0.967573 -0.132424 -0.215099
vn -0.964707 -0.167526 -0.203164
vn -0.971293 -0.150274 -0.184414
vn -0.971174 -0.169881 -0.167217
vn -0.968558 -0.105411 -0.225351
vn -0.963177 -0.140828 -0.229038
vn -0.958269 -0.193418 -0.210500
vn -0.986603 0.133661 -0.093537
vn -0.987568 -0.054322 -0.147506
vn 0.110406 0.800471 -0.589116
vn 0.103754 0.798693 -0.592726
vn 0.103754 0.798693 -0.592726
vn 0.110411 0.800472 -0.589113
vn -0.194493 0.691841 0.695363
vn -0.174294 0.818252 0.547800
vn -0.174573 0.816948 0.549655
vn -0.194474 0.691882 0.695327
vn 0.115606 0.800802 -0.587666
vn 0.115008 0.801223 -0.587209
vn 0.115025 0.801226 -0.587202
vn 0.115897 0.800917 -0.587453
vn 0.165550 -0.778454 -0.605478
vn 0.219563 -0.680145 -0.699425
vn 0.219389 -0.679528 -0.700078
vn 0.159588 -0.788378 -0.594131
vn 0.112985 0.799809 -0.589525
vn 0.112995 0.799804 -0.589530
vn -0.149450 0.908342 0.390615
vn -0.107336 0.983494 0.145663
vn -0.107336 0.983494 0.145663
vn -0.148916 0.909856 0.387281
vn 0.015197 -0.961833 0.273214
vn 0.005990 -0.947290 0.320321
vn 0.005987 -0.947285 0.320337
vn 0.015197 -0.961833 0.273214
vn -0.010625 -0.956199 0.292524
vn -0.057802 -0.976621 0.207051
vn -0.056823 -0.976285 0.208900
vn -0.011020 -0.956401 0.291850
vn 0.106296 -0.848233 -0.518847
vn 0.120163 -0.845747 -0.519878
vn 0.120217 -0.845737 -0.519882
vn 0.106296 -0.848233 -0.518847
vn -0.080280 -0.983123 0.164391
vn -0.080277 -0.983128 0.164363
vn 0.987184 -0.040136 0.154457
vn 0.977562 -0.000579 0.210649
vn 0.967811 0.042476 0.248068
vn 0.965961 0.066765 0.249925
vn 0.966890 0.087717 0.239644
vn -0.189363 0.702856 0.685664
vn -0.189363 0.702856 0.685664
vn -0.966021 -0.066684 -0.249712
vn -0.965729 -0.091165 -0.243014
vn -0.977439 0.001523 -0.211212
vn -0.967878 -0.042217 -0.247851
vn -0.986870 0.042054 -0.155943
vn 0.234264 -0.732562 -0.639119
vn 0.234264 -0.732562 -0.639119
vn 0.104960 0.803617 -0.585819
vn 0.104960 0.803617 -0.585819
vn -0.968221 -0.170712 -0.182771
vn -0.967441 -0.084065 -0.238729
vn -0.969223 -0.077963 -0.233514
vn -0.953007 0.052771 -0.298316
vn -0.915973 0.360372 -0.176422
vn -0.082154 -0.979846 0.182077
vn -0.082154 -0.979846 0.182077
vn 0.963508 0.019260 0.266985
vn 0.966336 0.103724 0.235451
vn 0.968312 0.140323 0.206597
vn 0.968495 0.166287 0.185383
vn 0.967281 0.084252 0.239309
vn 0.967626 0.087364 0.236785
vn 0.967621 0.087383 0.236801
vn 0.967612 0.087611 0.236753
vn 0.967613 0.087538 0.236777
vn 0.967615 0.087584 0.236748
vn 0.967607 0.087571 0.236786
vn 0.967607 0.087516 0.236809
vn 0.967615 0.087508 0.236778
vn 0.970813 0.060641 0.232047
vn 0.971674 0.053356 0.230225
vn 0.976589 0.134178 0.168139
vn 0.969383 0.094638 0.226586
vn 0.972762 0.039920 0.228343
vn 0.976186 -0.021078 0.215907
vn 0.976090 0.131160 0.173334
vn 0.978938 0.141029 0.147620
vn -0.967599 -0.087573 -0.236817
vn -0.967601 -0.087561 -0.236815
vn -0.967600 -0.087600 -0.236804
vn -0.967606 -0.087533 -0.236807
vn -0.967603 -0.087555 -0.236809
vn -0.967607 -0.087527 -0.236803
vn -0.967603 -0.087542 -0.236816
vn -0.967602 -0.087556 -0.236814
vn -0.970806 -0.060588 -0.232086
vn -0.971671 -0.053346 -0.230240
vn -0.976590 -0.134243 -0.168078
vn -0.969387 -0.094614 -0.226579
vn -0.972773 -0.039816 -0.228314
vn -0.976193 0.021118 -0.215876
vn -0.976112 -0.131060 -0.173288
vn -0.978923 -0.141187 -0.147566
vn -0.013444 0.954296 -0.298559
vn -0.002488 0.940434 -0.339968
vn -0.001986 0.940597 -0.339519
vn -0.013304 0.954365 -0.298348
vn -0.190070 0.868904 0.457033
vn -0.190061 0.868917 0.457013
vn -0.190458 0.868774 0.457118
vn -0.190466 0.868754 0.457154
vn -0.252205 0.279762 0.926351
vn -0.237047 -0.008753 0.971459
vn -0.236905 -0.008741 0.971493
vn -0.252000 0.279867 0.926375
vn 0.015927 -0.958102 0.285984
vn 0.000307 -0.938898 0.344196
vn 0.000706 -0.938953 0.344046
vn 0.016640 -0.958061 0.286083
vn -0.000813 -0.937189 0.348820
vn -0.000645 -0.937165 0.348887
vn -0.032665 0.973833 -0.224905
vn -0.032911 0.973714 -0.225384
vn 0.008483 -0.949018 0.315107
vn 0.008581 -0.948873 0.315540
vn 0.242400 -0.588389 -0.771389
vn 0.218757 -0.757054 -0.615642
vn 0.218941 -0.757900 -0.614534
vn 0.241985 -0.588799 -0.771206
vn 0.181528 -0.890243 -0.417750
vn 0.178613 -0.897337 -0.403588
vn 0.179864 -0.897119 -0.403518
vn 0.182740 -0.889978 -0.417787
vn -0.039271 0.979100 -0.199552
vn -0.039559 0.978965 -0.200155
vn -0.243176 0.578094 0.778892
vn -0.242955 0.577902 0.779103
vn 0.967621 0.087534 0.236744
vn 0.967553 0.087439 0.237055
vn 0.976022 0.041880 0.213606
vn 0.985464 -0.059685 0.159055
vn 0.242933 -0.588100 -0.771441
vn 0.241891 -0.588799 -0.771236
vn -0.985580 0.059471 -0.158414
vn -0.976140 -0.042426 -0.212957
vn -0.967630 -0.088082 -0.236502
vn -0.967535 -0.088649 -0.236679
vn -0.236625 -0.006870 0.971577
vn -0.237027 -0.007928 0.971471
vn -0.238579 -0.008732 0.971084
vn -0.236936 -0.008740 0.971486
vn -0.236991 -0.008007 0.971479
vn -0.234576 -0.009236 0.972054
vn -0.251969 0.279837 0.926392
vn -0.251101 0.278898 0.926911
vn -0.242865 0.577849 0.779171
vn -0.239357 0.575940 0.781665
vn -0.190438 0.868752 0.457169
vn -0.190428 0.868773 0.457133
vn -0.188247 0.869014 0.457578
vn -0.188348 0.868991 0.457580
vn -0.013290 0.954369 -0.298334
vn -0.001976 0.940605 -0.339496
vn -0.002585 0.940614 -0.339469
vn -0.013086 0.954538 -0.297800
vn -0.032376 0.973278 -0.227336
vn -0.031158 0.973471 -0.226679
vn -0.039551 0.978960 -0.200183
vn -0.038277 0.979082 -0.199836
vn 0.183012 -0.889131 -0.419468
vn 0.179830 -0.897128 -0.403514
vn 0.173857 -0.898163 -0.403828
vn 0.178919 -0.889573 -0.420296
vn 0.216034 -0.772429 -0.597229
vn 0.215433 -0.772377 -0.597514
vn 0.241994 -0.588821 -0.771186
vn 0.243733 -0.588714 -0.770720
vn 0.241846 -0.588874 -0.771193
vn 0.242839 -0.590648 -0.769522
vn -0.001185 -0.936424 0.350869
vn 0.008585 -0.948876 0.315534
vn 0.008507 -0.949408 0.313931
vn -0.000657 -0.936868 0.349682
vn 0.000737 -0.938963 0.344018
vn 0.001146 -0.939182 0.343418
vn 0.016661 -0.958057 0.286094
vn 0.016035 -0.957981 0.286384
vn 0.179446 -0.896729 -0.404570
vn 0.180111 -0.896680 -0.404383
vn 0.180113 -0.896660 -0.404425
vn 0.177957 -0.895756 -0.407372
vn 0.991672 0.059338 0.114307
vn 0.988720 0.063386 0.135704
vn 0.968168 0.083157 0.236086
vn 0.968180 0.086925 0.234672
vn -0.191017 0.867586 0.459138
vn -0.193952 0.867695 0.457698
vn -0.190931 0.867612 0.459123
vn -0.190552 0.868213 0.458144
vn -0.967809 -0.089631 -0.235187
vn -0.967515 -0.089236 -0.236542
vn -0.988465 -0.067630 -0.135511
vn -0.991452 -0.062865 -0.114325
vn 0.950457 -0.065988 0.303772
vn 0.952775 -0.059146 0.297861
vn 0.954416 -0.057856 0.292819
vn 0.952801 -0.063921 0.296792
vn 0.970101 0.050464 0.237397
vn 0.970668 0.061252 0.232492
vn 0.968461 0.019556 0.248396
vn 0.968961 0.029618 0.245432
vn 0.964045 0.029794 0.264063
vn 0.967266 0.036288 0.251158
vn 0.967052 0.032653 0.252477
vn 0.966422 0.028498 0.255374
vn 0.956910 -0.044932 0.286887
vn 0.951861 -0.062824 0.300022
vn 0.952779 -0.063953 0.296854
vn 0.952762 -0.053962 0.298885
vn 0.964901 0.021383 0.261743
vn 0.967064 0.021683 0.253606
vn 0.960360 -0.018812 0.278127
vn 0.951074 -0.027489 0.307737
vn 0.956225 0.006103 0.292569
vn 0.958283 -0.002511 0.285809
vn 0.963671 -0.000203 0.267093
vn 0.961389 -0.018921 0.274543
vn 0.962156 -0.014419 0.272118
vn -0.950781 0.068460 -0.302208
vn -0.953253 0.061972 -0.295751
vn -0.953969 0.056397 -0.294555
vn -0.953343 0.055385 -0.296766
vn -0.970090 -0.049756 -0.237592
vn -0.968937 -0.029604 -0.245529
vn -0.967771 -0.018869 -0.251126
vn -0.970358 -0.059704 -0.234183
vn -0.964017 -0.029714 -0.264176
vn -0.966427 -0.028476 -0.255359
vn -0.967042 -0.032617 -0.252521
vn -0.967236 -0.036127 -0.251296
vn -0.956479 0.050928 -0.287323
vn -0.952899 0.053237 -0.298578
vn -0.953239 0.062196 -0.295748
vn -0.951808 0.067491 -0.299175
vn -0.964838 -0.021314 -0.261979
vn -0.967089 -0.021621 -0.253518
vn -0.960864 0.018126 -0.276429
vn -0.951115 0.027308 -0.307628
vn -0.956218 -0.006054 -0.292593
vn -0.958276 0.002621 -0.285833
vn -0.963673 0.000397 -0.267086
vn -0.961676 0.017687 -0.273618
vn -0.961775 0.013649 -0.273501
vn 0.176293 0.910720 -0.373509
vn 0.175814 0.910656 -0.373892
vn 0.175352 0.910981 -0.373317
vn 0.175380 0.910752 -0.373862
vn -0.299163 -0.330929 0.894979
vn -0.276353 -0.332291 0.901783
vn -0.274641 -0.339878 0.899475
vn -0.298749 -0.337415 0.892693
vn -0.224298 -0.331970 0.916235
vn -0.225974 -0.256812 0.939672
vn -0.225529 -0.256413 0.939888
vn -0.223729 -0.334232 0.915551
vn -0.067605 -0.924644 0.374784
vn -0.067554 -0.924318 0.375598
vn -0.067133 -0.924352 0.375587
vn -0.067247 -0.924224 0.375884
vn -0.053189 -0.946285 0.318930
vn -0.019438 -0.983719 0.178660
vn -0.018959 -0.983588 0.179432
vn -0.052919 -0.946229 0.319139
vn 0.148472 0.933675 -0.325896
vn 0.162534 0.925372 -0.342446
vn 0.161483 0.925693 -0.342076
vn 0.147622 0.934216 -0.324728
vn 0.002683 -0.996576 0.082636
vn 0.003574 -0.996474 0.083828
vn 0.250388 0.226879 -0.941186
vn 0.261001 0.227018 -0.938265
vn 0.261044 0.231606 -0.937131
vn 0.250134 0.229798 -0.940546
vn 0.139602 0.934876 -0.326371
vn 0.139108 0.935539 -0.324677
vn 0.302598 0.065835 -0.950842
vn 0.301102 0.064369 -0.951417
vn 0.308431 0.067079 -0.948879
vn 0.308592 0.065121 -0.948963
vn 0.291619 0.125267 -0.948297
vn 0.292790 0.128586 -0.947491
vn -0.244949 -0.383731 0.890366
vn -0.243567 -0.390386 0.887848
vn 0.242881 0.224375 -0.943751
vn 0.242046 0.233006 -0.941872
vn -0.969915 -0.023473 -0.242309
vn -0.968556 -0.027168 -0.247310
vn -0.966239 -0.027471 -0.256180
vn -0.964607 -0.021625 -0.262805
vn -0.963707 -0.015228 -0.266529
vn -0.231212 -0.258173 0.938023
vn -0.230112 -0.257079 0.938594
vn 0.963939 0.016608 0.265604
vn 0.964833 0.033561 0.260711
vn 0.966625 0.038285 0.253319
vn 0.968780 0.032189 0.245823
vn 0.969827 0.023538 0.242655
vn -0.019175 -0.983411 0.180373
vn 0.003567 -0.996458 0.084013
vn 0.003128 -0.996344 0.085374
vn -0.019661 -0.983168 0.181641
vn -0.052893 -0.946316 0.318887
vn -0.053384 -0.946295 0.318867
vn -0.067273 -0.924230 0.375864
vn -0.067173 -0.924377 0.375521
vn -0.067753 -0.924603 0.374858
vn -0.067677 -0.924468 0.375206
vn -0.225124 -0.255223 0.940309
vn -0.225475 -0.256290 0.939934
vn -0.230079 -0.256893 0.938653
vn -0.230196 -0.255480 0.939010
vn -0.223669 -0.334292 0.915544
vn -0.223267 -0.335472 0.915211
vn -0.243250 -0.391562 0.887417
vn -0.242572 -0.397673 0.884881
vn -0.274064 -0.348626 0.896297
vn -0.274523 -0.340956 0.899103
vn -0.298662 -0.338745 0.892218
vn -0.297940 -0.349305 0.888379
vn 0.175365 0.910724 -0.373938
vn 0.175347 0.910961 -0.373367
vn 0.175479 0.910636 -0.374098
vn 0.175581 0.910429 -0.374553
vn 0.147665 0.934281 -0.324522
vn 0.161416 0.925741 -0.341977
vn 0.161280 0.925980 -0.341394
vn 0.147214 0.934899 -0.322942
vn 0.139028 0.935643 -0.324412
vn 0.138415 0.936418 -0.322433
vn 0.302090 0.067555 -0.950883
vn 0.302607 0.066045 -0.950825
vn 0.308567 0.065195 -0.948966
vn 0.308239 0.066785 -0.948962
vn 0.292744 0.129259 -0.947414
vn 0.292165 0.132505 -0.947144
vn 0.261116 0.232262 -0.936949
vn 0.260100 0.236615 -0.936142
vn 0.250019 0.230164 -0.940487
vn 0.248961 0.232636 -0.940159
vn 0.241996 0.233459 -0.941772
vn 0.241844 0.234447 -0.941566
vn -0.994840 0.002953 0.101417
vn -0.987866 0.152251 0.030669
vn -0.989680 0.139863 0.031173
vn -0.996057 0.025303 0.085033
vn -0.995247 0.018312 0.095647
vn -0.991065 0.117956 0.062266
vn -0.989933 0.131376 0.052657
vn -0.992994 -0.001311 0.118157
vn -0.997617 0.056913 0.039002
vn -0.992692 0.114771 0.037297
vn -0.977625 0.210124 0.009841
vn -0.982767 0.180820 0.038381
vn -0.972778 0.229910 0.029048
vn -0.978620 0.205378 0.011118
vn -0.972513 0.232846 0.001423
vn -0.994443 0.101466 0.028054
vn -0.987580 0.153242 0.034694
vn -0.975695 0.219131 -0.000059
vn -0.997527 0.064433 0.028086
vn -0.978751 0.203487 0.025309
vn 0.989468 -0.077883 -0.122018
vn 0.996011 -0.025780 -0.085425
vn 0.989700 -0.139820 -0.030720
vn 0.979489 -0.189292 -0.069070
vn 0.997598 -0.030092 -0.062385
vn 0.994574 -0.041679 -0.095318
vn 0.985996 -0.158416 -0.052112
vn 0.995115 -0.095433 -0.025284
vn 0.996796 -0.077503 -0.019756
vn 0.997605 -0.056830 -0.039436
vn 0.974343 -0.221422 -0.040349
vn 0.978891 -0.204133 -0.010118
vn 0.973715 -0.226101 -0.027524
vn 0.982792 -0.180718 -0.038219
vn 0.975986 -0.217631 0.009402
vn 0.969943 -0.240713 -0.035600
vn 0.980643 -0.188568 -0.052743
vn 0.987022 -0.153251 -0.047986
vn 0.992625 0.085480 0.085956
vn 0.994166 -0.102924 0.032257
vn 0.036367 0.802338 -0.595761
vn 0.036362 0.802338 -0.595761
vn 0.043633 0.801950 -0.595796
vn 0.043633 0.801950 -0.595796
vn 0.099682 0.684598 0.722073
vn 0.099671 0.684640 0.722034
vn 0.112418 0.809925 0.575660
vn 0.112541 0.811231 0.573793
vn 0.031025 0.802904 -0.595301
vn 0.030708 0.803032 -0.595145
vn 0.031536 0.803301 -0.594738
vn 0.031554 0.803297 -0.594742
vn -0.091682 -0.772152 -0.628789
vn -0.088349 -0.782311 -0.616591
vn -0.122727 -0.671148 -0.731094
vn -0.123045 -0.671758 -0.730480
vn 0.033869 0.801779 -0.596660
vn 0.033860 0.801776 -0.596665
vn 0.120784 0.901737 0.415069
vn 0.120932 0.903260 0.411700
vn 0.127073 0.977736 0.166988
vn 0.127073 0.977736 0.166988
vn -0.110882 -0.958450 0.262830
vn -0.110882 -0.958450 0.262830
vn -0.109542 -0.944465 0.309817
vn -0.109543 -0.944470 0.309801
vn -0.088682 -0.954284 0.285444
vn -0.088185 -0.954506 0.284853
vn -0.029238 -0.976960 0.211410
vn -0.027963 -0.977351 0.209769
vn -0.052369 -0.844582 -0.532859
vn -0.052369 -0.844582 -0.532859
vn -0.065809 -0.841232 -0.536654
vn -0.065756 -0.841246 -0.536639
vn 0.001502 -0.985139 0.171754
vn 0.001500 -0.985134 0.171782
vn -0.998366 0.047787 0.031345
vn -0.999638 0.008089 -0.025651
vn -0.993418 0.090841 0.069777
vn -0.988853 0.137599 0.056889
vn -0.990751 0.115174 0.071744
vn 0.096883 0.695865 0.711608
vn 0.096883 0.695865 0.711608
vn 0.990796 -0.114212 -0.072652
vn 0.988643 -0.137289 -0.061136
vn 0.998379 -0.046806 -0.032382
vn 0.993443 -0.089998 -0.070507
vn 0.999683 -0.006647 0.024291
vn -0.150777 -0.723554 -0.673600
vn -0.150777 -0.723554 -0.673600
vn 0.040588 0.804124 -0.593075
vn 0.040588 0.804124 -0.593075
vn 0.975910 -0.218065 -0.006869
vn 0.990441 -0.127145 -0.053494
vn 0.990422 -0.126144 -0.056152
vn 0.992517 0.004370 -0.122027
vn 0.949712 0.312854 -0.012993
vn 0.000331 -0.981884 0.189485
vn 0.000331 -0.981884 0.189485
vn -0.993837 0.068613 0.087061
vn -0.986761 0.152077 0.056347
vn -0.981628 0.188431 0.030016
vn -0.976738 0.214161 0.010848
vn -0.989769 0.129701 0.059463
vn -0.989012 0.135386 0.059372
vn -0.989000 0.135508 0.059303
vn -0.988999 0.135520 0.059288
vn -0.989014 0.135407 0.059299
vn -0.988995 0.135546 0.059293
vn -0.988997 0.135535 0.059295
vn -0.988992 0.135541 0.059354
vn -0.988993 0.135543 0.059344
vn -0.992599 0.108786 0.053973
vn -0.993469 0.101585 0.051968
vn -0.983208 0.182238 -0.009560
vn -0.988558 0.142651 0.049021
vn -0.994855 0.088172 0.049887
vn -0.998949 0.027393 0.036760
vn -0.983802 0.179207 -0.004407
vn -0.981478 0.189175 -0.030244
vn 0.988995 -0.135504 -0.059397
vn 0.989005 -0.135446 -0.059355
vn 0.988989 -0.135567 -0.059349
vn 0.988997 -0.135516 -0.059336
vn 0.988993 -0.135535 -0.059351
vn 0.988995 -0.135534 -0.059330
vn 0.988998 -0.135513 -0.059319
vn 0.988997 -0.135512 -0.059340
vn 0.992602 -0.108740 -0.054008
vn 0.993470 -0.101545 -0.052025
vn 0.983196 -0.182297 0.009649
vn 0.988560 -0.142640 -0.049017
vn 0.994862 -0.088097 -0.049878
vn 0.998951 -0.027326 -0.036746
vn 0.983816 -0.179125 0.004451
vn 0.981430 -0.189405 0.030353
vn 0.114017 0.951088 -0.287110
vn 0.113151 0.951261 -0.286877
vn 0.108759 0.937892 -0.329440
vn 0.110063 0.937792 -0.329290
vn 0.146594 0.860613 0.487704
vn 0.147171 0.860484 0.487758
vn 0.147172 0.860499 0.487732
vn 0.146583 0.860625 0.487687
vn 0.094888 0.270957 0.957903
vn 0.094639 0.271297 0.957832
vn 0.057672 -0.015953 0.998208
vn 0.058214 -0.015996 0.998176
vn -0.114145 -0.954822 0.274382
vn -0.114396 -0.954837 0.274225
vn -0.108232 -0.936269 0.334194
vn -0.108296 -0.936103 0.334640
vn -0.107686 -0.934537 0.339183
vn -0.107957 -0.934428 0.339396
vn 0.120151 0.969926 -0.211680
vn 0.120224 0.969953 -0.211514
vn -0.111327 -0.945941 0.304636
vn -0.111644 -0.945958 0.304467
vn -0.127828 -0.579346 -0.804996
vn -0.127680 -0.579689 -0.804772
vn -0.141449 -0.749050 -0.647237
vn -0.140777 -0.748436 -0.648094
vn -0.146588 -0.882255 -0.447367
vn -0.147706 -0.881880 -0.447739
vn -0.147809 -0.889084 -0.433222
vn -0.146889 -0.889322 -0.433047
vn 0.121929 0.975080 -0.185344
vn 0.122451 0.974991 -0.185468
vn 0.126588 0.567996 0.813238
vn 0.126719 0.568775 0.812673
vn -0.988988 0.135894 0.058610
vn -0.988987 0.136000 0.058390
vn -0.995317 0.090472 0.034050
vn -0.999715 -0.011166 -0.021083
vn -0.128685 -0.578531 -0.805445
vn -0.127701 -0.579343 -0.805018
vn 0.995253 -0.091187 -0.033999
vn 0.999712 0.010513 0.021574
vn 0.988921 -0.136300 -0.058804
vn 0.988897 -0.136383 -0.059013
vn 0.057855 -0.013172 0.998238
vn 0.057482 -0.013178 0.998260
vn 0.059369 -0.016350 0.998102
vn 0.057127 -0.014877 0.998256
vn 0.057856 -0.013210 0.998238
vn 0.057684 -0.015960 0.998207
vn 0.094623 0.271306 0.957831
vn 0.094467 0.271384 0.957824
vn 0.126672 0.568817 0.812651
vn 0.124333 0.569004 0.812882
vn 0.147135 0.860466 0.487801
vn 0.144326 0.859925 0.489590
vn 0.144246 0.859937 0.489594
vn 0.147135 0.860480 0.487776
vn 0.113107 0.951263 -0.286889
vn 0.113048 0.951112 -0.287414
vn 0.109565 0.937474 -0.330361
vn 0.108716 0.937887 -0.329467
vn 0.120016 0.969539 -0.213520
vn 0.118784 0.969663 -0.213647
vn 0.122454 0.974990 -0.185471
vn 0.121080 0.975203 -0.185253
vn -0.147612 -0.881039 -0.449423
vn -0.142884 -0.882178 -0.448716
vn -0.140668 -0.890810 -0.432053
vn -0.147736 -0.889103 -0.433208
vn -0.142430 -0.763649 -0.629726
vn -0.142013 -0.765023 -0.628150
vn -0.127712 -0.579734 -0.804735
vn -0.129890 -0.580919 -0.803531
vn -0.127628 -0.579408 -0.804983
vn -0.126912 -0.580312 -0.804445
vn -0.107437 -0.933810 0.341256
vn -0.107025 -0.933818 0.341366
vn -0.109613 -0.945838 0.305575
vn -0.111276 -0.945938 0.304663
vn -0.108226 -0.936283 0.334158
vn -0.108073 -0.936456 0.333722
vn -0.114380 -0.954843 0.274213
vn -0.113171 -0.955044 0.274014
vn -0.147810 -0.888814 -0.433777
vn -0.146945 -0.889172 -0.433337
vn -0.147825 -0.888766 -0.433869
vn -0.145766 -0.887353 -0.437444
vn -0.992609 0.112922 -0.044449
vn -0.991772 0.109245 -0.066732
vn -0.989555 0.130526 0.061180
vn -0.989199 0.134168 0.059030
vn 0.147150 0.859675 0.489190
vn 0.148774 0.859267 0.489414
vn 0.147117 0.859697 0.489160
vn 0.147217 0.859966 0.488658
vn 0.988801 -0.137305 -0.058479
vn 0.988968 -0.135628 -0.059557
vn 0.991937 -0.118231 0.045638
vn 0.991191 -0.113942 0.067506
vn -0.991486 -0.020098 0.128656
vn -0.992591 -0.016245 0.120417
vn -0.993109 -0.009961 0.116775
vn -0.992624 -0.010214 0.120806
vn -0.993354 0.098630 0.059334
vn -0.994689 0.077785 0.067405
vn -0.995235 0.067621 0.070243
vn -0.992530 0.109452 0.053901
vn -0.993208 0.077801 0.086517
vn -0.994046 0.076582 0.077510
vn -0.993936 0.080752 0.074634
vn -0.993732 0.084379 0.073327
vn -0.993914 0.000190 0.110163
vn -0.992455 -0.006270 0.122446
vn -0.992591 -0.016281 0.120405
vn -0.992019 -0.017517 0.124866
vn -0.994045 0.069445 0.083979
vn -0.994695 0.069813 0.075559
vn -0.994748 0.027209 0.098669
vn -0.991094 0.020145 0.131632
vn -0.991800 0.053869 0.115891
vn -0.993024 0.045333 0.108851
vn -0.994842 0.047833 0.089454
vn -0.994852 0.029061 0.097083
vn -0.994925 0.033677 0.094813
vn 0.991059 0.025804 -0.130902
vn 0.991971 0.009563 -0.126103
vn 0.992983 0.008671 -0.117938
vn 0.992760 0.014321 -0.119261
vn 0.993418 -0.097914 -0.059438
vn 0.992596 -0.108130 -0.055332
vn 0.995180 -0.067460 -0.071178
vn 0.994693 -0.077767 -0.067366
vn 0.993200 -0.077709 -0.086685
vn 0.993739 -0.084210 -0.073434
vn 0.993935 -0.080725 -0.074682
vn 0.994040 -0.076582 -0.077583
vn 0.993600 0.004669 -0.112857
vn 0.991593 0.024072 -0.127139
vn 0.992761 0.014477 -0.119228
vn 0.992499 0.005554 -0.122130
vn 0.994021 -0.069366 -0.084320
vn 0.994696 -0.069746 -0.075605
vn 0.994637 -0.028881 -0.099317
vn 0.991113 -0.020303 -0.131465
vn 0.991801 -0.053836 -0.115895
vn 0.993030 -0.045229 -0.108843
vn 0.994853 -0.047629 -0.089438
vn 0.994910 -0.030322 -0.096098
vn 0.994803 -0.034415 -0.095831
vn -0.061088 0.916745 -0.394775
vn -0.060786 0.916524 -0.395334
vn -0.060954 0.916617 -0.395092
vn -0.061188 0.916878 -0.394450
vn 0.117887 -0.342447 0.932112
vn 0.116666 -0.346336 0.930828
vn 0.091551 -0.348813 0.932710
vn 0.093670 -0.341268 0.935287
vn 0.040369 -0.339503 0.939738
vn 0.038992 -0.340694 0.939366
vn 0.040184 -0.262958 0.963970
vn 0.041673 -0.264334 0.963531
vn -0.046824 -0.924969 0.377148
vn -0.046437 -0.924953 0.377235
vn -0.046528 -0.924875 0.377415
vn -0.046867 -0.924901 0.377308
vn -0.051703 -0.946391 0.318858
vn -0.051411 -0.946265 0.319280
vn -0.061469 -0.982540 0.175605
vn -0.061390 -0.982712 0.174666
vn -0.041323 0.938424 -0.343007
vn -0.041246 0.938860 -0.341820
vn -0.052135 0.930933 -0.361451
vn -0.052510 0.930707 -0.361977
vn -0.067036 -0.994740 0.077449
vn -0.066566 -0.994843 0.076525
vn -0.065813 0.233779 -0.970060
vn -0.065484 0.237481 -0.969182
vn -0.076746 0.239889 -0.967762
vn -0.077008 0.234900 -0.968964
vn -0.032479 0.939322 -0.341496
vn -0.032845 0.939775 -0.340212
vn -0.123131 0.076258 -0.989456
vn -0.129390 0.075055 -0.988749
vn -0.128179 0.076602 -0.988788
vn -0.121420 0.074627 -0.989792
vn -0.111068 0.138482 -0.984117
vn -0.110058 0.134961 -0.984720
vn 0.062437 -0.391775 0.917940
vn 0.060692 -0.397844 0.915443
vn -0.058334 0.231457 -0.971095
vn -0.057502 0.232436 -0.970910
vn 0.994576 -0.078176 -0.068605
vn 0.995345 -0.071856 -0.064226
vn 0.993783 -0.080446 -0.076970
vn 0.993966 -0.062936 -0.089836
vn 0.993767 -0.073460 -0.083846
vn 0.044772 -0.264839 0.963253
vn 0.045918 -0.264537 0.963282
vn -0.993504 0.080036 0.080899
vn -0.994048 0.064204 0.088013
vn -0.994623 0.077957 0.068173
vn -0.993646 0.083432 0.075538
vn -0.995446 0.070708 0.063938
vn -0.061411 -0.982374 0.176550
vn -0.061282 -0.982174 0.177706
vn -0.067067 -0.994610 0.079078
vn -0.067056 -0.994725 0.077631
vn -0.051410 -0.946337 0.319065
vn -0.051294 -0.946213 0.319452
vn -0.046391 -0.924931 0.377294
vn -0.046085 -0.924717 0.377855
vn -0.046479 -0.924732 0.377770
vn -0.046511 -0.924861 0.377451
vn 0.039520 -0.261940 0.964275
vn 0.044928 -0.263869 0.963512
vn 0.044744 -0.264761 0.963275
vn 0.040068 -0.262814 0.964014
vn 0.038888 -0.340745 0.939351
vn 0.038383 -0.342143 0.938864
vn 0.060400 -0.399011 0.914955
vn 0.060108 -0.405420 0.912152
vn 0.091710 -0.357888 0.929250
vn 0.091484 -0.349919 0.932302
vn 0.116660 -0.347427 0.930422
vn 0.117102 -0.356755 0.926830
vn -0.060788 0.916519 -0.395346
vn -0.060933 0.916558 -0.395232
vn -0.061014 0.916607 -0.395105
vn -0.060951 0.916607 -0.395117
vn -0.041319 0.938918 -0.341652
vn -0.040890 0.939451 -0.340235
vn -0.052033 0.931311 -0.360490
vn -0.052106 0.930984 -0.361322
vn -0.032784 0.939855 -0.339996
vn -0.032000 0.940479 -0.338342
vn -0.122359 0.077956 -0.989420
vn -0.128566 0.076029 -0.988782
vn -0.129362 0.075083 -0.988751
vn -0.123124 0.076473 -0.989440
vn -0.111004 0.139158 -0.984029
vn -0.110350 0.142450 -0.983631
vn -0.076848 0.240597 -0.967578
vn -0.076187 0.245239 -0.966465
vn -0.065408 0.237914 -0.969081
vn -0.064765 0.240707 -0.968435
vn -0.057377 0.233471 -0.970670
vn -0.056469 0.243277 -0.968312
vn 0.966064 0.069923 0.248659
vn 0.967160 0.085433 0.239382
vn 0.967161 0.085098 0.239493
vn 0.965890 0.067614 0.249971
vn 0.967358 0.088705 0.237380
vn 0.967348 0.088787 0.237393
vn 0.967349 0.088557 0.237472
vn 0.967330 0.088650 0.237515
vn 0.967281 0.086784 0.238404
vn 0.967243 0.086452 0.238677
vn 0.967224 0.085171 0.239215
vn 0.967152 0.084377 0.239788
vn 0.073704 0.799183 -0.596553
vn 0.073705 0.799171 -0.596568
vn 0.073569 0.799307 -0.596403
vn 0.073510 0.799843 -0.595691
vn -0.968064 -0.090569 -0.233770
vn -0.967997 -0.089808 -0.234343
vn -0.967942 -0.088240 -0.235163
vn -0.967980 -0.088570 -0.234883
vn -0.967874 -0.086497 -0.236091
vn -0.967883 -0.086444 -0.236071
vn -0.967862 -0.086334 -0.236197
vn -0.967873 -0.086275 -0.236176
vn -0.967379 -0.081643 -0.239817
vn -0.967214 -0.079987 -0.241037
vn 0.034841 -0.975452 0.217440
vn 0.046754 -0.984078 0.171477
vn 0.047041 -0.984066 0.171468
vn 0.034991 -0.975391 0.217689
vn 0.191432 -0.865779 -0.462363
vn 0.189643 -0.866042 -0.462609
vn 0.183841 -0.881731 -0.434457
vn 0.185934 -0.881365 -0.434310
vn 0.203220 -0.822062 -0.531899
vn 0.204471 -0.821694 -0.531987
vn 0.223562 -0.728780 -0.647225
vn 0.224173 -0.729086 -0.646669
vn 0.230592 -0.683558 -0.692514
vn 0.231131 -0.684199 -0.691701
vn -0.138623 0.968174 0.208381
vn -0.155098 0.946203 0.283978
vn -0.155033 0.946279 0.283762
vn -0.138351 0.968252 0.208202
vn -0.186266 0.880516 0.435886
vn -0.186600 0.880440 0.435897
vn -0.214634 0.778835 0.589363
vn -0.215159 0.778816 0.589196
vn -0.235698 0.649313 0.723076
vn -0.236429 0.649833 0.722370
vn -0.240213 0.608163 0.756595
vn -0.241050 0.608821 0.755799
vn -0.965959 -0.066515 -0.249997
vn -0.965747 -0.064311 -0.251391
vn 0.202804 -0.828181 -0.522482
vn 0.201645 -0.828754 -0.522022
vn -0.961341 -0.025239 -0.274202
vn -0.962978 -0.038039 -0.266882
vn 0.254043 -0.297740 -0.920224
vn 0.252385 -0.297087 -0.920892
vn 0.236412 0.015661 -0.971527
vn 0.236882 0.016749 -0.971394
vn 0.963092 0.039436 0.266268
vn 0.961412 0.026107 0.273872
vn -0.250484 0.448609 0.857909
vn -0.248545 0.449052 0.858241
vn -0.241023 0.049584 0.969252
vn -0.241647 0.050380 0.969056
vn -0.962980 -0.024176 -0.268488
vn -0.960607 -0.012523 -0.277630
vn 0.207725 0.257062 -0.943806
vn 0.207705 0.256990 -0.943830
vn 0.960598 0.012525 0.277658
vn 0.962974 0.024182 0.268507
vn -0.207691 -0.266627 0.941156
vn -0.206342 -0.266359 0.941528
vn -0.966015 -0.038878 -0.255544
vn -0.966093 -0.044992 -0.254244
vn 0.204036 0.281283 -0.937683
vn 0.204184 0.281253 -0.937660
vn 0.966084 0.044991 0.254279
vn 0.966018 0.038867 0.255534
vn -0.207918 -0.267382 0.940891
vn -0.206261 -0.267124 0.941330
vn 0.962569 0.015072 0.270619
vn 0.966436 0.024394 0.255746
vn 0.960766 0.021596 0.276519
vn 0.965903 0.068422 0.249698
vn 0.967123 0.085023 0.239676
vn 0.967373 0.088650 0.237342
vn 0.967361 0.088522 0.237439
vn 0.967349 0.087417 0.237897
vn 0.967355 0.086517 0.238200
vn 0.073693 0.799171 -0.596570
vn 0.073601 0.799126 -0.596641
vn -0.967877 -0.088512 -0.235330
vn -0.967879 -0.087607 -0.235660
vn -0.967866 -0.086517 -0.236115
vn -0.967854 -0.086382 -0.236215
vn -0.967432 -0.082288 -0.239384
vn -0.965919 -0.066124 -0.250255
vn -0.960752 -0.021122 -0.276605
vn -0.962565 -0.015070 -0.270633
vn -0.966429 -0.024399 -0.255774
vn 0.093867 -0.995447 -0.016572
vn 0.094117 -0.995419 -0.016805
vn 0.964472 0.005696 0.264126
vn 0.966847 0.011394 0.255101
vn 0.959157 0.010553 0.282676
vn 0.965785 0.067231 0.250479
vn 0.967168 0.085702 0.239250
vn 0.967373 0.088664 0.237337
vn 0.967360 0.088485 0.237454
vn 0.967395 0.087733 0.237593
vn 0.967427 0.087226 0.237647
vn 0.073680 0.799181 -0.596559
vn 0.073582 0.799412 -0.596260
vn -0.967811 -0.087827 -0.235858
vn -0.967838 -0.087294 -0.235944
vn -0.967867 -0.086539 -0.236102
vn -0.967854 -0.086399 -0.236206
vn -0.967540 -0.083360 -0.238574
vn -0.965897 -0.065841 -0.250416
vn -0.959170 -0.010347 -0.282641
vn -0.964469 -0.005684 -0.264136
vn -0.966842 -0.011385 -0.255120
vn 0.134546 -0.972431 -0.190461
vn 0.134564 -0.972421 -0.190500
vn 0.093813 -0.995449 -0.016746
vn 0.094116 -0.995419 -0.016826
vn 0.134517 -0.972424 -0.190515
vn 0.133667 -0.972496 -0.190746
vn 0.046656 -0.984097 0.171395
vn 0.047033 -0.984066 0.171468
vn 0.034942 -0.975395 0.217679
vn 0.033936 -0.975519 0.217280
vn -0.205953 -0.266377 0.941608
vn -0.206267 -0.266278 0.941568
vn -0.206137 -0.267112 0.941360
vn -0.205438 -0.267145 0.941504
vn -0.243149 0.076440 0.966972
vn -0.243386 0.074820 0.967040
vn -0.249154 0.449122 0.858028
vn -0.250497 0.448617 0.857901
vn -0.137181 0.968262 0.208925
vn -0.154471 0.946168 0.284437
vn -0.155128 0.946103 0.284295
vn -0.138559 0.968175 0.208419
vn -0.186300 0.880507 0.435889
vn -0.187154 0.880377 0.435786
vn -0.214661 0.778820 0.589373
vn -0.215579 0.778599 0.589330
vn -0.235626 0.649313 0.723100
vn -0.234998 0.649672 0.722982
vn -0.240077 0.608172 0.756631
vn -0.238418 0.608911 0.756561
vn 0.073584 0.799181 -0.596569
vn 0.073557 0.798889 -0.596964
vn 0.073703 0.799150 -0.596596
vn 0.073706 0.799152 -0.596594
vn 0.073696 0.799163 -0.596579
vn 0.073678 0.798990 -0.596814
vn 0.073692 0.799179 -0.596558
vn 0.073833 0.799364 -0.596294
vn 0.225239 -0.728901 -0.646506
vn 0.224258 -0.729093 -0.646631
vn 0.231184 -0.684233 -0.691649
vn 0.231665 -0.684281 -0.691442
vn 0.205824 -0.821414 -0.531898
vn 0.204602 -0.821660 -0.531989
vn 0.186285 -0.881358 -0.434173
vn 0.186052 -0.881346 -0.434297
vn 0.190340 -0.866253 -0.461927
vn 0.191402 -0.865956 -0.462045
vn 0.201123 -0.828501 -0.522624
vn 0.202770 -0.828170 -0.522511
vn 0.237980 -0.003776 -0.971263
vn 0.252141 -0.297052 -0.920970
vn 0.249335 -0.296992 -0.921753
vn 0.236456 -0.004892 -0.971630
vn 0.208096 0.254493 -0.944420
vn 0.207807 0.254383 -0.944513
vn 0.204025 0.281299 -0.937681
vn 0.203957 0.281578 -0.937611
vn -0.993811 0.100403 0.047525
vn -0.993977 0.098105 0.048842
vn -0.992543 0.115711 0.038333
vn -0.992514 0.116000 0.038210
vn -0.992194 0.119310 0.036272
vn -0.992203 0.119244 0.036251
vn -0.992206 0.119182 0.036380
vn -0.992216 0.119109 0.036327
vn -0.992418 0.117037 0.037549
vn -0.992392 0.117352 0.037230
vn -0.992614 0.114992 0.038670
vn -0.992548 0.115764 0.038046
vn 0.073684 0.799198 -0.596534
vn 0.073662 0.798860 -0.596989
vn 0.073872 0.798938 -0.596860
vn 0.073697 0.799170 -0.596570
vn 0.992093 -0.121206 -0.032570
vn 0.992303 -0.119166 -0.033687
vn 0.992334 -0.118828 -0.033950
vn 0.992168 -0.120440 -0.033128
vn 0.992524 -0.116988 -0.034794
vn 0.992515 -0.117048 -0.034847
vn 0.992543 -0.116795 -0.034890
vn 0.992529 -0.116909 -0.034906
vn 0.993073 -0.110547 -0.039807
vn 0.992937 -0.112197 -0.038588
vn -0.134615 -0.970172 0.201606
vn -0.135774 -0.969951 0.201894
vn -0.141454 -0.978109 0.152620
vn -0.141359 -0.978132 0.152564
vn -0.178519 -0.851977 -0.492205
vn -0.178577 -0.866970 -0.465267
vn -0.177984 -0.867010 -0.465420
vn -0.176998 -0.852358 -0.492094
vn -0.177730 -0.806457 -0.563950
vn -0.176947 -0.806221 -0.564533
vn -0.173144 -0.714052 -0.678345
vn -0.172039 -0.714147 -0.678525
vn -0.170035 -0.669613 -0.722985
vn -0.169246 -0.670089 -0.722729
vn 0.172406 0.956417 0.235675
vn 0.173148 0.956318 0.235531
vn 0.176865 0.932600 0.314604
vn 0.175683 0.932902 0.314371
vn 0.179625 0.865904 0.466847
vn 0.178597 0.865969 0.467120
vn 0.174788 0.763390 0.621840
vn 0.175946 0.763273 0.621657
vn 0.165750 0.635013 0.754510
vn 0.167375 0.634707 0.754409
vn 0.163371 0.594542 0.787293
vn 0.163913 0.593939 0.787635
vn 0.994230 -0.094762 -0.050269
vn 0.994087 -0.096972 -0.048860
vn -0.175766 -0.814009 -0.553620
vn -0.177852 -0.813589 -0.553571
vn 0.995477 -0.068310 -0.066026
vn 0.995753 -0.055443 -0.073494
vn -0.127242 -0.285693 -0.949836
vn -0.082106 0.029930 -0.996174
vn -0.083727 0.028624 -0.996078
vn -0.129405 -0.285850 -0.949497
vn -0.995732 0.056307 0.073129
vn -0.995422 0.069732 0.065362
vn 0.147705 0.435763 0.887859
vn 0.093812 0.035474 0.994958
vn 0.093768 0.032830 0.995053
vn 0.147603 0.435562 0.887975
vn 0.996117 -0.042705 -0.076983
vn 0.996234 -0.054428 -0.067489
vn -0.043446 0.263273 -0.963742
vn -0.043738 0.263205 -0.963748
vn -0.996234 0.054447 0.067477
vn -0.996120 0.042729 0.076942
vn 0.042232 -0.271728 0.961447
vn 0.042756 -0.271569 0.961469
vn 0.995750 -0.075351 -0.052962
vn 0.996129 -0.069222 -0.054174
vn -0.039755 0.286398 -0.957286
vn -0.039501 0.286536 -0.957255
vn -0.996128 0.069251 0.054156
vn -0.995748 0.075376 0.052953
vn 0.042114 -0.272449 0.961248
vn 0.042590 -0.272237 0.961287
vn -0.996547 0.045307 0.069580
vn -0.997027 0.054784 0.054176
vn -0.995777 0.051768 0.075823
vn -0.993914 0.098874 0.048575
vn -0.992550 0.115594 0.038508
vn -0.992209 0.119200 0.036223
vn -0.992221 0.119084 0.036278
vn -0.992336 0.117990 0.036705
vn -0.992432 0.117080 0.037032
vn 0.073608 0.798973 -0.596845
vn 0.073710 0.799156 -0.596588
vn 0.992399 -0.118153 -0.034425
vn 0.992298 -0.119089 -0.034095
vn 0.992512 -0.117059 -0.034878
vn 0.992522 -0.116956 -0.034941
vn 0.992880 -0.112848 -0.038129
vn 0.994114 -0.096561 -0.049120
vn 0.995794 -0.051325 -0.075897
vn 0.996547 -0.045295 -0.069588
vn 0.997029 -0.054730 -0.054211
vn -0.160225 -0.986080 -0.044428
vn -0.161967 -0.985785 -0.044666
vn -0.997383 0.035992 0.062705
vn -0.997702 0.041765 0.053362
vn -0.995787 0.040647 0.082191
vn -0.993990 0.097700 0.049391
vn -0.992487 0.116264 0.038108
vn -0.992209 0.119202 0.036224
vn -0.992222 0.119076 0.036281
vn -0.992308 0.118313 0.036428
vn -0.992369 0.117774 0.036519
vn 0.073185 0.798950 -0.596928
vn 0.073706 0.799160 -0.596582
vn 0.992430 -0.117805 -0.034698
vn 0.992368 -0.118354 -0.034614
vn 0.992513 -0.117059 -0.034859
vn 0.992522 -0.116959 -0.034944
vn 0.992794 -0.113885 -0.037296
vn 0.994136 -0.096253 -0.049281
vn 0.995799 -0.040490 -0.082126
vn 0.997383 -0.035939 -0.062733
vn 0.997702 -0.041684 -0.053410
vn -0.171591 -0.960888 -0.217372
vn -0.174256 -0.960477 -0.217070
vn -0.158091 -0.986818 -0.034592
vn -0.169395 -0.961308 -0.217236
vn -0.171347 -0.960930 -0.217380
vn -0.159334 -0.986597 -0.035193
vn -0.140431 -0.977762 0.155757
vn -0.141097 -0.977692 0.155594
vn -0.135785 -0.969949 0.201896
vn -0.135085 -0.970082 0.201723
vn 0.042194 -0.271730 0.961448
vn 0.041963 -0.272563 0.961223
vn 0.042082 -0.272465 0.961245
vn 0.042226 -0.271603 0.961483
vn 0.100717 0.075615 0.992038
vn 0.099566 0.073090 0.992343
vn 0.148990 0.435097 0.887971
vn 0.147782 0.435734 0.887860
vn 0.172837 0.956391 0.235464
vn 0.172397 0.956420 0.235670
vn 0.175485 0.934060 0.311025
vn 0.175066 0.934279 0.310604
vn 0.178507 0.866864 0.465491
vn 0.177879 0.867059 0.465368
vn 0.176117 0.764734 0.619810
vn 0.176917 0.764726 0.619592
vn 0.167491 0.634887 0.754231
vn 0.167820 0.634646 0.754362
vn 0.163913 0.593904 0.787661
vn 0.163444 0.593826 0.787817
vn 0.074538 0.799238 -0.596375
vn 0.073735 0.799215 -0.596505
vn 0.073718 0.799179 -0.596555
vn 0.074247 0.799111 -0.596581
vn 0.073710 0.799154 -0.596590
vn 0.073715 0.798985 -0.596816
vn 0.073717 0.799162 -0.596579
vn 0.073397 0.798970 -0.596875
vn -0.172586 -0.714892 -0.677602
vn -0.170129 -0.669298 -0.723254
vn -0.170078 -0.669574 -0.723011
vn -0.173202 -0.714630 -0.677720
vn -0.176102 -0.808335 -0.561767
vn -0.177714 -0.807622 -0.562285
vn -0.177735 -0.867796 -0.464048
vn -0.178555 -0.867488 -0.464308
vn -0.179338 -0.850911 -0.493749
vn -0.178630 -0.851131 -0.493628
vn -0.178025 -0.813546 -0.553580
vn -0.179261 -0.813141 -0.553775
vn -0.088554 -0.001461 -0.996070
vn -0.088882 -0.004023 -0.996034
vn -0.130145 -0.285401 -0.949531
vn -0.129541 -0.285830 -0.949484
vn -0.044419 0.259226 -0.964795
vn -0.043455 0.258981 -0.964904
vn -0.039419 0.286546 -0.957255
vn -0.037999 0.286589 -0.957300
s 1
g DHONI_MOTION_POSTER_2:Gopiknath_20210802_1927:Gopiknath_20210801_1428:Gopiknath_20210731_0019:HELMET5 HELMETS DHONI_MOTION_POSTER_2:Gopiknath_20210802_1927:Gopiknath_20210801_1428:Gopiknath_20210731_0019:helemt_group7_helmet_group3_group4_polySurface105
usemtl DHONI_MOTION_POSTER_2:Gopiknath_20210802_1927:Gopiknath_20210801_1428:Gopiknath_20210731_0019:aiStandardSurface21SG
f 2013/2569/2671 1991/2572/2672 1978/2571/2673 2012/2570/2674
f 1989/2579/2675 1990/2573/2676 1979/2574/2677 1981/2580/2678
f 1981/2580/2678 2022/2586/2679 2023/2585/2680 1989/2579/2675
f 2011/2575/2681 1999/2576/2682 1984/2584/2683 2010/2583/2684
f 1997/2587/2685 1998/2581/2686 1985/2589/2687 1986/2594/2688
f 2020/2597/2689 2021/2593/2690 1997/2587/2685 1986/2594/2688
s 3
f 2006/2599/2691 2007/2602/2692 1972/2601/2693 1992/2600/2694
f 1994/2613/2695 1974/2614/2696 1973/2608/2697 1993/2607/2698
f 1974/2614/2696 1994/2613/2695 2016/2619/2699 2017/2618/2700
f 2008/2606/2701 2009/2611/2702 1964/2610/2703 2000/2605/2704
f 2002/2617/2705 1968/2621/2706 1965/2616/2707 2001/2612/2708
f 2019/2626/2709 1968/2621/2706 2002/2617/2705 2018/2622/2710
s 7
f 2005/2432/2711 1967/2435/2712 1976/2434/2713 2004/2433/2714
s 8
f 1992/2364/2715 1972/2367/2716 1978/2366/2717 1991/2365/2718
s 7
f 1969/2438/2719 1966/2436/2720 1977/2437/2721 1980/2439/2722
s 9
f 1975/2374/2723 1995/2377/2724 1988/2376/2725 1982/2375/2726
s 7
f 2015/2440/2727 1969/2438/2719 1980/2439/2722 2014/2441/2728
s 8
f 2000/2371/2729 1964/2373/2730 1984/2372/2731 1999/2370/2732
s 10
f 1964/2444/2733 2009/2447/2734 2010/2446/2735 1984/2445/2736
f 1965/2449/2737 1968/2451/2738 1986/2450/2739 1985/2448/2740
s 9
f 1970/2382/2741 2003/2379/2742 1996/2378/2743 1987/2383/2744
s 10
f 1968/2451/2738 2019/2453/2745 2020/2452/2746 1986/2450/2739
s 1
f 1989/2579/2675 2023/2585/2680 2014/2590/2747 1980/2588/2748
f 1980/2588/2748 1977/2582/2749 1990/2573/2676 1989/2579/2675
f 2013/2569/2671 2004/2578/2750 1976/2577/2751 1991/2572/2672
s 8
f 1967/2368/2752 1992/2364/2715 1991/2365/2718 1976/2369/2753
s 3
f 2005/2603/2754 2006/2599/2691 1992/2600/2694 1967/2604/2755
f 1969/2615/2756 1994/2613/2695 1993/2607/2698 1966/2609/2757
f 2016/2619/2699 1994/2613/2695 1969/2615/2756 2015/2620/2758
s 9
f 1988/2376/2725 1995/2377/2724 1971/2381/2759 1983/2380/2760
s 1
f 2021/2593/2690 2022/2586/2679 1981/2580/2678 1997/2587/2685
f 1981/2580/2678 1979/2574/2677 1998/2581/2686 1997/2587/2685
f 2012/2570/2674 1978/2571/2673 1999/2576/2682 2011/2575/2681
s 8
f 1972/2367/2716 2000/2371/2729 1999/2370/2732 1978/2366/2717
s 3
f 2007/2602/2692 2008/2606/2701 2000/2605/2704 1972/2601/2693
f 1974/2614/2696 2002/2617/2705 2001/2612/2708 1973/2608/2697
f 2018/2622/2710 2002/2617/2705 1974/2614/2696 2017/2618/2700
s 9
f 1996/2378/2743 2003/2379/2742 1975/2374/2723 1982/2375/2726
s 7
f 1966/2436/2720 2005/2432/2711 2004/2433/2714 1977/2437/2721
s 3
f 1966/2609/2757 1993/2607/2698 2006/2599/2691 2005/2603/2754
f 1993/2607/2698 1973/2608/2697 2007/2602/2692 2006/2599/2691
f 1973/2608/2697 2001/2612/2708 2008/2606/2701 2007/2602/2692
f 2001/2612/2708 1965/2616/2707 2009/2611/2702 2008/2606/2701
s 10
f 2010/2446/2735 2009/2447/2734 1965/2449/2737 1985/2448/2740
s 1
f 1998/2581/2686 2011/2575/2681 2010/2583/2684 1985/2589/2687
f 1979/2574/2677 2012/2570/2674 2011/2575/2681 1998/2581/2686
f 1990/2573/2676 2013/2569/2671 2012/2570/2674 1979/2574/2677
f 1977/2582/2749 2004/2578/2750 2013/2569/2671 1990/2573/2676
s 7
f 1971/2442/2761 2015/2440/2727 2014/2441/2728 1983/2443/2762
s 3
f 1995/2624/2763 2016/2619/2699 2015/2620/2758 1971/2625/2764
f 2017/2618/2700 2016/2619/2699 1995/2624/2763 1975/2623/2765
f 2003/2627/2766 2018/2622/2710 2017/2618/2700 1975/2623/2765
f 1970/2628/2767 2019/2626/2709 2018/2622/2710 2003/2627/2766
s 10
f 2020/2452/2746 2019/2453/2745 1970/2455/2768 1987/2454/2769
s 1
f 1987/2598/2770 1996/2596/2771 2021/2593/2690 2020/2597/2689
f 1996/2596/2771 1982/2592/2772 2022/2586/2679 2021/2593/2690
f 2023/2585/2680 2022/2586/2679 1982/2592/2772 1988/2591/2773
f 2014/2590/2747 2023/2585/2680 1988/2591/2773 1983/2595/2774
s 12
f 2097/2629/2775 2098/2632/2776 2042/2631/2777 2043/2630/2778
f 2045/2635/2779 2044/2636/2780 2056/2644/2781 2057/2643/2782
f 2048/2641/2783 2045/2635/2779 2057/2643/2782 2058/2647/2784
f 2096/2633/2785 2097/2629/2775 2043/2630/2778 2051/2634/2786
f 2052/2645/2787 2048/2641/2783 2058/2647/2784 2059/2650/2788
f 2054/2639/2789 2095/2640/2790 2096/2633/2785 2051/2634/2786
f 2043/2630/2778 2042/2631/2777 2044/2636/2780 2045/2635/2779
f 2051/2634/2786 2043/2630/2778 2045/2635/2779 2048/2641/2783
f 2052/2645/2787 2054/2639/2789 2051/2634/2786 2048/2641/2783
s 13
f 2102/2653/2791 2037/2656/2792 2036/2655/2793 2101/2654/2794
f 2024/2660/2795 2062/2665/2796 2063/2664/2797 2025/2659/2798
f 2030/2666/2799 2061/2672/2800 2062/2665/2796 2024/2660/2795
f 2103/2661/2801 2038/2662/2802 2037/2656/2792 2102/2653/2791
f 2033/2673/2803 2060/2675/2804 2061/2672/2800 2030/2666/2799
f 2039/2667/2805 2038/2662/2802 2103/2661/2801 2092/2668/2806
f 2037/2656/2792 2024/2660/2795 2025/2659/2798 2036/2655/2793
f 2038/2662/2802 2030/2666/2799 2024/2660/2795 2037/2656/2792
f 2033/2673/2803 2030/2666/2799 2038/2662/2802 2039/2667/2805
s 15
f 2026/2456/2807 2027/2459/2808 2089/2458/2809 2090/2457/2810
s 16
f 2101/2384/2811 2036/2387/2812 2088/2386/2813 2100/2385/2814
s 17
f 2025/2393/2815 2063/2399/2816 2086/2398/2817 2087/2392/2818
s 18
f 2028/2472/2819 2029/2475/2820 2084/2474/2821 2085/2473/2822
f 2029/2475/2820 2031/2479/2823 2083/2478/2824 2084/2474/2821
s 15
f 2032/2460/2825 2026/2456/2807 2090/2457/2810 2091/2461/2826
s 18
f 2031/2479/2823 2034/2484/2827 2082/2483/2828 2083/2478/2824
s 19
f 2060/2408/2829 2033/2411/2830 2080/2410/2831 2081/2409/2832
f 2039/2417/2833 2092/2423/2834 2093/2422/2835 2079/2416/2836
s 15
f 2035/2464/2837 2032/2460/2825 2091/2461/2826 2078/2465/2838
s 17
f 2036/2387/2839 2025/2393/2815 2087/2392/2818 2088/2386/2840
s 19
f 2033/2411/2830 2039/2417/2833 2079/2416/2836 2080/2410/2831
s 12
f 2057/2643/2782 2056/2644/2781 2046/2649/2841 2047/2648/2842
f 2058/2647/2784 2057/2643/2782 2047/2648/2842 2049/2651/2843
f 2059/2650/2788 2058/2647/2784 2049/2651/2843 2053/2652/2844
s 19
f 2034/2412/2845 2060/2408/2829 2081/2409/2832 2082/2413/2846
s 13
f 2061/2672/2800 2060/2675/2804 2034/2676/2847 2031/2674/2848
f 2062/2665/2796 2061/2672/2800 2031/2674/2848 2029/2671/2849
f 2063/2664/2797 2062/2665/2796 2029/2671/2849 2028/2670/2850
s 17
f 2086/2398/2817 2063/2399/2816 2028/2404/2851 2085/2403/2852
f 2056/2405/2853 2065/2402/2854 2064/2406/2855 2046/2407/2856
f 2066/2397/2857 2065/2402/2854 2056/2405/2853 2044/2401/2858
f 2067/2391/2859 2066/2397/2857 2044/2401/2858 2042/2396/2860
s 16
f 2099/2390/2861 2067/2391/2862 2042/2396/2863 2098/2395/2864
s 15
f 2069/2462/2865 2068/2463/2866 2040/2468/2867 2041/2467/2868
f 2070/2466/2869 2069/2462/2865 2041/2467/2868 2050/2470/2870
f 2071/2469/2871 2070/2466/2869 2050/2470/2870 2055/2471/2872
s 19
f 2072/2421/2873 2094/2426/2874 2095/2429/2875 2054/2425/2876
f 2073/2415/2877 2072/2421/2873 2054/2425/2876 2052/2420/2878
f 2074/2414/2879 2073/2415/2877 2052/2420/2878 2059/2419/2880
f 2075/2418/2881 2074/2414/2879 2059/2419/2880 2053/2424/2882
s 18
f 2076/2482/2883 2075/2486/2884 2053/2487/2885 2049/2485/2886
f 2077/2477/2887 2076/2482/2883 2049/2485/2886 2047/2481/2888
f 2064/2476/2889 2077/2477/2887 2047/2481/2888 2046/2480/2890
s 19
f 2079/2416/2836 2093/2422/2835 2094/2426/2874 2072/2421/2873
f 2080/2410/2831 2079/2416/2836 2072/2421/2873 2073/2415/2877
f 2081/2409/2832 2080/2410/2831 2073/2415/2877 2074/2414/2879
f 2082/2413/2846 2081/2409/2832 2074/2414/2879 2075/2418/2881
s 18
f 2083/2478/2824 2082/2483/2828 2075/2486/2884 2076/2482/2883
f 2084/2474/2821 2083/2478/2824 2076/2482/2883 2077/2477/2887
f 2085/2473/2822 2084/2474/2821 2077/2477/2887 2064/2476/2889
s 17
f 2065/2402/2854 2086/2398/2817 2085/2403/2852 2064/2406/2855
f 2087/2392/2818 2086/2398/2817 2065/2402/2854 2066/2397/2857
f 2088/2386/2840 2087/2392/2818 2066/2397/2857 2067/2391/2859
s 16
f 2100/2385/2814 2088/2386/2813 2067/2391/2862 2099/2390/2861
s 15
f 2090/2457/2810 2089/2458/2809 2068/2463/2866 2069/2462/2865
f 2091/2461/2826 2090/2457/2810 2069/2462/2865 2070/2466/2869
f 2078/2465/2838 2091/2461/2826 2070/2466/2869 2071/2469/2871
s 19
f 2092/2423/2834 2035/2428/2891 2078/2427/2892 2093/2422/2835
f 2094/2426/2874 2093/2422/2835 2078/2427/2892 2071/2430/2893
f 2095/2429/2875 2094/2426/2874 2071/2430/2893 2055/2431/2894
s 12
f 2096/2633/2785 2095/2640/2790 2055/2646/2895 2050/2642/2896
f 2050/2642/2896 2041/2637/2897 2097/2629/2775 2096/2633/2785
f 2041/2637/2897 2040/2638/2898 2098/2632/2776 2097/2629/2775
s 16
f 2068/2394/2899 2099/2390/2861 2098/2395/2864 2040/2400/2900
f 2089/2389/2901 2100/2385/2814 2099/2390/2861 2068/2394/2899
f 2027/2388/2902 2101/2384/2811 2100/2385/2814 2089/2389/2901
s 13
f 2026/2657/2903 2102/2653/2791 2101/2654/2794 2027/2658/2904
f 2032/2663/2905 2103/2661/2801 2102/2653/2791 2026/2657/2903
f 2092/2668/2806 2103/2661/2801 2032/2663/2905 2035/2669/2906
s 22
f 2189/2677/2907 2120/2680/2908 2140/2679/2909 2188/2678/2910
f 2186/2688/2911 2125/2689/2912 2149/2695/2913 2185/2694/2914
f 2128/2697/2915 2124/2693/2916 2150/2698/2917 2151/2702/2918
f 2130/2685/2919 2121/2681/2920 2141/2682/2921 2142/2686/2922
f 2132/2701/2923 2128/2697/2915 2151/2702/2918 2144/2704/2924
f 2134/2690/2925 2130/2685/2919 2142/2686/2922 2143/2691/2926
f 2135/2696/2927 2131/2692/2928 2128/2697/2915 2132/2701/2923
f 2131/2692/2928 2123/2687/2929 2124/2693/2916 2128/2697/2915
f 2187/2683/2930 2122/2684/2931 2125/2689/2912 2186/2688/2911
s 25
f 2192/2707/2932 2193/2710/2933 2139/2709/2934 2105/2708/2935
f 2195/2716/2936 2196/2721/2937 2148/2720/2938 2119/2715/2939
f 2117/2729/2940 2146/2732/2941 2147/2728/2942 2118/2722/2943
f 2112/2718/2944 2137/2719/2945 2138/2714/2946 2104/2713/2947
f 2116/2733/2948 2145/2735/2949 2146/2732/2941 2117/2729/2940
f 2115/2724/2950 2136/2725/2951 2137/2719/2945 2112/2718/2944
f 2113/2730/2952 2116/2733/2948 2117/2729/2940 2110/2723/2953
f 2110/2723/2953 2117/2729/2940 2118/2722/2943 2107/2717/2954
f 2194/2712/2955 2195/2716/2936 2119/2715/2939 2106/2711/2956
s 29
f 2192/2488/2957 2105/2491/2958 2176/2490/2959 2191/2489/2960
s 30
f 2105/2526/2961 2139/2521/2962 2175/2520/2963 2176/2527/2964
f 2119/2503/2965 2148/2497/2966 2172/2496/2967 2173/2504/2968
s 32
f 2108/2492/2969 2197/2495/2970 2198/2494/2971 2171/2493/2972
f 2109/2501/2973 2111/2509/2974 2169/2508/2975 2170/2500/2976
s 29
f 2112/2532/2977 2104/2535/2978 2177/2534/2979 2178/2533/2980
s 32
f 2111/2509/2974 2114/2517/2981 2168/2516/2982 2169/2508/2975
s 34
f 2145/2568/2983 2116/2565/2984 2182/2560/2985 2183/2564/2986
s 29
f 2115/2536/2987 2112/2532/2977 2178/2533/2980 2179/2537/2988
s 34
f 2180/2737/2989 2136/2740/2990 2115/2739/2991 2179/2738/2992
f 2116/2565/2984 2113/2566/2993 2181/2561/2994 2182/2560/2985
s 30
f 2106/2512/2995 2119/2503/2965 2173/2504/2968 2174/2513/2996
s 25
f 2136/2725/2951 2113/2730/2952 2110/2723/2953 2137/2719/2945
f 2138/2714/2946 2137/2719/2945 2110/2723/2953 2107/2717/2954
f 2139/2709/2934 2193/2710/2933 2194/2712/2955 2106/2711/2956
s 30
f 2175/2520/2963 2139/2521/2962 2106/2512/2995 2174/2513/2996
s 22
f 2188/2678/2910 2140/2679/2909 2122/2684/2931 2187/2683/2930
f 2142/2686/2922 2141/2682/2921 2123/2687/2929 2131/2692/2928
f 2143/2691/2926 2142/2686/2922 2131/2692/2928 2135/2696/2927
s 34
f 2113/2741/2993 2136/2740/2990 2180/2737/2989 2181/2742/2994
f 2114/2745/2997 2145/2748/2983 2183/2747/2986 2168/2746/2998
s 25
f 2146/2732/2941 2145/2735/2949 2114/2736/2999 2111/2734/3000
f 2147/2728/2942 2146/2732/2941 2111/2734/3000 2109/2731/3001
f 2148/2720/2938 2196/2721/2937 2197/2727/3002 2108/2726/3003
s 30
f 2172/2496/2967 2148/2497/2966 2108/2492/3004 2171/2493/3005
s 22
f 2185/2694/2914 2149/2695/2913 2126/2700/3006 2184/2699/3007
f 2151/2702/2918 2150/2698/2917 2127/2703/3008 2129/2705/3009
f 2144/2704/2924 2151/2702/2918 2129/2705/3009 2133/2706/3010
s 32
f 2153/2515/3011 2152/2523/3012 2133/2528/3013 2129/2522/3014
f 2154/2507/3015 2153/2515/3011 2129/2522/3014 2127/2514/3016
f 2155/2498/3017 2199/2499/3018 2184/2506/3019 2126/2505/3020
s 30
f 2149/2510/3021 2156/2502/3022 2155/2498/3023 2126/2505/3024
f 2157/2511/3025 2156/2502/3022 2149/2510/3021 2125/2518/3026
f 2158/2519/3027 2157/2511/3025 2125/2518/3026 2122/2524/3028
f 2140/2529/3029 2159/2525/3030 2158/2519/3027 2122/2524/3028
f 2160/2530/3031 2159/2525/3030 2140/2529/3029 2120/2531/3032
s 29
f 2190/2545/3033 2160/2550/3034 2120/2553/3035 2189/2549/3036
f 2162/2538/3037 2161/2539/3038 2121/2544/3039 2130/2543/3040
f 2163/2542/3041 2162/2538/3037 2130/2543/3040 2134/2548/3042
s 34
f 2143/2552/3043 2164/2546/3044 2163/2542/3045 2134/2548/3046
f 2165/2554/3047 2164/2546/3044 2143/2552/3043 2135/2555/3048
f 2166/2556/3049 2165/2554/3047 2135/2555/3048 2132/2557/3050
f 2167/2558/3051 2166/2556/3049 2132/2557/3050 2144/2559/3052
f 2152/2562/3053 2167/2558/3051 2144/2559/3052 2133/2563/3054
s 32
f 2169/2508/2975 2168/2516/2982 2152/2523/3012 2153/2515/3011
f 2170/2500/2976 2169/2508/2975 2153/2515/3011 2154/2507/3015
f 2171/2493/2972 2198/2494/2971 2199/2499/3018 2155/2498/3017
s 30
f 2156/2502/3022 2172/2496/2967 2171/2493/3005 2155/2498/3023
f 2173/2504/2968 2172/2496/2967 2156/2502/3022 2157/2511/3025
f 2174/2513/2996 2173/2504/2968 2157/2511/3025 2158/2519/3027
f 2159/2525/3030 2175/2520/2963 2174/2513/2996 2158/2519/3027
f 2176/2527/2964 2175/2520/2963 2159/2525/3030 2160/2530/3031
s 29
f 2191/2540/2960 2176/2551/2959 2160/2550/3034 2190/2545/3033
f 2178/2533/2980 2177/2534/2979 2161/2539/3038 2162/2538/3037
f 2179/2537/2988 2178/2533/2980 2162/2538/3037 2163/2542/3041
s 34
f 2164/2546/3044 2180/2547/2989 2179/2537/2992 2163/2542/3045
f 2181/2742/2994 2180/2737/2989 2164/2744/3044 2165/2743/3047
f 2182/2560/2985 2181/2561/2994 2165/2554/3047 2166/2556/3049
f 2183/2564/2986 2182/2560/2985 2166/2556/3049 2167/2558/3051
f 2168/2567/2998 2183/2564/2986 2167/2558/3051 2152/2562/3053
s 22
f 2150/2698/2917 2185/2694/2914 2184/2699/3007 2127/2703/3008
f 2124/2693/2916 2186/2688/2911 2185/2694/2914 2150/2698/2917
f 2123/2687/2929 2187/2683/2930 2186/2688/2911 2124/2693/2916
f 2141/2682/2921 2188/2678/2910 2187/2683/2930 2123/2687/2929
f 2121/2681/2920 2189/2677/2907 2188/2678/2910 2141/2682/2921
s 29
f 2161/2539/3038 2190/2545/3033 2189/2549/3036 2121/2544/3039
f 2177/2534/2979 2191/2540/2960 2190/2545/3033 2161/2539/3038
f 2104/2535/2978 2192/2541/2957 2191/2540/2960 2177/2534/2979
s 25
f 2104/2713/2947 2138/2714/2946 2193/2710/2933 2192/2707/2932
f 2194/2712/2955 2193/2710/2933 2138/2714/2946 2107/2717/2954
f 2107/2717/2954 2118/2722/2943 2195/2716/2936 2194/2712/2955
f 2118/2722/2943 2147/2728/2942 2196/2721/2937 2195/2716/2936
f 2197/2727/3002 2196/2721/2937 2147/2728/2942 2109/2731/3001
s 32
f 2198/2494/2971 2197/2495/2970 2109/2501/2973 2170/2500/2976
f 2199/2499/3018 2198/2494/2971 2170/2500/2976 2154/2507/3015
f 2184/2506/3019 2199/2499/3018 2154/2507/3015 2127/2514/3016
s 38
f 2249/2749/3055 2248/2750/3056 2214/2751/3057 2227/2752/3058
f 2225/2753/3059 2217/2754/3060 2215/2755/3061 2226/2756/3062
f 2217/2754/3060 2225/2753/3059 2259/2757/3063 2258/2758/3064
f 2247/2759/3065 2246/2760/3066 2220/2761/3067 2235/2762/3068
f 2233/2763/3069 2222/2764/3070 2221/2765/3071 2234/2766/3072
f 2256/2767/3073 2222/2764/3070 2233/2763/3069 2257/2768/3074
s 42
f 2242/2769/3075 2228/2770/3076 2208/2771/3077 2243/2772/3078
f 2230/2773/3079 2229/2774/3080 2209/2775/3081 2210/2776/3082
f 2210/2776/3082 2253/2777/3083 2252/2778/3084 2230/2773/3079
f 2244/2779/3085 2236/2780/3086 2200/2781/3087 2245/2782/3088
f 2238/2783/3089 2237/2784/3090 2201/2785/3091 2204/2786/3092
f 2255/2787/3093 2254/2788/3094 2238/2783/3089 2204/2786/3092
s 44
f 2241/2789/3095 2240/2790/3096 2212/2791/3097 2203/2792/3098
s 45
f 2228/2793/3099 2227/2794/3100 2214/2795/3101 2208/2796/3102
s 44
f 2205/2797/3103 2216/2798/3104 2213/2799/3105 2202/2800/3106
s 47
f 2211/2801/3107 2218/2802/3108 2224/2803/3109 2231/2804/3110
s 44
f 2251/2805/3111 2250/2806/3112 2216/2798/3104 2205/2797/3103
s 45
f 2236/2807/3113 2235/2808/3114 2220/2809/3115 2200/2810/3116
s 48
f 2200/2811/3117 2220/2812/3118 2246/2813/3119 2245/2814/3120
f 2201/2815/3121 2221/2816/3122 2222/2817/3123 2204/2818/3124
s 47
f 2206/2819/3125 2223/2820/3126 2232/2821/3127 2239/2822/3128
s 48
f 2204/2818/3124 2222/2817/3123 2256/2823/3129 2255/2824/3130
s 38
f 2225/2753/3059 2216/2825/3131 2250/2826/3132 2259/2757/3063
f 2216/2825/3131 2225/2753/3059 2226/2756/3062 2213/2827/3133
f 2249/2749/3055 2227/2752/3058 2212/2828/3134 2240/2829/3135
s 45
f 2203/2830/3136 2212/2831/3137 2227/2794/3100 2228/2793/3099
s 42
f 2241/2832/3138 2203/2833/3139 2228/2770/3076 2242/2769/3075
f 2205/2834/3140 2202/2835/3141 2229/2774/3080 2230/2773/3079
f 2252/2778/3084 2251/2836/3142 2205/2834/3140 2230/2773/3079
s 47
f 2224/2803/3109 2219/2837/3143 2207/2838/3144 2231/2804/3110
s 38
f 2257/2768/3074 2233/2763/3069 2217/2754/3060 2258/2758/3064
f 2217/2754/3060 2233/2763/3069 2234/2766/3072 2215/2755/3061
f 2248/2750/3056 2247/2759/3065 2235/2762/3068 2214/2751/3057
s 45
f 2208/2796/3102 2214/2795/3101 2235/2808/3114 2236/2807/3113
s 42
f 2243/2772/3078 2208/2771/3077 2236/2780/3086 2244/2779/3085
f 2210/2776/3082 2209/2775/3081 2237/2784/3090 2238/2783/3089
f 2254/2788/3094 2253/2777/3083 2210/2776/3082 2238/2783/3089
s 47
f 2232/2821/3127 2218/2802/3108 2211/2801/3107 2239/2822/3128
s 44
f 2202/2800/3106 2213/2799/3105 2240/2790/3096 2241/2789/3095
s 42
f 2202/2835/3141 2241/2832/3138 2242/2769/3075 2229/2774/3080
f 2229/2774/3080 2242/2769/3075 2243/2772/3078 2209/2775/3081
f 2209/2775/3081 2243/2772/3078 2244/2779/3085 2237/2784/3090
f 2237/2784/3090 2244/2779/3085 2245/2782/3088 2201/2785/3091
s 48
f 2246/2839/3119 2221/2816/3122 2201/2815/3121 2245/2840/3120
s 38
f 2234/2766/3072 2221/2765/3071 2246/2760/3066 2247/2759/3065
f 2215/2755/3061 2234/2766/3072 2247/2759/3065 2248/2750/3056
f 2226/2756/3062 2215/2755/3061 2248/2750/3056 2249/2749/3055
f 2213/2827/3133 2226/2756/3062 2249/2749/3055 2240/2829/3135
s 44
f 2207/2841/3145 2219/2842/3146 2250/2806/3112 2251/2805/3111
s 42
f 2231/2843/3147 2207/2844/3148 2251/2836/3142 2252/2778/3084
f 2253/2777/3083 2211/2845/3149 2231/2843/3147 2252/2778/3084
f 2239/2846/3150 2211/2845/3149 2253/2777/3083 2254/2788/3094
f 2206/2847/3151 2239/2846/3150 2254/2788/3094 2255/2787/3093
s 48
f 2256/2823/3129 2223/2848/3152 2206/2849/3153 2255/2824/3130
s 38
f 2223/2850/3154 2256/2767/3073 2257/2768/3074 2232/2851/3155
f 2232/2851/3155 2257/2768/3074 2258/2758/3064 2218/2852/3156
f 2259/2757/3063 2224/2853/3157 2218/2852/3156 2258/2758/3064
f 2250/2826/3132 2219/2854/3158 2224/2853/3157 2259/2757/3063
s 49
f 2333/2855/3159 2279/2856/3160 2278/2857/3161 2334/2858/3162
f 2281/2859/3163 2293/2860/3164 2292/2861/3165 2280/2862/3166
f 2284/2863/3167 2294/2864/3168 2293/2860/3164 2281/2859/3163
f 2332/2865/3169 2287/2866/3170 2279/2856/3160 2333/2855/3159
f 2288/2867/3171 2295/2868/3172 2294/2864/3168 2284/2863/3167
f 2290/2869/3173 2287/2866/3170 2332/2865/3169 2331/2870/3174
f 2279/2856/3160 2281/2859/3163 2280/2862/3166 2278/2857/3161
f 2287/2866/3170 2284/2863/3167 2281/2859/3163 2279/2856/3160
f 2288/2867/3171 2284/2863/3167 2287/2866/3170 2290/2869/3173
s 51
f 2338/2871/3175 2337/2872/3176 2272/2873/3177 2273/2874/3178
f 2260/2875/3179 2261/2876/3180 2299/2877/3181 2298/2878/3182
f 2266/2879/3183 2260/2875/3179 2298/2878/3182 2297/2880/3184
f 2339/2881/3185 2338/2871/3175 2273/2874/3178 2274/2882/3186
f 2269/2883/3187 2266/2879/3183 2297/2880/3184 2296/2884/3188
f 2275/2885/3189 2328/2886/3190 2339/2881/3185 2274/2882/3186
f 2273/2874/3178 2272/2873/3177 2261/2876/3180 2260/2875/3179
f 2274/2882/3186 2273/2874/3178 2260/2875/3179 2266/2879/3183
f 2269/2883/3187 2275/2885/3189 2274/2882/3186 2266/2879/3183
s 52
f 2262/2887/3191 2326/2888/3192 2325/2889/3193 2263/2890/3194
s 53
f 2337/2891/3195 2336/2892/3196 2324/2893/3197 2272/2894/3198
s 54
f 2261/2895/3199 2323/2896/3200 2322/2897/3201 2299/2898/3202
s 55
f 2264/2899/3203 2321/2900/3204 2320/2901/3205 2265/2902/3206
f 2265/2902/3206 2320/2901/3205 2319/2903/3207 2267/2904/3208
s 52
f 2268/2905/3209 2327/2906/3210 2326/2888/3192 2262/2887/3191
s 55
f 2267/2904/3208 2319/2903/3207 2318/2907/3211 2270/2908/3212
s 56
f 2296/2909/3213 2317/2910/3214 2316/2911/3215 2269/2912/3216
f 2275/2913/3217 2315/2914/3218 2329/2915/3219 2328/2916/3220
s 52
f 2271/2917/3221 2314/2918/3222 2327/2906/3210 2268/2905/3209
s 54
f 2272/2894/3223 2324/2893/3224 2323/2896/3200 2261/2895/3199
s 56
f 2269/2912/3216 2316/2911/3215 2315/2914/3218 2275/2913/3217
s 49
f 2293/2860/3164 2283/2919/3225 2282/2920/3226 2292/2861/3165
f 2294/2864/3168 2285/2921/3227 2283/2919/3225 2293/2860/3164
f 2295/2868/3172 2289/2922/3228 2285/2921/3227 2294/2864/3168
s 56
f 2270/2923/3229 2318/2924/3230 2317/2910/3214 2296/2909/3213
s 51
f 2297/2880/3184 2267/2925/3231 2270/2926/3232 2296/2884/3188
f 2298/2878/3182 2265/2927/3233 2267/2925/3231 2297/2880/3184
f 2299/2877/3181 2264/2928/3234 2265/2927/3233 2298/2878/3182
s 54
f 2322/2897/3201 2321/2929/3235 2264/2930/3236 2299/2898/3202
f 2292/2931/3237 2282/2932/3238 2300/2933/3239 2301/2934/3240
f 2302/2935/3241 2280/2936/3242 2292/2931/3237 2301/2934/3240
f 2303/2937/3243 2278/2938/3244 2280/2936/3242 2302/2935/3241
s 53
f 2335/2939/3245 2334/2940/3246 2278/2938/3247 2303/2937/3248
s 52
f 2305/2941/3249 2277/2942/3250 2276/2943/3251 2304/2944/3252
f 2306/2945/3253 2286/2946/3254 2277/2942/3250 2305/2941/3249
f 2307/2947/3255 2291/2948/3256 2286/2946/3254 2306/2945/3253
s 56
f 2308/2949/3257 2290/2950/3258 2331/2951/3259 2330/2952/3260
f 2309/2953/3261 2288/2954/3262 2290/2950/3258 2308/2949/3257
f 2310/2955/3263 2295/2956/3264 2288/2954/3262 2309/2953/3261
f 2311/2957/3265 2289/2958/3266 2295/2956/3264 2310/2955/3263
s 55
f 2312/2959/3267 2285/2960/3268 2289/2961/3269 2311/2962/3270
f 2313/2963/3271 2283/2964/3272 2285/2960/3268 2312/2959/3267
f 2300/2965/3273 2282/2966/3274 2283/2964/3272 2313/2963/3271
s 56
f 2315/2914/3218 2308/2949/3257 2330/2952/3260 2329/2915/3219
f 2316/2911/3215 2309/2953/3261 2308/2949/3257 2315/2914/3218
f 2317/2910/3214 2310/2955/3263 2309/2953/3261 2316/2911/3215
f 2318/2924/3230 2311/2957/3265 2310/2955/3263 2317/2910/3214
s 55
f 2319/2903/3207 2312/2959/3267 2311/2962/3270 2318/2907/3211
f 2320/2901/3205 2313/2963/3271 2312/2959/3267 2319/2903/3207
f 2321/2900/3204 2300/2965/3273 2313/2963/3271 2320/2901/3205
s 54
f 2301/2934/3240 2300/2933/3239 2321/2929/3235 2322/2897/3201
f 2323/2896/3200 2302/2935/3241 2301/2934/3240 2322/2897/3201
f 2324/2893/3224 2303/2937/3243 2302/2935/3241 2323/2896/3200
s 53
f 2336/2892/3196 2335/2939/3245 2303/2937/3248 2324/2893/3197
s 52
f 2326/2888/3192 2305/2941/3249 2304/2944/3252 2325/2889/3193
f 2327/2906/3210 2306/2945/3253 2305/2941/3249 2326/2888/3192
f 2314/2918/3222 2307/2947/3255 2306/2945/3253 2327/2906/3210
s 56
f 2328/2916/3220 2329/2915/3219 2314/2967/3275 2271/2968/3276
f 2330/2952/3260 2307/2969/3277 2314/2967/3275 2329/2915/3219
f 2331/2951/3259 2291/2970/3278 2307/2969/3277 2330/2952/3260
s 49
f 2332/2865/3169 2286/2971/3279 2291/2972/3280 2331/2870/3174
f 2286/2971/3279 2332/2865/3169 2333/2855/3159 2277/2973/3281
f 2277/2973/3281 2333/2855/3159 2334/2858/3162 2276/2974/3282
s 53
f 2304/2975/3283 2276/2976/3284 2334/2940/3246 2335/2939/3245
f 2325/2977/3285 2304/2975/3283 2335/2939/3245 2336/2892/3196
f 2263/2978/3286 2325/2977/3285 2336/2892/3196 2337/2891/3195
s 51
f 2262/2979/3287 2263/2980/3288 2337/2872/3176 2338/2871/3175
f 2268/2981/3289 2262/2979/3287 2338/2871/3175 2339/2881/3185
f 2328/2886/3190 2271/2982/3290 2268/2981/3289 2339/2881/3185
s 61
f 2425/2983/3291 2424/2984/3292 2376/2985/3293 2356/2986/3294
f 2422/2987/3295 2421/2988/3296 2385/2989/3297 2361/2990/3298
f 2364/2991/3299 2387/2992/3300 2386/2993/3301 2360/2994/3302
f 2366/2995/3303 2378/2996/3304 2377/2997/3305 2357/2998/3306
f 2368/2999/3307 2380/3000/3308 2387/2992/3300 2364/2991/3299
f 2370/3001/3309 2379/3002/3310 2378/2996/3304 2366/2995/3303
f 2371/3003/3311 2368/2999/3307 2364/2991/3299 2367/3004/3312
f 2367/3004/3312 2364/2991/3299 2360/2994/3302 2359/3005/3313
f 2423/3006/3314 2422/2987/3295 2361/2990/3298 2358/3007/3315
s 65
f 2428/3008/3316 2341/3009/3317 2375/3010/3318 2429/3011/3319
f 2431/3012/3320 2355/3013/3321 2384/3014/3322 2432/3015/3323
f 2353/3016/3324 2354/3017/3325 2383/3018/3326 2382/3019/3327
f 2348/3020/3328 2340/3021/3329 2374/3022/3330 2373/3023/3331
f 2352/3024/3332 2353/3016/3324 2382/3019/3327 2381/3025/3333
f 2351/3026/3334 2348/3020/3328 2373/3023/3331 2372/3027/3335
f 2349/3028/3336 2346/3029/3337 2353/3016/3324 2352/3024/3332
f 2346/3029/3337 2343/3030/3338 2354/3017/3325 2353/3016/3324
f 2430/3031/3339 2342/3032/3340 2355/3013/3321 2431/3012/3320
s 68
f 2428/3033/3341 2427/3034/3342 2412/3035/3343 2341/3036/3344
s 69
f 2341/3037/3345 2412/3038/3346 2411/3039/3347 2375/3040/3348
f 2355/3041/3349 2409/3042/3350 2408/3043/3351 2384/3044/3352
s 71
f 2344/3045/3353 2407/3046/3354 2434/3047/3355 2433/3048/3356
f 2345/3049/3357 2406/3050/3358 2405/3051/3359 2347/3052/3360
s 68
f 2348/3053/3361 2414/3054/3362 2413/3055/3363 2340/3056/3364
s 71
f 2347/3052/3360 2405/3051/3359 2404/3057/3365 2350/3058/3366
s 73
f 2381/3059/3367 2419/3060/3368 2418/3061/3369 2352/3062/3370
s 68
f 2351/3063/3371 2415/3064/3372 2414/3054/3362 2348/3053/3361
s 73
f 2416/3065/3373 2415/3064/3374 2351/3063/3375 2372/3066/3376
f 2352/3062/3370 2418/3061/3369 2417/3067/3377 2349/3068/3378
s 69
f 2342/3069/3379 2410/3070/3380 2409/3042/3350 2355/3041/3349
s 65
f 2372/3027/3335 2373/3023/3331 2346/3029/3337 2349/3028/3336
f 2374/3022/3330 2343/3030/3338 2346/3029/3337 2373/3023/3331
f 2375/3010/3318 2342/3032/3340 2430/3031/3339 2429/3011/3319
s 69
f 2411/3071/3347 2410/3070/3380 2342/3069/3379 2375/3072/3348
s 61
f 2424/2984/3292 2423/3006/3314 2358/3007/3315 2376/2985/3293
f 2378/2996/3304 2367/3004/3312 2359/3005/3313 2377/2997/3305
f 2379/3002/3310 2371/3003/3311 2367/3004/3312 2378/2996/3304
s 73
f 2349/3073/3378 2417/3074/3377 2416/3075/3373 2372/3076/3376
f 2350/3077/3381 2404/3078/3382 2419/3060/3368 2381/3059/3367
s 65
f 2382/3019/3327 2347/3079/3383 2350/3080/3384 2381/3025/3333
f 2383/3018/3326 2345/3081/3385 2347/3079/3383 2382/3019/3327
f 2384/3014/3322 2344/3082/3386 2433/3083/3387 2432/3015/3323
s 69
f 2408/3043/3351 2407/3046/3388 2344/3045/3389 2384/3044/3352
s 61
f 2421/2988/3296 2420/3084/3390 2362/3085/3391 2385/2989/3297
f 2387/2992/3300 2365/3086/3392 2363/3087/3393 2386/2993/3301
f 2380/3000/3308 2369/3088/3394 2365/3086/3392 2387/2992/3300
s 71
f 2389/3089/3395 2365/3090/3396 2369/3091/3397 2388/3092/3398
f 2390/3093/3399 2363/3094/3400 2365/3090/3396 2389/3089/3395
f 2391/3095/3401 2362/3096/3402 2420/3097/3403 2435/3098/3404
s 69
f 2385/3099/3405 2362/3096/3406 2391/3095/3407 2392/3100/3408
f 2393/3101/3409 2361/3102/3410 2385/3099/3405 2392/3100/3408
f 2394/3103/3411 2358/3104/3412 2361/3102/3410 2393/3101/3409
f 2376/3105/3413 2358/3104/3412 2394/3103/3411 2395/3106/3414
f 2396/3107/3415 2356/3108/3416 2376/3105/3413 2395/3106/3414
s 68
f 2426/3109/3417 2425/3110/3418 2356/3111/3419 2396/3112/3420
f 2398/3113/3421 2366/3114/3422 2357/3115/3423 2397/3116/3424
f 2399/3117/3425 2370/3118/3426 2366/3114/3422 2398/3113/3421
s 73
f 2379/3119/3427 2370/3120/3428 2399/3121/3429 2400/3122/3430
f 2401/3123/3431 2371/3124/3432 2379/3125/3427 2400/3126/3430
f 2402/3127/3433 2368/3128/3434 2371/3124/3432 2401/3123/3431
f 2403/3129/3435 2380/3130/3436 2368/3128/3434 2402/3127/3433
f 2388/3131/3437 2369/3132/3438 2380/3130/3436 2403/3129/3435
s 71
f 2405/3051/3359 2389/3089/3395 2388/3092/3398 2404/3057/3365
f 2406/3050/3358 2390/3093/3399 2389/3089/3395 2405/3051/3359
f 2407/3046/3354 2391/3095/3401 2435/3098/3404 2434/3047/3355
s 69
f 2392/3100/3408 2391/3095/3407 2407/3046/3388 2408/3043/3351
f 2409/3042/3350 2393/3101/3409 2392/3100/3408 2408/3043/3351
f 2410/3070/3380 2394/3103/3411 2393/3101/3409 2409/3042/3350
f 2395/3106/3414 2394/3103/3411 2410/3070/3380 2411/3071/3347
f 2412/3133/3346 2396/3107/3415 2395/3106/3414 2411/3071/3347
s 68
f 2427/3034/3342 2426/3109/3417 2396/3112/3420 2412/3035/3343
f 2414/3054/3362 2398/3113/3421 2397/3116/3424 2413/3055/3363
f 2415/3064/3372 2399/3117/3425 2398/3113/3421 2414/3054/3362
s 73
f 2400/3126/3430 2399/3117/3429 2415/3064/3374 2416/3065/3373
f 2417/3067/3377 2401/3123/3431 2400/3126/3430 2416/3065/3373
f 2418/3061/3369 2402/3127/3433 2401/3123/3431 2417/3067/3377
f 2419/3060/3368 2403/3129/3435 2402/3127/3433 2418/3061/3369
f 2404/3078/3382 2388/3131/3437 2403/3129/3435 2419/3060/3368
s 61
f 2386/2993/3301 2363/3087/3393 2420/3084/3390 2421/2988/3296
f 2360/2994/3302 2386/2993/3301 2421/2988/3296 2422/2987/3295
f 2359/3005/3313 2360/2994/3302 2422/2987/3295 2423/3006/3314
f 2377/2997/3305 2359/3005/3313 2423/3006/3314 2424/2984/3292
f 2357/2998/3306 2377/2997/3305 2424/2984/3292 2425/2983/3291
s 68
f 2397/3116/3424 2357/3115/3423 2425/3110/3418 2426/3109/3417
f 2413/3134/3363 2397/3135/3424 2426/3136/3417 2427/3137/3342
f 2340/3138/3364 2413/3134/3363 2427/3137/3342 2428/3139/3341
s 65
f 2340/3021/3329 2428/3008/3316 2429/3011/3319 2374/3022/3330
f 2430/3031/3339 2343/3030/3338 2374/3022/3330 2429/3011/3319
f 2343/3030/3338 2430/3031/3339 2431/3012/3320 2354/3017/3325
f 2354/3017/3325 2431/3012/3320 2432/3015/3323 2383/3018/3326
f 2433/3083/3387 2345/3081/3385 2383/3018/3326 2432/3015/3323
s 71
f 2434/3047/3355 2406/3050/3358 2345/3049/3357 2433/3048/3356
f 2435/3098/3404 2390/3093/3399 2406/3050/3358 2434/3047/3355
f 2420/3097/3403 2363/3094/3400 2390/3093/3399 2435/3098/3404
s 78
f 2475/3140/3439 2476/3141/3440 2436/3142/3441 2459/3143/3442
f 2436/3142/3441 2476/3141/3440 2477/3144/3443 2438/3145/3444
f 2438/3145/3444 2477/3144/3443 2478/3146/3445 2440/3147/3446
f 2440/3147/3446 2478/3146/3445 2479/3148/3447 2442/3149/3448
f 2442/3149/3448 2479/3148/3447 2480/3150/3449 2444/3151/3450
s 79
f 2541/3152/3451 2542/3153/3452 2481/3154/3453 2446/3155/3454
s 80
f 2446/3156/3455 2481/3157/3456 2482/3158/3457 2448/3159/3458
f 2448/3159/3458 2482/3158/3457 2483/3160/3459 2450/3161/3460
f 2450/3161/3460 2483/3160/3459 2484/3162/3461 2452/3163/3462
f 2452/3163/3462 2484/3162/3461 2485/3164/3463 2454/3165/3464
s 81
f 2468/3166/3465 2489/3167/3466 2532/3168/3467 2533/3169/3468
s 82
f 2548/3170/3469 2455/3171/3470 2453/3172/3471 2547/3173/3472
f 2547/3173/3472 2453/3172/3471 2451/3174/3473 2546/3175/3474
f 2546/3175/3474 2451/3174/3473 2449/3176/3475 2545/3177/3476
f 2545/3177/3476 2449/3176/3475 2447/3178/3477 2544/3179/3478
s 83
f 2536/3180/3479 2537/3181/3480 2454/3182/3481 2456/3183/3482
f 2454/3182/3481 2537/3181/3480 2538/3184/3483 2452/3185/3484
f 2452/3185/3484 2538/3184/3483 2539/3186/3485 2450/3187/3486
f 2450/3187/3486 2539/3186/3485 2540/3188/3487 2448/3189/3488
f 2448/3189/3488 2540/3188/3487 2541/3190/3489 2446/3191/3490
s 80
f 2485/3164/3463 2486/3192/3491 2456/3193/3492 2454/3165/3464
s 82
f 2548/3170/3469 2549/3194/3493 2457/3195/3494 2455/3171/3470
s 80
f 2456/3193/3492 2486/3192/3491 2487/3196/3495 2460/3197/3496
s 84
f 2457/3195/3497 2549/3194/3498 2550/3198/3499 2461/3199/3500
s 78
f 2475/3140/3439 2459/3143/3442 2463/3200/3501 2474/3201/3502
s 85
f 2536/3180/3503 2456/3183/3504 2460/3202/3505 2535/3203/3506
s 80
f 2460/3197/3496 2487/3196/3495 2488/3204/3507 2464/3205/3508
s 84
f 2461/3199/3500 2550/3198/3499 2551/3206/3509 2465/3207/3510
s 78
f 2474/3201/3502 2463/3200/3501 2467/3208/3511 2473/3209/3512
s 85
f 2535/3203/3506 2460/3202/3505 2464/3210/3513 2534/3211/3514
s 80
f 2464/3205/3508 2488/3204/3507 2489/3212/3515 2468/3213/3516
s 84
f 2465/3207/3510 2551/3206/3509 2530/3214/3517 2469/3215/3518
s 78
f 2473/3209/3512 2467/3208/3511 2471/3216/3519 2472/3217/3520
s 85
f 2534/3211/3514 2464/3210/3513 2468/3218/3521 2533/3219/3522
s 78
f 2491/3220/3523 2473/3209/3512 2472/3217/3520 2490/3221/3524
f 2492/3222/3525 2474/3201/3502 2473/3209/3512 2491/3220/3523
f 2493/3223/3526 2475/3140/3439 2474/3201/3502 2492/3222/3525
f 2493/3223/3526 2494/3224/3527 2476/3141/3440 2475/3140/3439
f 2477/3144/3443 2476/3141/3440 2494/3224/3527 2495/3225/3528
f 2478/3146/3445 2477/3144/3443 2495/3225/3528 2496/3226/3529
f 2479/3148/3447 2478/3146/3445 2496/3226/3529 2497/3227/3530
f 2480/3150/3449 2479/3148/3447 2497/3227/3530 2498/3228/3531
s 79
f 2481/3154/3453 2542/3153/3452 2543/3229/3532 2499/3230/3533
s 80
f 2482/3158/3457 2481/3157/3456 2499/3231/3534 2500/3232/3535
f 2483/3160/3459 2482/3158/3457 2500/3232/3535 2501/3233/3536
f 2484/3162/3461 2483/3160/3459 2501/3233/3536 2502/3234/3537
f 2485/3164/3463 2484/3162/3461 2502/3234/3537 2503/3235/3538
f 2503/3235/3538 2504/3236/3539 2486/3192/3491 2485/3164/3463
f 2487/3196/3495 2486/3192/3491 2504/3236/3539 2505/3237/3540
f 2488/3204/3507 2487/3196/3495 2505/3237/3540 2506/3238/3541
f 2489/3212/3515 2488/3204/3507 2506/3238/3541 2507/3239/3542
s 81
f 2532/3168/3467 2489/3167/3466 2507/3240/3543 2531/3241/3544
s 78
f 2466/3242/3545 2491/3220/3523 2490/3221/3524 2470/3243/3546
f 2462/3244/3547 2492/3222/3525 2491/3220/3523 2466/3242/3545
f 2458/3245/3548 2493/3223/3526 2492/3222/3525 2462/3244/3547
f 2437/3246/3549 2494/3224/3527 2493/3223/3526 2458/3245/3548
f 2495/3225/3528 2494/3224/3527 2437/3246/3549 2439/3247/3550
f 2496/3226/3529 2495/3225/3528 2439/3247/3550 2441/3248/3551
f 2497/3227/3530 2496/3226/3529 2441/3248/3551 2443/3249/3552
f 2498/3228/3531 2497/3227/3530 2443/3249/3552 2445/3250/3553
s 79
f 2499/3230/3533 2543/3229/3532 2544/3251/3554 2447/3252/3555
s 80
f 2500/3232/3535 2499/3231/3534 2447/3253/3556 2449/3254/3557
f 2501/3233/3536 2500/3232/3535 2449/3254/3557 2451/3255/3558
f 2502/3234/3537 2501/3233/3536 2451/3255/3558 2453/3256/3559
f 2503/3235/3538 2502/3234/3537 2453/3256/3559 2455/3257/3560
f 2455/3257/3560 2457/3258/3561 2504/3236/3539 2503/3235/3538
f 2505/3237/3540 2504/3236/3539 2457/3258/3561 2461/3259/3562
f 2506/3238/3541 2505/3237/3540 2461/3259/3562 2465/3260/3563
f 2507/3239/3542 2506/3238/3541 2465/3260/3563 2469/3261/3564
s 81
f 2531/3262/3544 2507/3263/3543 2469/3215/3565 2530/3214/3566
f 2490/3264/3567 2509/3265/3568 2508/3266/3569 2470/3267/3570
f 2472/3268/3571 2510/3269/3572 2509/3270/3568 2490/3271/3567
f 2511/3272/3573 2510/3269/3572 2472/3268/3571 2471/3273/3574
s 85
f 2467/3274/3575 2512/3275/3576 2511/3276/3577 2471/3277/3578
f 2463/3278/3579 2513/3279/3580 2512/3275/3576 2467/3274/3575
f 2459/3280/3581 2514/3281/3582 2513/3279/3580 2463/3278/3579
s 83
f 2459/3280/3583 2436/3282/3584 2515/3283/3585 2514/3281/3586
f 2516/3284/3587 2515/3283/3585 2436/3282/3584 2438/3285/3588
f 2517/3286/3589 2516/3284/3587 2438/3285/3588 2440/3287/3590
f 2518/3288/3591 2517/3286/3589 2440/3287/3590 2442/3289/3592
f 2519/3290/3593 2518/3288/3591 2442/3289/3592 2444/3291/3594
s 79
f 2444/3292/3595 2480/3293/3596 2520/3294/3597 2519/3295/3598
f 2521/3296/3599 2520/3294/3597 2480/3293/3596 2498/3297/3600
f 2522/3298/3601 2521/3296/3599 2498/3297/3600 2445/3299/3602
s 82
f 2443/3300/3603 2523/3301/3604 2522/3302/3605 2445/3303/3606
f 2441/3304/3607 2524/3305/3608 2523/3301/3604 2443/3300/3603
f 2439/3306/3609 2525/3307/3610 2524/3305/3608 2441/3304/3607
f 2437/3308/3611 2526/3309/3612 2525/3307/3610 2439/3306/3609
f 2437/3308/3611 2458/3310/3613 2527/3311/3614 2526/3309/3612
s 84
f 2528/3312/3615 2527/3311/3616 2458/3310/3617 2462/3313/3618
f 2529/3314/3619 2528/3312/3615 2462/3313/3618 2466/3315/3620
f 2508/3266/3621 2529/3314/3619 2466/3315/3620 2470/3267/3622
s 81
f 2509/3265/3568 2531/3262/3544 2530/3214/3566 2508/3266/3569
f 2510/3269/3572 2532/3168/3467 2531/3241/3544 2509/3270/3568
f 2533/3169/3468 2532/3168/3467 2510/3269/3572 2511/3272/3573
s 85
f 2512/3275/3576 2534/3211/3514 2533/3219/3522 2511/3276/3577
f 2513/3279/3580 2535/3203/3506 2534/3211/3514 2512/3275/3576
f 2514/3281/3582 2536/3180/3503 2535/3203/3506 2513/3279/3580
s 83
f 2514/3281/3586 2515/3283/3585 2537/3181/3480 2536/3180/3479
f 2538/3184/3483 2537/3181/3480 2515/3283/3585 2516/3284/3587
f 2539/3186/3485 2538/3184/3483 2516/3284/3587 2517/3286/3589
f 2540/3188/3487 2539/3186/3485 2517/3286/3589 2518/3288/3591
f 2541/3190/3489 2540/3188/3487 2518/3288/3591 2519/3290/3593
s 79
f 2519/3295/3598 2520/3294/3597 2542/3153/3452 2541/3152/3451
f 2543/3229/3532 2542/3153/3452 2520/3294/3597 2521/3296/3599
f 2544/3251/3554 2543/3229/3532 2521/3296/3599 2522/3298/3601
s 82
f 2523/3301/3604 2545/3177/3476 2544/3179/3478 2522/3302/3605
f 2524/3305/3608 2546/3175/3474 2545/3177/3476 2523/3301/3604
f 2525/3307/3610 2547/3173/3472 2546/3175/3474 2524/3305/3608
f 2526/3309/3612 2548/3170/3469 2547/3173/3472 2525/3307/3610
f 2526/3309/3612 2527/3311/3614 2549/3194/3493 2548/3170/3469
s 84
f 2550/3198/3499 2549/3194/3498 2527/3311/3616 2528/3312/3615
f 2551/3206/3509 2550/3198/3499 2528/3312/3615 2529/3314/3619
f 2530/3214/3517 2551/3206/3509 2529/3314/3619 2508/3266/3621
s 91
f 2591/3316/3623 2575/3317/3624 2552/3318/3625 2592/3319/3626
f 2552/3318/3625 2554/3320/3627 2593/3321/3628 2592/3319/3626
f 2554/3320/3627 2556/3322/3629 2594/3323/3630 2593/3321/3628
f 2556/3322/3629 2558/3324/3631 2595/3325/3632 2594/3323/3630
f 2558/3324/3631 2560/3326/3633 2596/3327/3634 2595/3325/3632
s 92
f 2657/3328/3635 2562/3329/3636 2597/3330/3637 2658/3331/3638
s 93
f 2562/3332/3639 2564/3333/3640 2598/3334/3641 2597/3335/3642
f 2564/3333/3640 2566/3336/3643 2599/3337/3644 2598/3334/3641
f 2566/3336/3643 2568/3338/3645 2600/3339/3646 2599/3337/3644
f 2568/3338/3645 2570/3340/3647 2601/3341/3648 2600/3339/3646
s 94
f 2584/3342/3649 2649/3343/3650 2648/3344/3651 2605/3345/3652
s 95
f 2664/3346/3653 2663/3347/3654 2569/3348/3655 2571/3349/3656
f 2663/3347/3654 2662/3350/3657 2567/3351/3658 2569/3348/3655
f 2662/3350/3657 2661/3352/3659 2565/3353/3660 2567/3351/3658
f 2661/3352/3659 2660/3354/3661 2563/3355/3662 2565/3353/3660
s 96
f 2652/3356/3663 2572/3357/3664 2570/3358/3665 2653/3359/3666
f 2570/3358/3665 2568/3360/3667 2654/3361/3668 2653/3359/3666
f 2568/3360/3667 2566/3362/3669 2655/3363/3670 2654/3361/3668
f 2566/3362/3669 2564/3364/3671 2656/3365/3672 2655/3363/3670
f 2564/3364/3671 2562/3366/3673 2657/3367/3674 2656/3365/3672
s 93
f 2601/3341/3648 2570/3340/3647 2572/3368/3675 2602/3369/3676
s 95
f 2664/3346/3653 2571/3349/3656 2573/3370/3677 2665/3371/3678
s 93
f 2572/3368/3675 2576/3372/3679 2603/3373/3680 2602/3369/3676
s 97
f 2573/3370/3681 2577/3374/3682 2666/3375/3683 2665/3371/3684
s 91
f 2591/3316/3623 2590/3376/3685 2579/3377/3686 2575/3317/3624
s 98
f 2652/3356/3687 2651/3378/3688 2576/3379/3689 2572/3357/3690
s 93
f 2576/3372/3679 2580/3380/3691 2604/3381/3692 2603/3373/3680
s 97
f 2577/3374/3682 2581/3382/3693 2667/3383/3694 2666/3375/3683
s 91
f 2590/3376/3685 2589/3384/3695 2583/3385/3696 2579/3377/3686
s 98
f 2651/3378/3688 2650/3386/3697 2580/3387/3698 2576/3379/3689
s 93
f 2580/3380/3691 2584/3388/3699 2605/3389/3700 2604/3381/3692
s 97
f 2581/3382/3693 2585/3390/3701 2646/3391/3702 2667/3383/3694
s 91
f 2589/3384/3695 2588/3392/3703 2587/3393/3704 2583/3385/3696
s 98
f 2650/3386/3697 2649/3394/3705 2584/3395/3706 2580/3387/3698
s 91
f 2607/3396/3707 2606/3397/3708 2588/3392/3703 2589/3384/3695
f 2608/3398/3709 2607/3396/3707 2589/3384/3695 2590/3376/3685
f 2609/3399/3710 2608/3398/3709 2590/3376/3685 2591/3316/3623
f 2609/3399/3710 2591/3316/3623 2592/3319/3626 2610/3400/3711
f 2593/3321/3628 2611/3401/3712 2610/3400/3711 2592/3319/3626
f 2594/3323/3630 2612/3402/3713 2611/3401/3712 2593/3321/3628
f 2595/3325/3632 2613/3403/3714 2612/3402/3713 2594/3323/3630
f 2596/3327/3634 2614/3404/3715 2613/3403/3714 2595/3325/3632
s 92
f 2597/3330/3637 2615/3405/3716 2659/3406/3717 2658/3331/3638
s 93
f 2598/3334/3641 2616/3407/3718 2615/3408/3719 2597/3335/3642
f 2599/3337/3644 2617/3409/3720 2616/3407/3718 2598/3334/3641
f 2600/3339/3646 2618/3410/3721 2617/3409/3720 2599/3337/3644
f 2601/3341/3648 2619/3411/3722 2618/3410/3721 2600/3339/3646
f 2619/3411/3722 2601/3341/3648 2602/3369/3676 2620/3412/3723
f 2603/3373/3680 2621/3413/3724 2620/3412/3723 2602/3369/3676
f 2604/3381/3692 2622/3414/3725 2621/3413/3724 2603/3373/3680
f 2605/3389/3700 2623/3415/3726 2622/3414/3725 2604/3381/3692
s 94
f 2648/3344/3651 2647/3416/3727 2623/3417/3728 2605/3345/3652
s 91
f 2582/3418/3729 2586/3419/3730 2606/3397/3708 2607/3396/3707
f 2578/3420/3731 2582/3418/3729 2607/3396/3707 2608/3398/3709
f 2574/3421/3732 2578/3420/3731 2608/3398/3709 2609/3399/3710
f 2553/3422/3733 2574/3421/3732 2609/3399/3710 2610/3400/3711
f 2611/3401/3712 2555/3423/3734 2553/3422/3733 2610/3400/3711
f 2612/3402/3713 2557/3424/3735 2555/3423/3734 2611/3401/3712
f 2613/3403/3714 2559/3425/3736 2557/3424/3735 2612/3402/3713
f 2614/3404/3715 2561/3426/3737 2559/3425/3736 2613/3403/3714
s 92
f 2615/3405/3716 2563/3427/3738 2660/3428/3739 2659/3406/3717
s 93
f 2616/3407/3718 2565/3429/3740 2563/3430/3741 2615/3408/3719
f 2617/3409/3720 2567/3431/3742 2565/3429/3740 2616/3407/3718
f 2618/3410/3721 2569/3432/3743 2567/3431/3742 2617/3409/3720
f 2619/3411/3722 2571/3433/3744 2569/3432/3743 2618/3410/3721
f 2571/3433/3744 2619/3411/3722 2620/3412/3723 2573/3434/3745
f 2621/3413/3724 2577/3435/3746 2573/3434/3745 2620/3412/3723
f 2622/3414/3725 2581/3436/3747 2577/3435/3746 2621/3413/3724
f 2623/3415/3726 2585/3437/3748 2581/3436/3747 2622/3414/3725
s 94
f 2647/3438/3727 2646/3391/3749 2585/3390/3750 2623/3439/3728
f 2606/3440/3751 2586/3441/3752 2624/3442/3753 2625/3443/3754
f 2588/3444/3755 2606/3445/3751 2625/3446/3754 2626/3447/3756
f 2627/3448/3757 2587/3449/3758 2588/3444/3755 2626/3447/3756
s 98
f 2583/3450/3759 2587/3451/3760 2627/3452/3761 2628/3453/3762
f 2579/3454/3763 2583/3450/3759 2628/3453/3762 2629/3455/3764
f 2575/3456/3765 2579/3454/3763 2629/3455/3764 2630/3457/3766
s 96
f 2575/3456/3767 2630/3457/3768 2631/3458/3769 2552/3459/3770
f 2632/3460/3771 2554/3461/3772 2552/3459/3770 2631/3458/3769
f 2633/3462/3773 2556/3463/3774 2554/3461/3772 2632/3460/3771
f 2634/3464/3775 2558/3465/3776 2556/3463/3774 2633/3462/3773
f 2635/3466/3777 2560/3467/3778 2558/3465/3776 2634/3464/3775
s 92
f 2560/3468/3779 2635/3469/3780 2636/3470/3781 2596/3471/3782
f 2637/3472/3783 2614/3473/3784 2596/3471/3782 2636/3470/3781
f 2638/3474/3785 2561/3475/3786 2614/3473/3784 2637/3472/3783
s 95
f 2559/3476/3787 2561/3477/3788 2638/3478/3789 2639/3479/3790
f 2557/3480/3791 2559/3476/3787 2639/3479/3790 2640/3481/3792
f 2555/3482/3793 2557/3480/3791 2640/3481/3792 2641/3483/3794
f 2553/3484/3795 2555/3482/3793 2641/3483/3794 2642/3485/3796
f 2553/3484/3795 2642/3485/3796 2643/3486/3797 2574/3487/3798
s 97
f 2644/3488/3799 2578/3489/3800 2574/3487/3801 2643/3486/3802
f 2645/3490/3803 2582/3491/3804 2578/3489/3800 2644/3488/3799
f 2624/3442/3805 2586/3441/3806 2582/3491/3804 2645/3490/3803
s 94
f 2625/3443/3754 2624/3442/3753 2646/3391/3749 2647/3438/3727
f 2626/3447/3756 2625/3446/3754 2647/3416/3727 2648/3344/3651
f 2649/3343/3650 2627/3448/3757 2626/3447/3756 2648/3344/3651
s 98
f 2628/3453/3762 2627/3452/3761 2649/3394/3705 2650/3386/3697
f 2629/3455/3764 2628/3453/3762 2650/3386/3697 2651/3378/3688
f 2630/3457/3766 2629/3455/3764 2651/3378/3688 2652/3356/3687
s 96
f 2630/3457/3768 2652/3356/3663 2653/3359/3666 2631/3458/3769
f 2654/3361/3668 2632/3460/3771 2631/3458/3769 2653/3359/3666
f 2655/3363/3670 2633/3462/3773 2632/3460/3771 2654/3361/3668
f 2656/3365/3672 2634/3464/3775 2633/3462/3773 2655/3363/3670
f 2657/3367/3674 2635/3466/3777 2634/3464/3775 2656/3365/3672
s 92
f 2635/3469/3780 2657/3328/3635 2658/3331/3638 2636/3470/3781
f 2659/3406/3717 2637/3472/3783 2636/3470/3781 2658/3331/3638
f 2660/3428/3739 2638/3474/3785 2637/3472/3783 2659/3406/3717
s 95
f 2639/3479/3790 2638/3478/3789 2660/3354/3661 2661/3352/3659
f 2640/3481/3792 2639/3479/3790 2661/3352/3659 2662/3350/3657
f 2641/3483/3794 2640/3481/3792 2662/3350/3657 2663/3347/3654
f 2642/3485/3796 2641/3483/3794 2663/3347/3654 2664/3346/3653
f 2642/3485/3796 2664/3346/3653 2665/3371/3678 2643/3486/3797
s 97
f 2666/3375/3683 2644/3488/3799 2643/3486/3802 2665/3371/3684
f 2667/3383/3694 2645/3490/3803 2644/3488/3799 2666/3375/3683
f 2646/3391/3702 2624/3442/3805 2645/3490/3803 2667/3383/3694
g default
v 0.054955 0.558514 11.225005
v 0.054991 0.553573 11.223268
v 0.048064 0.533870 11.236263
v 0.045700 0.517807 11.257979
v 0.043200 0.505209 11.278035
v 0.041679 0.494078 11.298989
v 0.041696 0.477615 11.332171
v 0.041472 0.454961 11.353938
v 0.038456 0.419506 11.350872
v 0.034517 0.387130 11.342043
v 0.035581 0.362096 11.336711
v 0.056311 0.559116 11.229238
v 0.056402 0.555286 11.227165
v 0.049568 0.536664 11.239433
v 0.047314 0.521382 11.260154
v 0.044843 0.508862 11.280123
v 0.043314 0.497757 11.300963
v 0.043169 0.479938 11.335572
v 0.042827 0.455608 11.358162
v 0.039779 0.418078 11.354912
v 0.035839 0.385763 11.346104
v 0.036902 0.361083 11.340874
v 0.054246 0.559800 11.233161
v 0.054398 0.557081 11.230752
v 0.047655 0.539540 11.242293
v 0.045510 0.525040 11.262020
v 0.043066 0.512599 11.281902
v 0.041532 0.501519 11.302627
v 0.041229 0.482347 11.338667
v 0.040766 0.456339 11.362077
v 0.037683 0.416732 11.358640
v 0.033743 0.384482 11.349856
v 0.034806 0.360154 11.344727
v 0.049975 0.560167 11.234475
v 0.050153 0.557908 11.231927
v 0.043447 0.540816 11.243169
v 0.041346 0.526637 11.262483
v 0.038916 0.514230 11.282328
v 0.037378 0.503162 11.303007
v 0.037006 0.483426 11.339637
v 0.036497 0.456726 11.363389
v 0.033401 0.416259 11.359875
v 0.029459 0.384035 11.351099
v 0.030522 0.359852 11.346013
v 0.046000 0.560002 11.232412
v 0.046149 0.557284 11.230003
v 0.039407 0.539742 11.241546
v 0.037262 0.525241 11.261271
v 0.034819 0.512802 11.281155
v 0.033282 0.501722 11.301880
v 0.032979 0.482548 11.337917
v 0.032517 0.456543 11.361330
v 0.029434 0.416934 11.357891
v 0.025493 0.384686 11.349109
v 0.026556 0.360356 11.343979
v 0.044643 0.559401 11.228180
v 0.044738 0.555573 11.226108
v 0.037901 0.536949 11.238375
v 0.035646 0.521668 11.259097
v 0.033179 0.509149 11.279067
v 0.031648 0.498042 11.299904
v 0.031504 0.480223 11.334514
v 0.031160 0.455895 11.357106
v 0.028112 0.418363 11.353852
v 0.024171 0.386051 11.345047
v 0.025238 0.361369 11.339817
v 0.046705 0.558716 11.224258
v 0.046741 0.553777 11.222521
v 0.039815 0.534073 11.235516
v 0.037451 0.518010 11.257232
v 0.034953 0.505411 11.277287
v 0.033430 0.494281 11.298242
v 0.033446 0.477817 11.331423
v 0.033222 0.455163 11.353190
v 0.030206 0.419709 11.350124
v 0.026268 0.387332 11.341294
v 0.027331 0.362296 11.335961
v 0.050977 0.558350 11.222943
v 0.050989 0.552949 11.221346
v 0.044024 0.532798 11.234640
v 0.041614 0.516411 11.256770
v 0.039104 0.503778 11.276860
v 0.037586 0.492637 11.297861
v 0.037667 0.476738 11.330454
v 0.037492 0.454777 11.351878
v 0.034493 0.420181 11.348887
v 0.030552 0.387779 11.340051
v 0.031618 0.362596 11.334674
v 0.031619 0.362798 11.334709
v 0.035582 0.362295 11.336743
v 0.036902 0.361279 11.340905
v 0.034807 0.360349 11.344760
v 0.030524 0.360046 11.346044
v 0.026558 0.360550 11.344010
v 0.025238 0.361566 11.339848
v 0.027332 0.362496 11.335994
v 0.733813 0.541866 11.286575
v 0.733849 0.536927 11.284838
v 0.737361 0.516967 11.298780
v 0.734998 0.500904 11.320496
v 0.733235 0.488287 11.340618
v 0.730421 0.477188 11.361456
v 0.723638 0.460892 11.394021
v 0.718845 0.438349 11.415372
v 0.720632 0.402777 11.412742
v 0.724518 0.370209 11.404623
v 0.723213 0.345231 11.399075
v 0.731749 0.542551 11.290498
v 0.731844 0.538722 11.288425
v 0.735449 0.519843 11.301640
v 0.733194 0.504561 11.322360
v 0.731423 0.492025 11.342394
v 0.728639 0.480950 11.363119
v 0.721690 0.463299 11.397111
v 0.716783 0.439080 11.419288
v 0.718538 0.401431 11.416471
v 0.722422 0.368927 11.408375
v 0.721117 0.344303 11.402929
v 0.733105 0.543151 11.294730
v 0.733257 0.540434 11.292321
v 0.736953 0.522636 11.304810
v 0.734809 0.508135 11.324536
v 0.733030 0.495679 11.344479
v 0.730274 0.484630 11.365094
v 0.723160 0.465623 11.400514
v 0.718140 0.439728 11.423512
v 0.719860 0.400002 11.420511
v 0.723744 0.367561 11.412436
v 0.722438 0.343290 11.407092
v 0.737082 0.543317 11.296793
v 0.737257 0.541059 11.294245
v 0.740992 0.523709 11.306432
v 0.738894 0.509532 11.325747
v 0.737112 0.497108 11.345652
v 0.734366 0.486069 11.366221
v 0.727185 0.466501 11.402233
v 0.722117 0.439912 11.425572
v 0.723825 0.399326 11.422493
v 0.727707 0.366912 11.414428
v 0.726401 0.342788 11.409128
v 0.741353 0.542949 11.295478
v 0.741505 0.540231 11.293069
v 0.745202 0.522434 11.305558
v 0.743057 0.507933 11.325284
v 0.741278 0.495476 11.345227
v 0.738522 0.484427 11.365842
v 0.731408 0.465421 11.401263
v 0.726388 0.439526 11.424260
v 0.728109 0.399800 11.421259
v 0.731992 0.367359 11.413184
v 0.730687 0.343088 11.407840
v 0.743416 0.542264 11.291556
v 0.743510 0.538436 11.289483
v 0.747115 0.519557 11.302698
v 0.744861 0.504275 11.323419
v 0.743088 0.491739 11.343452
v 0.740303 0.480664 11.364177
v 0.733355 0.463012 11.398169
v 0.728449 0.438794 11.420346
v 0.730204 0.401145 11.417529
v 0.734088 0.368641 11.409433
v 0.732782 0.344017 11.403987
v 0.742061 0.541664 11.287323
v 0.742097 0.536724 11.285586
v 0.745609 0.516765 11.299528
v 0.743246 0.500702 11.321244
v 0.741483 0.488085 11.341366
v 0.738669 0.476986 11.362204
v 0.731886 0.460690 11.394770
v 0.727093 0.438147 11.416120
v 0.728882 0.402575 11.413490
v 0.732766 0.370006 11.405371
v 0.731461 0.345029 11.399823
v 0.738083 0.541499 11.285261
v 0.738095 0.536098 11.283662
v 0.741570 0.515692 11.297905
v 0.739161 0.499305 11.320034
v 0.737401 0.486655 11.340193
v 0.734574 0.475545 11.361076
v 0.727861 0.459811 11.393051
v 0.723114 0.437963 11.414061
v 0.724917 0.403250 11.411507
v 0.728801 0.370656 11.403379
v 0.727497 0.345532 11.397788
v 0.727500 0.345733 11.397822
v 0.723215 0.345431 11.399108
v 0.721119 0.344500 11.402961
v 0.722441 0.343485 11.407124
v 0.726404 0.342981 11.409159
v 0.730689 0.343283 11.407873
v 0.732784 0.344214 11.404019
v 0.731464 0.345229 11.399856
v 0.460315 0.361149 11.702068
v 0.460124 0.361584 11.704293
v 0.462476 0.505409 11.717239
v 0.462476 0.505409 11.717239
v 0.464505 0.568867 11.712025
v 0.464505 0.568867 11.712025
v 0.465179 0.619019 11.715838
v 0.465136 0.629167 11.692647
v 0.467639 0.629691 11.660065
v 0.464468 0.629393 11.621355
v 0.458759 0.360630 11.697896
v 0.458713 0.360831 11.698462
v 0.460909 0.504541 11.713113
v 0.460909 0.504541 11.713113
v 0.462934 0.567946 11.707916
v 0.462934 0.567946 11.707916
v 0.463590 0.616046 11.712883
v 0.463550 0.625017 11.692047
v 0.466013 0.625612 11.660971
v 0.461422 0.626765 11.617672
v 0.460629 0.359963 11.693874
v 0.460733 0.359904 11.692718
v 0.462764 0.503514 11.709146
v 0.462764 0.503514 11.709146
v 0.464787 0.566865 11.703967
v 0.464787 0.566865 11.703967
v 0.465426 0.613048 11.710101
v 0.465391 0.620956 11.691571
v 0.467813 0.621645 11.662038
v 0.462527 0.623004 11.613827
v 0.464829 0.359542 11.692363
v 0.464999 0.359348 11.690428
v 0.466957 0.502928 11.707661
v 0.466957 0.502928 11.707661
v 0.468981 0.566254 11.702491
v 0.468981 0.566254 11.702491
v 0.469615 0.611779 11.709122
v 0.469581 0.619363 11.691498
v 0.471985 0.620117 11.662638
v 0.467133 0.620310 11.612072
v 0.468899 0.359610 11.694243
v 0.469013 0.359488 11.692932
v 0.471032 0.503128 11.709528
v 0.471032 0.503128 11.709528
v 0.473054 0.566474 11.704352
v 0.473054 0.566474 11.704352
v 0.473700 0.612985 11.710522
v 0.473666 0.621172 11.691873
v 0.476083 0.621919 11.662424
v 0.472545 0.620264 11.613437
v 0.470453 0.360130 11.698417
v 0.470427 0.360241 11.698762
v 0.472599 0.503996 11.713653
v 0.472599 0.503996 11.713653
v 0.474626 0.567395 11.708461
v 0.474626 0.567395 11.708461
v 0.475292 0.615957 11.713478
v 0.475255 0.625322 11.692473
v 0.477711 0.625998 11.661518
v 0.475591 0.622893 11.617119
v 0.468583 0.360795 11.702438
v 0.468406 0.361167 11.704504
v 0.470743 0.505023 11.717619
v 0.470743 0.505023 11.717619
v 0.472773 0.568476 11.712410
v 0.472773 0.568476 11.712410
v 0.473454 0.618956 11.716260
v 0.473414 0.629382 11.692949
v 0.475911 0.629964 11.660452
v 0.474488 0.626655 11.620964
v 0.464383 0.361218 11.703951
v 0.464139 0.361723 11.706795
v 0.466550 0.505608 11.719105
v 0.466550 0.505608 11.719105
v 0.468581 0.569086 11.713885
v 0.468581 0.569086 11.713885
v 0.469265 0.620224 11.717238
v 0.469224 0.630975 11.693021
v 0.471739 0.631495 11.659850
v 0.469879 0.629348 11.622719
v 0.472658 0.620114 11.614473
v 0.475666 0.622781 11.618035
v 0.474545 0.626548 11.621750
v 0.469947 0.629210 11.623442
v 0.464572 0.629208 11.622121
v 0.461561 0.626542 11.618559
v 0.462685 0.622772 11.614843
v 0.467279 0.620111 11.613151
v 0.460756 0.361574 11.692910
v 0.465023 0.361018 11.690629
v 0.469039 0.361158 11.693124
v 0.470453 0.361913 11.698936
v 0.468432 0.362840 11.704657
v 0.464166 0.363397 11.706940
v 0.460150 0.363257 11.704444
v 0.458737 0.362502 11.698633
v 0.062270 0.477751 11.128240
v 0.054722 0.418056 11.170554
v 0.027692 0.325051 11.303494
v 0.044098 0.401258 11.519295
v 0.158580 0.513078 11.672817
v 0.327991 0.510195 11.702819
v 0.341917 0.512209 11.703865
v 0.063728 0.480063 11.131794
v 0.056077 0.421341 11.175517
v 0.029507 0.328999 11.304593
v 0.046080 0.404828 11.517446
v 0.159765 0.516115 11.669802
v 0.327887 0.513095 11.699418
v 0.341803 0.515019 11.700392
v 0.061769 0.482456 11.135038
v 0.054013 0.424711 11.180171
v 0.027898 0.333065 11.305594
v 0.044645 0.408673 11.515641
v 0.159252 0.520500 11.669200
v 0.328343 0.517528 11.698977
v 0.341644 0.519471 11.699930
v 0.057543 0.483532 11.136074
v 0.049742 0.426191 11.181788
v 0.023803 0.334860 11.305910
v 0.040631 0.410540 11.514935
v 0.157333 0.523664 11.671363
v 0.329099 0.520898 11.701756
v 0.341531 0.522956 11.702751
v 0.053522 0.482658 11.134292
v 0.045764 0.424915 11.179424
v 0.019619 0.333338 11.305355
v 0.036388 0.409337 11.515743
v 0.155138 0.523752 11.675023
v 0.329705 0.521230 11.706123
v 0.341532 0.523430 11.707198
v 0.052063 0.480348 11.130737
v 0.044410 0.421629 11.174460
v 0.017803 0.329388 11.304257
v 0.034401 0.405766 11.517592
v 0.153951 0.520714 11.678037
v 0.329813 0.518333 11.709525
v 0.341647 0.520621 11.710673
v 0.054021 0.477952 11.127491
v 0.046474 0.418260 11.169806
v 0.019414 0.325325 11.303257
v 0.035838 0.401921 11.519398
v 0.154466 0.516328 11.678639
v 0.329353 0.513899 11.709966
v 0.341807 0.516170 11.711134
v 0.058251 0.476877 11.126456
v 0.050746 0.416780 11.168189
v 0.023513 0.323527 11.302941
v 0.039853 0.400053 11.520102
v 0.156382 0.513165 11.676478
v 0.328599 0.510529 11.707188
v 0.341918 0.512686 11.708315
v 0.727187 0.461446 11.188545
v 0.724094 0.401641 11.231264
v 0.737076 0.301630 11.372371
v 0.675211 0.385782 11.576534
v 0.545186 0.503596 11.707880
v 0.392236 0.508620 11.708645
v 0.379701 0.512107 11.708405
v 0.725228 0.463838 11.191788
v 0.722029 0.405011 11.235917
v 0.735285 0.305667 11.373142
v 0.673766 0.389436 11.574375
v 0.544706 0.506674 11.704713
v 0.393091 0.511495 11.705331
v 0.380483 0.514858 11.704965
v 0.726687 0.466149 11.195343
v 0.723383 0.408296 11.240880
v 0.736886 0.309651 11.374433
v 0.675688 0.393199 11.572873
v 0.545535 0.511026 11.704233
v 0.392935 0.515943 11.704835
v 0.381141 0.519257 11.704535
v 0.730708 0.467023 11.197127
v 0.727362 0.409574 11.243246
v 0.740943 0.311248 11.375488
v 0.679849 0.394864 11.572909
v 0.547183 0.514105 11.706722
v 0.391858 0.519358 11.707447
v 0.381288 0.522723 11.707362
v 0.734935 0.465948 11.196093
v 0.731633 0.408094 11.241627
v 0.745075 0.309522 11.375688
v 0.683815 0.393459 11.574462
v 0.548684 0.514101 11.710717
v 0.390491 0.519741 11.711637
v 0.380838 0.523230 11.711796
v 0.736893 0.463553 11.192848
v 0.733698 0.404724 11.236973
v 0.746866 0.305484 11.374917
v 0.685260 0.389805 11.576622
v 0.549163 0.511022 11.713880
v 0.389636 0.516866 11.714950
v 0.380056 0.520477 11.715235
v 0.735438 0.461243 11.189293
v 0.732342 0.401439 11.232010
v 0.745264 0.301501 11.373627
v 0.683339 0.386042 11.578123
v 0.548336 0.506671 11.714362
v 0.389792 0.512417 11.715447
v 0.379399 0.516078 11.715666
v 0.731417 0.460369 11.187509
v 0.728366 0.400162 11.229645
v 0.741209 0.299902 11.372572
v 0.679176 0.384375 11.578087
v 0.546688 0.503593 11.711875
v 0.390870 0.509002 11.712836
v 0.379254 0.512611 11.712836
v 0.061616 0.620826 11.313984
v 0.061689 0.618817 11.312623
v 0.058121 0.584928 11.342839
v 0.056646 0.561914 11.385747
v 0.060375 0.531825 11.496385
v 0.046093 0.415619 11.429663
v 0.045314 0.376237 11.427609
v 0.067021 0.330935 11.449279
v 0.127362 0.370897 11.590962
v 0.236314 0.388294 11.678633
v 0.306501 0.386100 11.694720
v 0.341569 0.386075 11.697122
v 0.062371 0.621855 11.318283
v 0.062298 0.620282 11.318660
v 0.059038 0.588068 11.345901
v 0.057790 0.566157 11.386632
v 0.061148 0.533213 11.500579
v 0.046795 0.414657 11.433983
v 0.046077 0.377461 11.431853
v 0.067852 0.334597 11.451702
v 0.127467 0.375377 11.591024
v 0.236788 0.392714 11.679078
v 0.306622 0.390569 11.695048
v 0.341328 0.390399 11.697332
v 0.059780 0.622764 11.321829
v 0.059577 0.621544 11.323761
v 0.056589 0.590882 11.348396
v 0.055539 0.569994 11.387210
v 0.058575 0.534444 11.504039
v 0.044167 0.413794 11.437510
v 0.043496 0.378543 11.435354
v 0.065562 0.337735 11.453754
v 0.125642 0.378566 11.593044
v 0.236380 0.395649 11.682435
v 0.306179 0.393519 11.698388
v 0.340851 0.393245 11.700526
v 0.055361 0.623018 11.322546
v 0.055116 0.621863 11.324936
v 0.052205 0.591716 11.348856
v 0.051215 0.571171 11.387140
v 0.054159 0.534793 11.504737
v 0.039737 0.413538 11.438174
v 0.039078 0.378849 11.436062
v 0.061489 0.338513 11.454241
v 0.122949 0.378592 11.595837
v 0.235330 0.395382 11.686747
v 0.305422 0.393221 11.702788
v 0.340410 0.392943 11.704827
v 0.051702 0.622469 11.320012
v 0.051535 0.621048 11.321498
v 0.048459 0.590083 11.347015
v 0.047347 0.569008 11.386469
v 0.050489 0.534059 11.502265
v 0.036108 0.414036 11.435589
v 0.035416 0.378200 11.433562
v 0.058025 0.336473 11.452874
v 0.120968 0.375442 11.597771
v 0.234255 0.392066 11.689479
v 0.304802 0.389850 11.705665
v 0.340266 0.389672 11.707719
v 0.050943 0.621442 11.315716
v 0.050924 0.619580 11.315460
v 0.047540 0.586940 11.343951
v 0.046203 0.564763 11.385583
v 0.049715 0.532670 11.498072
v 0.035404 0.414996 11.431266
v 0.034647 0.376977 11.429318
v 0.057194 0.332812 11.450451
v 0.120864 0.370960 11.597708
v 0.233780 0.387644 11.689038
v 0.304678 0.385379 11.705339
v 0.340501 0.385348 11.707505
v 0.053536 0.620532 11.312166
v 0.053648 0.618320 11.310361
v 0.049989 0.584130 11.341457
v 0.048451 0.560927 11.385008
v 0.052290 0.531439 11.494615
v 0.038036 0.415859 11.427737
v 0.037232 0.375897 11.425816
v 0.059485 0.329675 11.448398
v 0.122691 0.367773 11.595689
v 0.234188 0.384708 11.685678
v 0.305125 0.382430 11.701998
v 0.340981 0.382503 11.704310
v 0.057954 0.620279 11.311451
v 0.058106 0.618004 11.309186
v 0.054369 0.583295 11.341000
v 0.052777 0.559748 11.385074
v 0.056704 0.531090 11.493916
v 0.042464 0.416118 11.427074
v 0.041647 0.375589 11.425108
v 0.063553 0.328896 11.447912
v 0.125383 0.367746 11.592892
v 0.235239 0.384976 11.681369
v 0.305881 0.382727 11.697600
v 0.341420 0.382804 11.700011
v 0.717695 0.604737 11.373488
v 0.717770 0.602728 11.372127
v 0.714201 0.568838 11.402345
v 0.706813 0.545969 11.444715
v 0.681794 0.516583 11.552746
v 0.701279 0.404457 11.500365
v 0.701393 0.360149 11.487114
v 0.673965 0.316053 11.504328
v 0.591147 0.359524 11.633024
v 0.469184 0.382583 11.699753
v 0.397538 0.389496 11.701047
v 0.362289 0.386144 11.699774
v 0.716231 0.605821 11.377586
v 0.716158 0.604248 11.377963
v 0.712897 0.572036 11.405207
v 0.705735 0.550267 11.445398
v 0.680346 0.518027 11.556736
v 0.699762 0.403551 11.504487
v 0.699937 0.361427 11.491155
v 0.672894 0.319757 11.506574
v 0.591251 0.364005 11.633087
v 0.468855 0.387023 11.700125
v 0.397577 0.393969 11.701364
v 0.362691 0.390455 11.700047
v 0.718182 0.606618 11.381544
v 0.717977 0.605400 11.383477
v 0.714993 0.574735 11.408109
v 0.708029 0.553992 11.446387
v 0.682312 0.519145 11.560607
v 0.701672 0.402577 11.508424
v 0.701898 0.362397 11.495068
v 0.674926 0.322791 11.509024
v 0.592838 0.367110 11.635418
v 0.468795 0.389951 11.703517
v 0.397556 0.396908 11.704745
v 0.362726 0.393289 11.703287
v 0.722407 0.606660 11.383042
v 0.722164 0.605502 11.385434
v 0.719253 0.575354 11.409350
v 0.712348 0.554961 11.447106
v 0.686541 0.519285 11.562088
v 0.705889 0.402106 11.509874
v 0.706124 0.362492 11.496561
v 0.678875 0.323372 11.510235
v 0.594980 0.367016 11.638648
v 0.469040 0.389650 11.707943
v 0.397491 0.396594 11.709204
v 0.362370 0.392983 11.707593
v 0.726432 0.605924 11.381205
v 0.726264 0.604500 11.382690
v 0.723189 0.573536 11.408209
v 0.716164 0.552606 11.447129
v 0.690557 0.518362 11.560320
v 0.709944 0.402415 11.507981
v 0.710144 0.361655 11.494758
v 0.682426 0.321162 11.509505
v 0.596427 0.363785 11.640892
v 0.469442 0.386298 11.710812
v 0.397423 0.393208 11.712134
v 0.361838 0.389722 11.710451
v 0.727898 0.604840 11.377108
v 0.727874 0.602980 11.376859
v 0.724490 0.570339 11.405349
v 0.717239 0.548307 11.446446
v 0.692005 0.516918 11.556327
v 0.711461 0.403323 11.503862
v 0.711599 0.360376 11.490714
v 0.683501 0.317453 11.507255
v 0.596322 0.359300 11.640828
v 0.469772 0.381857 11.710441
v 0.397386 0.388737 11.711814
v 0.361430 0.385414 11.710181
v 0.725945 0.604044 11.373154
v 0.726056 0.601830 11.371345
v 0.722398 0.567639 11.402441
v 0.714947 0.544580 11.445454
v 0.690036 0.515801 11.552457
v 0.709549 0.404298 11.499926
v 0.709640 0.359405 11.486800
v 0.681467 0.314420 11.504809
v 0.594736 0.356195 11.638501
v 0.469833 0.378930 11.707051
v 0.397403 0.385795 11.708436
v 0.361396 0.382582 11.706942
v 0.721721 0.604001 11.371653
v 0.721873 0.601726 11.369385
v 0.718132 0.567016 11.401199
v 0.710627 0.543614 11.444739
v 0.685806 0.515663 11.550971
v 0.705334 0.404766 11.498475
v 0.705411 0.359310 11.485308
v 0.677516 0.313841 11.503596
v 0.592589 0.356287 11.635267
v 0.469589 0.379228 11.702624
v 0.397467 0.386113 11.703975
v 0.361751 0.382883 11.702630
v 0.048302 0.393050 11.199015
v 0.019246 0.459618 11.387050
v 0.113591 0.573845 11.636465
v 0.408190 0.614265 11.727832
v 0.634705 0.509018 11.617464
v 0.736561 0.431127 11.415181
v 0.728989 0.376252 11.261016
v 0.050121 0.397011 11.197964
v 0.021093 0.463293 11.385264
v 0.114748 0.576932 11.633464
v 0.408542 0.617206 11.724467
v 0.634169 0.512285 11.614486
v 0.735216 0.435049 11.413477
v 0.727633 0.380425 11.260092
v 0.048533 0.400951 11.196532
v 0.019512 0.467133 11.383570
v 0.113706 0.581116 11.632502
v 0.408981 0.621656 11.724175
v 0.635739 0.516320 11.613697
v 0.737272 0.438837 11.412234
v 0.729685 0.384248 11.258958
v 0.044463 0.402566 11.195562
v 0.015431 0.468888 11.382958
v 0.111073 0.583950 11.634141
v 0.409250 0.625008 11.727128
v 0.638495 0.518761 11.615560
v 0.741520 0.440269 11.412183
v 0.733942 0.385480 11.258280
v 0.040299 0.400907 11.195619
v 0.011237 0.467527 11.383789
v 0.108394 0.583775 11.637421
v 0.409192 0.625298 11.731600
v 0.640824 0.518178 11.618981
v 0.745474 0.438507 11.413352
v 0.737912 0.383400 11.258452
v 0.038478 0.396948 11.196672
v 0.009394 0.463851 11.385573
v 0.107235 0.580690 11.640422
v 0.408840 0.622357 11.734965
v 0.641360 0.514913 11.621959
v 0.746818 0.434584 11.415054
v 0.739266 0.379226 11.259373
v 0.040067 0.393006 11.198105
v 0.010973 0.460012 11.387265
v 0.108278 0.576505 11.641387
v 0.408401 0.617908 11.735255
v 0.639789 0.510877 11.622747
v 0.744762 0.430797 11.416298
v 0.737216 0.375403 11.260506
v 0.044137 0.391392 11.199076
v 0.015053 0.458257 11.387877
v 0.110911 0.573670 11.639747
v 0.408133 0.614557 11.732303
v 0.637032 0.508438 11.620886
v 0.740515 0.429363 11.416349
v 0.732958 0.374172 11.261186
v 0.701692 0.482101 11.528009
v 0.698634 0.483213 11.525598
v 0.695208 0.481223 11.524594
v 0.693421 0.477298 11.525587
v 0.694319 0.473737 11.527994
v 0.697377 0.472628 11.530403
v 0.700802 0.474617 11.531406
v 0.702589 0.478539 11.530414
v 0.051031 0.501381 11.157437
v -0.001524 0.526096 11.382728
v 0.199811 0.658607 11.640381
v 0.565279 0.594969 11.600558
v 0.753190 0.513743 11.457950
v 0.723613 0.475274 11.216517
v 0.052893 0.505439 11.157859
v 0.000265 0.530019 11.381503
v 0.200322 0.662447 11.638123
v 0.565247 0.598901 11.598403
v 0.752207 0.518050 11.457185
v 0.722629 0.479623 11.216997
v 0.051467 0.509654 11.157303
v -0.001134 0.534279 11.381494
v 0.200281 0.666797 11.639213
v 0.567068 0.602932 11.599137
v 0.754541 0.521882 11.457172
v 0.724962 0.483446 11.216768
v 0.047591 0.511557 11.156095
v -0.004906 0.536379 11.382708
v 0.199714 0.669106 11.643014
v 0.569674 0.604701 11.602327
v 0.758820 0.522988 11.457913
v 0.729245 0.484504 11.215967
v 0.043534 0.510034 11.154941
v -0.008839 0.535089 11.384433
v 0.198952 0.668026 11.647298
v 0.571540 0.603172 11.606107
v 0.762542 0.520727 11.458978
v 0.732969 0.482178 11.215060
v 0.041673 0.505977 11.154519
v -0.010631 0.531164 11.385657
v 0.198441 0.664185 11.649557
v 0.571572 0.599239 11.608262
v 0.763525 0.516420 11.459741
v 0.733953 0.477829 11.214580
v 0.043097 0.501761 11.155075
v -0.009228 0.526904 11.385666
v 0.198482 0.659836 11.648466
v 0.569752 0.595208 11.607527
v 0.761194 0.512589 11.459758
v 0.731621 0.474006 11.214809
v 0.046973 0.499858 11.156282
v -0.005458 0.524805 11.384453
v 0.199048 0.657526 11.644667
v 0.567145 0.593439 11.604337
v 0.756912 0.511481 11.459015
v 0.727338 0.472949 11.215611
v 0.427652 0.636690 11.627693
v 0.426681 0.634643 11.624188
v 0.425818 0.630447 11.623272
v 0.425571 0.626562 11.625479
v 0.426084 0.625264 11.629520
v 0.427054 0.627311 11.633024
v 0.427917 0.631506 11.633941
v 0.428165 0.635392 11.631734
v 0.251244 0.377212 11.697756
v 0.251052 0.377647 11.699981
v 0.253403 0.521473 11.712925
v 0.253403 0.521473 11.712925
v 0.255431 0.584931 11.707713
v 0.255431 0.584931 11.707713
v 0.256109 0.635083 11.711525
v 0.256064 0.645230 11.688335
v 0.258566 0.645754 11.655752
v 0.254692 0.652799 11.626792
v 0.249687 0.376694 11.693584
v 0.249639 0.376894 11.694148
v 0.251836 0.520605 11.708800
v 0.251836 0.520605 11.708800
v 0.253861 0.584011 11.703603
v 0.253861 0.584011 11.703603
v 0.254518 0.632109 11.708570
v 0.254476 0.641080 11.687734
v 0.256942 0.641675 11.656660
v 0.251646 0.650172 11.623109
v 0.251557 0.376027 11.689562
v 0.251659 0.375967 11.688406
v 0.253693 0.519575 11.704833
v 0.253693 0.519575 11.704833
v 0.255714 0.582928 11.699656
v 0.255714 0.582928 11.699656
v 0.256354 0.629111 11.705789
v 0.256317 0.637018 11.687257
v 0.258740 0.637708 11.657726
v 0.252748 0.646411 11.619265
v 0.255755 0.375604 11.688049
v 0.255927 0.375410 11.686117
v 0.257885 0.518990 11.703348
v 0.257885 0.518990 11.703348
v 0.259906 0.582318 11.698180
v 0.259906 0.582318 11.698180
v 0.260543 0.627843 11.704811
v 0.260509 0.635425 11.687185
v 0.262911 0.636181 11.658329
v 0.257358 0.643716 11.617512
v 0.259826 0.375672 11.689930
v 0.259943 0.375552 11.688620
v 0.261959 0.519192 11.705216
v 0.261959 0.519192 11.705216
v 0.263983 0.582537 11.700038
v 0.263983 0.582537 11.700038
v 0.264629 0.629048 11.706210
v 0.264595 0.637235 11.687560
v 0.267011 0.637981 11.658112
v 0.262769 0.643672 11.618873
v 0.261384 0.376194 11.694105
v 0.261352 0.376305 11.694449
v 0.263529 0.520060 11.709343
v 0.263529 0.520060 11.709343
v 0.265555 0.583458 11.704146
v 0.265555 0.583458 11.704146
v 0.266218 0.632019 11.709164
v 0.266181 0.641385 11.688159
v 0.268637 0.642061 11.657204
v 0.265813 0.646299 11.622556
v 0.259511 0.376858 11.698127
v 0.259333 0.377231 11.700194
v 0.261672 0.521087 11.713310
v 0.261672 0.521087 11.713310
v 0.263701 0.584539 11.708100
v 0.263701 0.584539 11.708100
v 0.264384 0.635019 11.711947
v 0.264342 0.645447 11.688636
v 0.266838 0.646027 11.656140
v 0.264711 0.650063 11.626403
v 0.255311 0.377280 11.699638
v 0.255067 0.377788 11.702482
v 0.257480 0.521671 11.714793
v 0.257480 0.521671 11.714793
v 0.259506 0.585149 11.709574
v 0.259506 0.585149 11.709574
v 0.260194 0.636287 11.712926
v 0.260151 0.647039 11.688710
v 0.262667 0.647558 11.655539
v 0.260102 0.652754 11.628155
v 0.262880 0.643520 11.619912
v 0.265888 0.646186 11.623471
v 0.264767 0.649954 11.627186
v 0.260170 0.652617 11.628881
v 0.254794 0.652613 11.627558
v 0.251783 0.649949 11.623997
v 0.252908 0.646179 11.620282
v 0.257503 0.643516 11.618588
v 0.251683 0.377637 11.688599
v 0.255949 0.377081 11.686316
v 0.259966 0.377222 11.688812
v 0.261380 0.377976 11.694624
v 0.259359 0.378902 11.700345
v 0.255096 0.379460 11.702627
v 0.251080 0.379319 11.700131
v 0.249667 0.378564 11.694319
vt 0.240382 0.111742
vt 0.236870 0.112880
vt 0.263920 0.103436
vt 0.240335 0.108247
vt 0.259538 0.086142
vt 0.236429 0.090750
vt 0.255607 0.066276
vt 0.231733 0.070904
vt 0.251802 0.048141
vt 0.227944 0.053065
vt 0.224171 0.035022
vt 0.160503 0.094669
vt 0.163876 0.096148
vt 0.168350 0.069261
vt 0.171513 0.070864
vt 0.177826 0.040741
vt 0.181286 0.042422
vt 0.189467 0.017928
vt 0.186075 0.016117
vt 0.191580 0.006372
vt 0.193107 0.006963
vt 0.259764 0.106586
vt 0.260531 0.104115
vt 0.256182 0.086738
vt 0.252304 0.067250
vt 0.248427 0.049033
vt 0.156932 0.093367
vt 0.165232 0.067670
vt 0.174492 0.038623
vt 0.183150 0.013444
vt 0.191304 0.004887
vt 0.257166 0.107125
vt 0.256934 0.104362
vt 0.252783 0.087090
vt 0.248937 0.068027
vt 0.245051 0.049850
vt 0.153148 0.092235
vt 0.161823 0.066240
vt 0.171125 0.036571
vt 0.180822 0.010309
vt 0.191728 0.003155
vt 0.254512 0.106995
vt 0.253250 0.104706
vt 0.249443 0.087407
vt 0.245519 0.068559
vt 0.241635 0.050541
vt 0.149401 0.091200
vt 0.158333 0.065175
vt 0.167666 0.034881
vt 0.178449 0.007608
vt 0.193621 0.001820
vt 0.251881 0.107072
vt 0.249726 0.105169
vt 0.246155 0.087950
vt 0.242054 0.068939
vt 0.238195 0.051134
vt 0.145814 0.090323
vt 0.182573 0.073498
vt 0.192859 0.043486
vt 0.200562 0.016956
vt 0.196905 0.000857
vt 0.248549 0.108676
vt 0.246414 0.105892
vt 0.242945 0.088770
vt 0.238570 0.069364
vt 0.234757 0.051701
vt 0.170826 0.098522
vt 0.179004 0.073046
vt 0.188926 0.043638
vt 0.196916 0.018173
vt 0.196759 0.004651
vt 0.244662 0.110704
vt 0.243316 0.106931
vt 0.239704 0.089756
vt 0.235105 0.070003
vt 0.231347 0.052325
vt 0.167300 0.097503
vt 0.175157 0.072178
vt 0.185021 0.043385
vt 0.193163 0.018524
vt 0.195236 0.006093
vt 0.193088 0.006865
vt 0.191667 0.006325
vt 0.191382 0.004844
vt 0.191838 0.003147
vt 0.193606 0.001845
vt 0.196403 0.000554
vt 0.196687 0.004483
vt 0.195352 0.005970
vt 0.514547 0.213240
vt 0.513462 0.209835
vt 0.516643 0.210167
vt 0.518484 0.212386
vt 0.513071 0.191548
vt 0.516719 0.191612
vt 0.512612 0.170576
vt 0.516131 0.170832
vt 0.511925 0.151826
vt 0.515526 0.151874
vt 0.511325 0.132903
vt 0.514898 0.132850
vt 0.510583 0.103275
vt 0.513789 0.102156
vt 0.509607 0.077752
vt 0.512825 0.077013
vt 0.507939 0.048800
vt 0.511442 0.048196
vt 0.506765 0.022128
vt 0.510450 0.022168
vt 0.509823 0.006795
vt 0.511201 0.006553
vt 0.520093 0.210024
vt 0.521430 0.212265
vt 0.520332 0.191395
vt 0.519633 0.171025
vt 0.519124 0.151920
vt 0.518492 0.132936
vt 0.517090 0.101266
vt 0.516041 0.076374
vt 0.514985 0.047280
vt 0.514125 0.021629
vt 0.512454 0.006956
vt 0.523661 0.209194
vt 0.524161 0.212006
vt 0.523939 0.190917
vt 0.523153 0.170974
vt 0.522704 0.151868
vt 0.522099 0.132998
vt 0.520638 0.100980
vt 0.519504 0.075953
vt 0.518572 0.046479
vt 0.517716 0.020484
vt 0.513662 0.006213
vt 0.527307 0.208425
vt 0.526716 0.211081
vt 0.527489 0.190416
vt 0.526662 0.170657
vt 0.526290 0.151655
vt 0.525688 0.132898
vt 0.524147 0.101257
vt 0.522940 0.075808
vt 0.522170 0.046078
vt 0.521168 0.019275
vt 0.513891 0.003665
vt 0.503603 0.209448
vt 0.501765 0.212439
vt 0.502339 0.190984
vt 0.501924 0.170843
vt 0.501192 0.152122
vt 0.500695 0.133440
vt 0.500252 0.102864
vt 0.499091 0.077294
vt 0.497245 0.047290
vt 0.496462 0.018801
vt 0.511049 0.000004
vt 0.506979 0.209292
vt 0.505550 0.212745
vt 0.505865 0.191077
vt 0.505466 0.170558
vt 0.504771 0.151963
vt 0.504241 0.133318
vt 0.503573 0.103787
vt 0.502404 0.077874
vt 0.500793 0.048169
vt 0.499857 0.020207
vt 0.509267 0.002956
vt 0.510244 0.209425
vt 0.509969 0.213589
vt 0.509452 0.191314
vt 0.509051 0.170453
vt 0.508337 0.151845
vt 0.507785 0.133098
vt 0.507121 0.103948
vt 0.506048 0.078063
vt 0.504364 0.048792
vt 0.503205 0.021386
vt 0.508856 0.005650
vt 0.509869 0.006705
vt 0.508933 0.005546
vt 0.509397 0.003038
vt 0.511724 0.000000
vt 0.513735 0.003646
vt 0.513611 0.006104
vt 0.512442 0.006876
vt 0.511310 0.006328
vt 0.240650 0.000519
vt 0.237296 0.000000
vt 0.247783 0.029958
vt 0.233868 0.000480
vt 0.244450 0.030907
vt 0.230769 0.002033
vt 0.241138 0.031888
vt 0.228105 0.004147
vt 0.237802 0.032761
vt 0.225290 0.006060
vt 0.234419 0.033463
vt 0.221962 0.007058
vt 0.231013 0.034016
vt 0.218504 0.006854
vt 0.227589 0.034496
vt 0.512350 0.000009
vt 0.524637 0.018606
vt 0.525659 0.046166
vt 0.526172 0.076009
vt 0.527427 0.101932
vt 0.529247 0.132580
vt 0.529879 0.151325
vt 0.530170 0.170149
vt 0.531038 0.190177
vt 0.530779 0.207946
vt 0.529300 0.210150
vt 0.195897 0.000000
vt 0.176055 0.004959
vt 0.164191 0.033751
vt 0.154914 0.064515
vt 0.174374 0.099201
vt 0.220764 0.035701
vt 0.215249 0.005918
vt 0.224552 0.053902
vt 0.228439 0.071954
vt 0.233092 0.091599
vt 0.237372 0.109481
vt 0.262452 0.105791
vt 0.454345 0.207640
vt 0.450461 0.208281
vt 0.451395 0.206966
vt 0.451564 0.206941
vt 0.444662 0.207973
vt 0.448450 0.206664
vt 0.414603 0.096526
vt 0.418215 0.096392
vt 0.418215 0.096392
vt 0.414603 0.096526
vt 0.402840 0.045833
vt 0.406468 0.045972
vt 0.402840 0.045832
vt 0.406468 0.045971
vt 0.395781 0.005785
vt 0.398721 0.007907
vt 0.268871 0.084293
vt 0.257213 0.065362
vt 0.260421 0.063148
vt 0.271408 0.080953
vt 0.255174 0.055578
vt 0.259143 0.023648
vt 0.262731 0.025859
vt 0.259297 0.056449
vt 0.270151 0.001432
vt 0.269568 0.003416
vt 0.452509 0.205840
vt 0.452488 0.206188
vt 0.451743 0.205370
vt 0.421859 0.096343
vt 0.421859 0.096344
vt 0.410066 0.046129
vt 0.410066 0.046129
vt 0.401690 0.009934
vt 0.264226 0.061068
vt 0.273533 0.077574
vt 0.266357 0.028888
vt 0.263686 0.057241
vt 0.269747 0.005160
vt 0.454898 0.204911
vt 0.455116 0.205263
vt 0.454562 0.204510
vt 0.425507 0.095828
vt 0.425507 0.095828
vt 0.413635 0.045807
vt 0.413634 0.045807
vt 0.405325 0.010239
vt 0.268321 0.058199
vt 0.276042 0.075488
vt 0.270485 0.030622
vt 0.272019 0.007400
vt 0.457356 0.203679
vt 0.458066 0.203654
vt 0.457194 0.203084
vt 0.429006 0.094600
vt 0.429006 0.094600
vt 0.417041 0.044710
vt 0.417041 0.044711
vt 0.408424 0.008407
vt 0.273049 0.057368
vt 0.279366 0.075293
vt 0.275087 0.030781
vt 0.274654 0.009962
vt 0.460644 0.202704
vt 0.460566 0.202812
vt 0.460573 0.201637
vt 0.432270 0.092894
vt 0.432270 0.092894
vt 0.420252 0.043091
vt 0.420252 0.043091
vt 0.410145 0.005336
vt 0.277498 0.056480
vt 0.283062 0.076112
vt 0.279593 0.029715
vt 0.276567 0.009796
vt 0.463204 0.202003
vt 0.462116 0.202702
vt 0.464079 0.200598
vt 0.435517 0.091240
vt 0.435517 0.091240
vt 0.423442 0.041367
vt 0.423441 0.041367
vt 0.411863 0.002226
vt 0.281743 0.055640
vt 0.286969 0.076895
vt 0.283908 0.028050
vt 0.277306 0.008372
vt 0.465325 0.201914
vt 0.461174 0.204318
vt 0.467108 0.200153
vt 0.438968 0.090090
vt 0.438968 0.090090
vt 0.426790 0.039935
vt 0.426790 0.039935
vt 0.414825 0.000156
vt 0.285983 0.055093
vt 0.290847 0.076553
vt 0.288059 0.026470
vt 0.277059 0.004664
vt 0.464188 0.204351
vt 0.470478 0.200986
vt 0.442602 0.089671
vt 0.442602 0.089672
vt 0.430315 0.039089
vt 0.430315 0.039089
vt 0.418366 0.000000
vt 0.290384 0.055517
vt 0.294619 0.075453
vt 0.100147 0.002431
vt 0.081970 0.020537
vt 0.079850 0.017805
vt 0.097687 0.000000
vt 0.275097 0.000000
vt 0.291320 0.023093
vt 0.272272 0.001036
vt 0.276686 0.003844
vt 0.277165 0.007857
vt 0.276089 0.009651
vt 0.274289 0.009447
vt 0.272318 0.007038
vt 0.270180 0.004943
vt 0.270035 0.003014
vt 0.948726 0.008832
vt 0.951814 0.010661
vt 0.923675 0.061117
vt 0.920148 0.058016
vt 0.860796 0.165498
vt 0.858528 0.163525
vt 0.774838 0.314548
vt 0.771633 0.313051
vt 0.624573 0.996424
vt 0.621347 0.995069
vt 0.630652 0.825385
vt 0.634138 0.825838
vt 0.638656 0.693296
vt 0.642097 0.693095
vt 0.639012 0.682154
vt 0.642582 0.682046
vt 0.954829 0.012560
vt 0.927062 0.064360
vt 0.863212 0.167564
vt 0.778067 0.315964
vt 0.617843 0.994906
vt 0.627314 0.824762
vt 0.635212 0.692744
vt 0.635477 0.682012
vt 0.957852 0.014397
vt 0.929935 0.066738
vt 0.866123 0.169525
vt 0.781242 0.317490
vt 0.614501 0.995948
vt 0.624380 0.824214
vt 0.631926 0.691661
vt 0.631969 0.681634
vt 0.933221 0.000000
vt 0.936187 0.001904
vt 0.904585 0.051725
vt 0.901231 0.050032
vt 0.846811 0.158086
vt 0.843808 0.156560
vt 0.759864 0.305136
vt 0.756844 0.303319
vt 0.640812 0.997449
vt 0.637653 0.999008
vt 0.647059 0.825545
vt 0.650151 0.825756
vt 0.655738 0.692101
vt 0.658976 0.693358
vt 0.656872 0.682735
vt 0.660323 0.683465
vt 0.939277 0.003666
vt 0.909062 0.053233
vt 0.849652 0.159068
vt 0.762751 0.307173
vt 0.634260 1.000000
vt 0.643583 0.825575
vt 0.652294 0.691437
vt 0.653359 0.682159
vt 0.942426 0.005380
vt 0.913547 0.054595
vt 0.852621 0.160146
vt 0.765594 0.309295
vt 0.630732 0.999736
vt 0.640225 0.825783
vt 0.648781 0.691612
vt 0.649793 0.681875
vt 0.945589 0.007091
vt 0.917019 0.055956
vt 0.855727 0.161711
vt 0.768534 0.311306
vt 0.627525 0.998308
vt 0.637252 0.825988
vt 0.645411 0.692351
vt 0.646183 0.681889
vt 0.687386 0.000471
vt 0.683728 0.057236
vt 0.679057 0.057715
vt 0.683798 0.000264
vt 0.675470 0.185460
vt 0.672559 0.185878
vt 0.664620 0.357278
vt 0.661191 0.357579
vt 0.653307 0.523423
vt 0.649789 0.523415
vt 0.645493 0.641501
vt 0.642134 0.640849
vt 0.644655 0.651698
vt 0.641034 0.651166
vt 0.674452 0.058538
vt 0.680222 0.000159
vt 0.669382 0.186273
vt 0.657697 0.357152
vt 0.646411 0.523646
vt 0.638673 0.641016
vt 0.637464 0.650656
vt 0.670785 0.059068
vt 0.676677 0.000000
vt 0.665855 0.186322
vt 0.654363 0.356117
vt 0.643446 0.523902
vt 0.635296 0.641761
vt 0.633945 0.650254
vt 0.705193 0.001784
vt 0.703917 0.061206
vt 0.700150 0.060925
vt 0.701665 0.001718
vt 0.691373 0.187950
vt 0.688115 0.187605
vt 0.681480 0.357921
vt 0.678288 0.356702
vt 0.669165 0.525600
vt 0.666077 0.525482
vt 0.662206 0.643428
vt 0.658830 0.644415
vt 0.662432 0.652240
vt 0.658912 0.652311
vt 0.695555 0.059801
vt 0.698119 0.001463
vt 0.685283 0.186816
vt 0.674923 0.355961
vt 0.662626 0.525037
vt 0.655315 0.644696
vt 0.655422 0.652345
vt 0.691072 0.058399
vt 0.694554 0.001128
vt 0.682193 0.186037
vt 0.671398 0.355930
vt 0.659325 0.524385
vt 0.651858 0.644022
vt 0.651906 0.652280
vt 0.687490 0.057446
vt 0.690970 0.000780
vt 0.678725 0.185560
vt 0.667953 0.356502
vt 0.656413 0.523736
vt 0.648646 0.642742
vt 0.648314 0.652068
vt 0.004910 0.727152
vt 0.003533 0.723570
vt 0.004744 0.723046
vt 0.006616 0.727485
vt 0.030477 0.699762
vt 0.032684 0.702519
vt 0.056973 0.673297
vt 0.059856 0.675397
vt 0.113046 0.613636
vt 0.114309 0.615335
vt 0.187132 0.552140
vt 0.189640 0.554465
vt 0.209732 0.530991
vt 0.212343 0.533422
vt 0.238219 0.503224
vt 0.239158 0.506039
vt 0.309105 0.404040
vt 0.311381 0.406906
vt 0.549029 0.662290
vt 0.546027 0.664136
vt 0.474090 0.578975
vt 0.477212 0.577271
vt 0.436863 0.534615
vt 0.439633 0.532420
vt 0.419153 0.513149
vt 0.421655 0.510850
vt 0.411014 0.498107
vt 0.408110 0.499918
vt 0.002349 0.719957
vt 0.003398 0.718423
vt 0.028187 0.696999
vt 0.053967 0.671291
vt 0.111261 0.611430
vt 0.184753 0.549503
vt 0.206645 0.528953
vt 0.235752 0.501399
vt 0.307520 0.401054
vt 0.543388 0.666120
vt 0.470854 0.580185
vt 0.434104 0.536843
vt 0.416643 0.515403
vt 0.405313 0.501879
vt 0.000000 0.717070
vt 0.001388 0.715292
vt 0.025715 0.694321
vt 0.051111 0.669049
vt 0.108845 0.608717
vt 0.182566 0.546611
vt 0.203534 0.527161
vt 0.232562 0.500279
vt 0.305826 0.398409
vt 0.541222 0.668289
vt 0.467769 0.581630
vt 0.431382 0.539118
vt 0.414025 0.517596
vt 0.402726 0.504152
vt 0.430381 0.302505
vt 0.428631 0.305487
vt 0.427511 0.304357
vt 0.429165 0.300848
vt 0.403732 0.284425
vt 0.406164 0.281969
vt 0.383699 0.256339
vt 0.386727 0.254674
vt 0.340921 0.173433
vt 0.342786 0.170518
vt 0.234624 0.167903
vt 0.235717 0.164623
vt 0.208963 0.157528
vt 0.210848 0.154633
vt 0.189211 0.123314
vt 0.191886 0.121426
vt 0.212293 0.000000
vt 0.215440 0.000741
vt 0.561366 0.651449
vt 0.559192 0.653973
vt 0.485841 0.566465
vt 0.488584 0.564304
vt 0.450414 0.523324
vt 0.453044 0.520968
vt 0.432286 0.502163
vt 0.434965 0.499962
vt 0.423458 0.486629
vt 0.421058 0.489098
vt 0.018653 0.737729
vt 0.015218 0.736379
vt 0.015420 0.734920
vt 0.020091 0.736717
vt 0.040391 0.710083
vt 0.043121 0.712310
vt 0.066925 0.683338
vt 0.069154 0.686160
vt 0.121164 0.622107
vt 0.122558 0.623243
vt 0.196858 0.562015
vt 0.198760 0.564847
vt 0.218642 0.542220
vt 0.221002 0.544701
vt 0.244094 0.513670
vt 0.247058 0.513835
vt 0.320617 0.410349
vt 0.323962 0.411745
vt 0.556810 0.656611
vt 0.483608 0.569184
vt 0.447763 0.525678
vt 0.429557 0.504290
vt 0.418809 0.491632
vt 0.011458 0.734643
vt 0.011567 0.732776
vt 0.037686 0.707770
vt 0.064780 0.680496
vt 0.119174 0.620312
vt 0.194665 0.559316
vt 0.216530 0.539261
vt 0.241901 0.511706
vt 0.317300 0.409661
vt 0.554380 0.658865
vt 0.481835 0.572128
vt 0.445081 0.527984
vt 0.426861 0.506403
vt 0.416471 0.494036
vt 0.007103 0.731701
vt 0.008951 0.730425
vt 0.035091 0.705215
vt 0.062464 0.677792
vt 0.116552 0.617654
vt 0.192188 0.556783
vt 0.214516 0.536253
vt 0.240083 0.508972
vt 0.314238 0.408835
vt 0.551878 0.660622
vt 0.479860 0.574927
vt 0.442373 0.530228
vt 0.424226 0.508586
vt 0.413857 0.496198
vt 0.006041 0.010115
vt 0.007739 0.010006
vt 0.005354 0.014079
vt 0.004246 0.013419
vt 0.029767 0.037453
vt 0.027320 0.039873
vt 0.053395 0.066534
vt 0.050405 0.068310
vt 0.103617 0.129577
vt 0.102341 0.131187
vt 0.160188 0.199350
vt 0.157215 0.201069
vt 0.182605 0.226806
vt 0.179810 0.228378
vt 0.207214 0.254385
vt 0.206407 0.257077
vt 0.282857 0.346264
vt 0.280653 0.349075
vt 0.354859 0.432002
vt 0.352739 0.434849
vt 0.392492 0.476574
vt 0.389834 0.478880
vt 0.003463 0.018397
vt 0.002644 0.016777
vt 0.024795 0.042290
vt 0.047297 0.069982
vt 0.100446 0.133171
vt 0.154367 0.203111
vt 0.176551 0.229689
vt 0.204054 0.258831
vt 0.278834 0.351765
vt 0.351021 0.437859
vt 0.387179 0.481201
vt 0.001123 0.021183
vt 0.000000 0.019283
vt 0.022098 0.044605
vt 0.044308 0.071905
vt 0.097765 0.135491
vt 0.151772 0.205546
vt 0.173340 0.231124
vt 0.200946 0.259943
vt 0.276876 0.353999
vt 0.349034 0.440623
vt 0.384525 0.483514
vt 0.024079 0.000000
vt 0.025773 0.001359
vt 0.022052 0.002832
vt 0.020862 0.001655
vt 0.043900 0.027156
vt 0.041001 0.029156
vt 0.065976 0.054640
vt 0.063303 0.056929
vt 0.115551 0.121199
vt 0.113223 0.123046
vt 0.173172 0.188114
vt 0.170817 0.190653
vt 0.193873 0.214829
vt 0.191068 0.216501
vt 0.217857 0.246366
vt 0.214738 0.246527
vt 0.296505 0.337319
vt 0.293875 0.339317
vt 0.369537 0.423125
vt 0.366890 0.425371
vt 0.406159 0.465209
vt 0.403426 0.467479
vt 0.017260 0.003930
vt 0.017279 0.002488
vt 0.038097 0.031004
vt 0.060915 0.059466
vt 0.111393 0.123951
vt 0.168509 0.193211
vt 0.189021 0.218933
vt 0.211903 0.246905
vt 0.290790 0.341057
vt 0.363784 0.427029
vt 0.400676 0.469751
vt 0.013232 0.005509
vt 0.013377 0.003680
vt 0.035210 0.032938
vt 0.058598 0.062029
vt 0.108973 0.125419
vt 0.165964 0.195578
vt 0.187057 0.221742
vt 0.209777 0.248910
vt 0.287846 0.342425
vt 0.360573 0.428246
vt 0.397912 0.472025
vt 0.010388 0.007453
vt 0.008759 0.005979
vt 0.032399 0.035117
vt 0.056130 0.064445
vt 0.106016 0.127629
vt 0.163135 0.197616
vt 0.184959 0.224486
vt 0.208026 0.251573
vt 0.285276 0.343960
vt 0.357511 0.429734
vt 0.395183 0.474287
vt 0.626118 0.002153
vt 0.629454 0.003041
vt 0.591670 0.153802
vt 0.588308 0.153002
vt 0.537486 0.369754
vt 0.534045 0.369672
vt 0.573647 0.561637
vt 0.570830 0.563645
vt 0.407764 0.390123
vt 0.410380 0.387773
vt 0.266603 0.239799
vt 0.269170 0.237540
vt 0.206196 0.175633
vt 0.208929 0.173582
vt 0.140475 0.100672
vt 0.137875 0.103038
vt 0.050384 0.009865
vt 0.052663 0.007224
vt 0.632762 0.004025
vt 0.595103 0.154430
vt 0.540685 0.370937
vt 0.568736 0.566357
vt 0.405356 0.392527
vt 0.264034 0.242088
vt 0.203523 0.177801
vt 0.135237 0.105366
vt 0.048014 0.012420
vt 0.636069 0.005023
vt 0.598467 0.154964
vt 0.543264 0.372907
vt 0.567395 0.569321
vt 0.403323 0.394870
vt 0.261703 0.244245
vt 0.201238 0.179980
vt 0.132645 0.107657
vt 0.045454 0.014789
vt 0.639406 0.005941
vt 0.601768 0.155599
vt 0.545764 0.375027
vt 0.565999 0.572322
vt 0.401174 0.397254
vt 0.259448 0.246458
vt 0.199160 0.182325
vt 0.130105 0.109999
vt 0.042721 0.016975
vt 0.642785 0.006735
vt 0.605093 0.156476
vt 0.548845 0.376590
vt 0.563805 0.575032
vt 0.398687 0.399702
vt 0.257023 0.248890
vt 0.196934 0.184931
vt 0.127597 0.112437
vt 0.039925 0.019096
vt 0.615945 0.000000
vt 0.619349 0.000703
vt 0.581888 0.150891
vt 0.578579 0.149840
vt 0.527630 0.370883
vt 0.524236 0.370424
vt 0.582647 0.557360
vt 0.579777 0.559279
vt 0.415362 0.383879
vt 0.417896 0.381632
vt 0.273802 0.233255
vt 0.276246 0.230835
vt 0.213719 0.169496
vt 0.216069 0.166960
vt 0.147899 0.093367
vt 0.145416 0.095837
vt 0.057537 0.002224
vt 0.060245 0.000000
vt 0.622747 0.001391
vt 0.585095 0.152003
vt 0.530842 0.370359
vt 0.576709 0.560428
vt 0.412909 0.385770
vt 0.271513 0.235442
vt 0.211397 0.171652
vt 0.142974 0.098275
vt 0.055009 0.004641
vt 0.691660 0.426198
vt 0.688537 0.424614
vt 0.753799 0.261362
vt 0.756761 0.262900
vt 0.853060 0.008786
vt 0.856299 0.010139
vt 0.623540 0.606613
vt 0.620349 0.608077
vt 0.541551 0.447294
vt 0.544631 0.445622
vt 0.494659 0.343784
vt 0.491602 0.345509
vt 0.409771 0.177335
vt 0.412535 0.175299
vt 0.327070 0.007740
vt 0.329776 0.005551
vt 0.685355 0.423149
vt 0.750779 0.259494
vt 0.850978 0.005997
vt 0.617486 0.610110
vt 0.538475 0.448795
vt 0.488428 0.346942
vt 0.406700 0.178999
vt 0.324194 0.009692
vt 0.682081 0.421903
vt 0.748000 0.257611
vt 0.849711 0.002762
vt 0.614822 0.612403
vt 0.535488 0.450087
vt 0.485207 0.348076
vt 0.403712 0.179859
vt 0.321029 0.011147
vt 0.678729 0.420851
vt 0.745258 0.256151
vt 0.847546 0.000000
vt 0.612031 0.614540
vt 0.532398 0.451367
vt 0.481952 0.349195
vt 0.400675 0.180232
vt 0.317666 0.012104
vt 0.704798 0.431260
vt 0.701410 0.430275
vt 0.766490 0.265024
vt 0.769680 0.265925
vt 0.866395 0.007455
vt 0.869701 0.008689
vt 0.636857 0.602363
vt 0.633743 0.603996
vt 0.553464 0.440879
vt 0.556675 0.439464
vt 0.506732 0.337057
vt 0.503503 0.338433
vt 0.420390 0.169932
vt 0.423657 0.168972
vt 0.339037 0.000792
vt 0.342463 0.000000
vt 0.698061 0.429131
vt 0.763050 0.264286
vt 0.862930 0.008088
vt 0.630379 0.605018
vt 0.550388 0.442392
vt 0.500420 0.340063
vt 0.417222 0.171327
vt 0.335698 0.001881
vt 0.694814 0.427751
vt 0.759764 0.263724
vt 0.859767 0.009611
vt 0.626936 0.605717
vt 0.547532 0.443962
vt 0.497541 0.341900
vt 0.414705 0.173130
vt 0.332591 0.003499
vt 0.484412 0.210210
vt 0.480478 0.210496
vt 0.481531 0.209271
vt 0.481701 0.209261
vt 0.474736 0.209664
vt 0.478627 0.208703
vt 0.454902 0.095951
vt 0.458511 0.096145
vt 0.458511 0.096146
vt 0.454902 0.095951
vt 0.447784 0.044401
vt 0.451383 0.044867
vt 0.447783 0.044400
vt 0.451383 0.044867
vt 0.444385 0.003877
vt 0.447121 0.006258
vt 0.548159 0.000000
vt 0.560455 0.016646
vt 0.557827 0.019156
vt 0.545839 0.003265
vt 0.563838 0.027818
vt 0.560259 0.057393
vt 0.557015 0.054781
vt 0.559911 0.026719
vt 0.553183 0.080444
vt 0.553059 0.078853
vt 0.482743 0.208251
vt 0.482691 0.208597
vt 0.482022 0.207713
vt 0.462145 0.096428
vt 0.462145 0.096428
vt 0.454951 0.045351
vt 0.454951 0.045351
vt 0.449894 0.008545
vt 0.554535 0.021583
vt 0.544001 0.006621
vt 0.553804 0.052042
vt 0.555612 0.025812
vt 0.552227 0.076717
vt 0.485206 0.207543
vt 0.485391 0.207913
vt 0.484908 0.207113
vt 0.465826 0.096245
vt 0.465826 0.096245
vt 0.458533 0.045354
vt 0.458533 0.045354
vt 0.453486 0.009179
vt 0.550964 0.024845
vt 0.541843 0.008836
vt 0.549772 0.050788
vt 0.550470 0.073587
vt 0.487767 0.206538
vt 0.488474 0.206578
vt 0.487659 0.205930
vt 0.469420 0.095338
vt 0.469420 0.095338
vt 0.462027 0.044571
vt 0.462027 0.044571
vt 0.456740 0.007636
vt 0.546337 0.025937
vt 0.538704 0.009331
vt 0.545442 0.051399
vt 0.547630 0.071267
vt 0.491131 0.205865
vt 0.491045 0.205965
vt 0.491156 0.204797
vt 0.472827 0.093935
vt 0.472827 0.093935
vt 0.465371 0.043249
vt 0.465370 0.043249
vt 0.458729 0.004735
vt 0.542030 0.027144
vt 0.535128 0.008911
vt 0.541410 0.053378
vt 0.545396 0.071399
vt 0.493743 0.205398
vt 0.492596 0.205995
vt 0.494742 0.204080
vt 0.476210 0.092582
vt 0.476210 0.092582
vt 0.468706 0.041821
vt 0.468706 0.041821
vt 0.460721 0.001793
vt 0.537953 0.028341
vt 0.531359 0.008522
vt 0.537723 0.055995
vt 0.544204 0.073199
vt 0.495865 0.205501
vt 0.491511 0.207520
vt 0.497797 0.203911
vt 0.479751 0.091750
vt 0.479751 0.091750
vt 0.472172 0.040699
vt 0.472172 0.040699
vt 0.463859 0.000000
vt 0.533906 0.029263
vt 0.527730 0.009198
vt 0.533819 0.058498
vt 0.545969 0.076811
vt 0.494513 0.207825
vt 0.501077 0.205047
vt 0.483410 0.091662
vt 0.483410 0.091662
vt 0.475760 0.040174
vt 0.475760 0.040174
vt 0.467399 0.000165
vt 0.529613 0.028816
vt 0.524236 0.010483
vt 0.104002 0.000000
vt 0.110960 0.024692
vt 0.107541 0.025214
vt 0.100681 0.000965
vt 0.548730 0.081432
vt 0.531384 0.062405
vt 0.550925 0.080637
vt 0.546443 0.077459
vt 0.544553 0.073568
vt 0.545844 0.071602
vt 0.548001 0.071748
vt 0.550087 0.073933
vt 0.551855 0.076793
vt 0.552609 0.079219
vn 0.716609 0.241465 -0.654344
vn 0.962336 -0.162767 0.217753
vn 0.973471 -0.196227 0.117683
vn 0.739631 -0.435432 -0.513171
vn 0.981852 -0.150555 0.115328
vn 0.688245 -0.586133 -0.427511
vn 0.995437 -0.041104 0.086115
vn 0.716524 -0.611302 -0.336011
vn 0.996371 -0.031709 0.078994
vn 0.714156 -0.633857 -0.296995
vn 0.998891 0.019200 0.042993
vn 0.706723 -0.638643 -0.304431
vn 0.993306 0.092863 0.068702
vn 0.742648 -0.546194 -0.387487
vn 0.985070 0.018155 0.171197
vn 0.812271 -0.214932 -0.542236
vn 0.988899 -0.110304 0.099563
vn 0.775716 0.031157 -0.630312
vn 0.755828 0.119400 -0.643792
vn 0.995163 -0.068640 0.070285
vn 0.994132 0.020506 0.106212
vn 0.776060 0.162927 -0.609250
vn 0.297520 -0.643734 0.705045
vn 0.695503 0.102596 0.711161
vn 0.682971 0.404176 0.608434
vn 0.689070 0.559558 0.460518
vn 0.691457 0.593560 0.411793
vn 0.665121 0.649562 0.368351
vn 0.621337 0.616579 0.483498
vn 0.609315 0.198633 0.767646
vn 0.619822 -0.189245 0.761582
vn 0.628714 -0.214278 0.747532
vn 0.639904 -0.131798 0.757069
vn -0.081244 -0.706090 0.703446
vn -0.019957 0.389041 0.921004
vn -0.073050 0.710032 0.700370
vn -0.028910 0.827878 0.560163
vn -0.028785 0.866020 0.499180
vn -0.030767 0.881532 0.471121
vn -0.032587 0.787219 0.615812
vn -0.063122 0.276555 0.958923
vn -0.087710 -0.162547 0.982795
vn -0.114703 -0.230760 0.966226
vn -0.081753 -0.208779 0.974540
vn -0.450215 -0.625418 0.637305
vn -0.763935 0.444860 0.467444
vn -0.757208 0.551557 0.349887
vn -0.729871 0.601584 0.324632
vn -0.728111 0.621774 0.288533
vn -0.712881 0.628443 0.311225
vn -0.682946 0.588810 0.432305
vn -0.701315 0.242838 0.670215
vn -0.744368 -0.041375 0.666487
vn -0.778031 -0.114304 0.617740
vn -0.763050 -0.164962 0.624934
vn -0.992653 -0.114126 0.040196
vn -0.946737 0.176230 -0.269502
vn -0.980123 0.072980 -0.184478
vn -0.994244 0.016208 -0.105910
vn -0.995917 0.015770 -0.088882
vn -0.999360 -0.009395 -0.034518
vn -0.999784 0.017929 -0.010501
vn -0.997056 0.074084 0.019765
vn -0.993189 0.109981 -0.038482
vn -0.994651 0.068203 -0.077580
vn -0.994695 -0.021385 -0.100620
vn -0.574529 0.273201 -0.771542
vn -0.571672 -0.209468 -0.793293
vn -0.656704 -0.435031 -0.616026
vn -0.670784 -0.572766 -0.471156
vn -0.687166 -0.597683 -0.413011
vn -0.682326 -0.642852 -0.348100
vn -0.678007 -0.598547 -0.426672
vn -0.707889 -0.185527 -0.681522
vn -0.645416 0.195352 -0.738428
vn -0.648231 0.214630 -0.730568
vn -0.630610 0.135791 -0.764128
vn 0.093403 0.305955 -0.947453
vn 0.115493 -0.456218 -0.882342
vn 0.022519 -0.696602 -0.717104
vn 0.032451 -0.826121 -0.562557
vn 0.018563 -0.866395 -0.499015
vn 0.008675 -0.892158 -0.451640
vn 0.035281 -0.823049 -0.566873
vn 0.093767 -0.326958 -0.940376
vn 0.098279 0.158516 -0.982453
vn 0.072600 0.236874 -0.968824
vn 0.104560 0.211664 -0.971733
vn -0.002407 -0.971879 -0.235468
vn -0.002407 -0.971879 -0.235468
vn -0.002407 -0.971879 -0.235468
vn -0.002407 -0.971879 -0.235468
vn -0.002407 -0.971879 -0.235468
vn -0.002407 -0.971879 -0.235468
vn -0.002407 -0.971879 -0.235468
vn -0.002407 -0.971879 -0.235468
vn 0.775937 0.102207 -0.622476
vn 0.094915 0.161849 -0.982240
vn 0.993909 -0.020551 0.108269
vn 0.628964 -0.129162 0.766630
vn -0.091686 -0.158431 0.983104
vn -0.761265 -0.098131 0.640972
vn -0.996880 0.016423 -0.077208
vn -0.643625 0.124743 -0.755107
vn -0.574639 0.273350 -0.771408
vn -0.655572 -0.401198 -0.639738
vn -0.987127 -0.148180 -0.060200
vn -0.992620 -0.114436 0.040131
vn -0.627806 -0.553886 -0.546872
vn -0.992701 -0.102274 -0.063910
vn -0.673303 -0.577263 -0.461986
vn -0.995484 0.007581 -0.094623
vn -0.679093 -0.599712 -0.423295
vn -0.994671 0.017074 -0.101681
vn -0.670645 -0.604858 -0.429397
vn -0.988200 0.068032 -0.137228
vn -0.686535 -0.511137 -0.517115
vn -0.983760 0.141431 -0.110515
vn -0.711030 -0.177619 -0.680358
vn -0.997731 0.066794 -0.008455
vn -0.647320 0.066053 -0.759351
vn -0.994858 -0.061646 -0.080361
vn -0.621089 0.153200 -0.768621
vn -0.993710 -0.019824 -0.110221
vn -0.645182 0.197819 -0.737976
vn -0.994826 0.069343 -0.074248
vn -0.806111 0.139482 0.575091
vn -0.450247 -0.625443 0.637259
vn -0.760763 0.439582 0.477502
vn -0.732664 0.594432 0.331442
vn -0.724591 0.628265 0.283286
vn -0.688139 0.682744 0.245613
vn -0.667408 0.648196 0.366617
vn -0.727033 0.231432 0.646422
vn -0.755138 -0.155526 0.636851
vn -0.762543 -0.180143 0.621350
vn -0.771271 -0.097156 0.629048
vn -0.127113 0.391616 0.911306
vn -0.081089 -0.706133 0.703421
vn -0.019684 0.708733 0.705202
vn -0.032117 0.827957 0.559871
vn -0.019293 0.865751 0.500103
vn -0.011562 0.881024 0.472930
vn -0.040427 0.787437 0.615068
vn -0.096999 0.277359 0.955857
vn -0.098423 -0.162297 0.981821
vn -0.072231 -0.231797 0.970079
vn -0.105127 -0.208193 0.972422
vn 0.688113 0.409228 0.599194
vn 0.297210 -0.643853 0.705067
vn 0.707798 0.515620 0.482865
vn 0.687954 0.566784 0.453293
vn 0.693790 0.586811 0.417503
vn 0.674982 0.594377 0.437168
vn 0.621898 0.556800 0.550651
vn 0.580419 0.211430 0.786391
vn 0.609587 -0.074544 0.789207
vn 0.647875 -0.149256 0.746981
vn 0.629381 -0.199096 0.751160
vn 0.987188 0.128753 -0.094246
vn 0.962448 -0.162161 0.217710
vn 0.999691 0.024379 -0.004922
vn 0.996673 -0.032646 0.074685
vn 0.995235 -0.033069 0.091725
vn 0.987614 -0.058187 0.145716
vn 0.985046 -0.030765 0.169524
vn 0.979654 0.025609 0.199054
vn 0.988040 0.061371 0.141460
vn 0.994481 0.019376 0.103114
vn 0.994331 -0.070175 0.079885
vn 0.694129 -0.240540 -0.678473
vn 0.716522 0.241733 -0.654341
vn 0.734809 -0.469146 -0.489855
vn 0.715873 -0.606775 -0.345472
vn 0.720314 -0.632229 -0.285367
vn 0.701752 -0.676765 -0.222562
vn 0.713834 -0.632605 -0.300418
vn 0.809043 -0.222766 -0.543898
vn 0.776406 0.160490 -0.609457
vn 0.778689 0.179659 -0.601138
vn 0.763469 0.101649 -0.637795
vn 0.022781 -0.454031 -0.890695
vn 0.093428 0.305982 -0.947442
vn 0.072794 -0.697890 -0.712497
vn 0.028967 -0.826042 -0.562864
vn 0.029300 -0.866676 -0.498011
vn 0.029254 -0.892645 -0.449811
vn 0.027210 -0.822830 -0.567635
vn 0.061000 -0.326167 -0.943342
vn 0.087754 0.158738 -0.983413
vn 0.114425 0.235831 -0.965034
vn 0.082350 0.212250 -0.973739
vn -0.002446 -0.971878 -0.235470
vn -0.002446 -0.971878 -0.235470
vn -0.002446 -0.971879 -0.235470
vn -0.002446 -0.971878 -0.235470
vn -0.002446 -0.971878 -0.235470
vn -0.002446 -0.971879 -0.235470
vn -0.002446 -0.971878 -0.235470
vn -0.002446 -0.971879 -0.235470
vn 0.092842 0.164178 -0.982052
vn -0.645074 0.133372 -0.752390
vn -0.996971 0.024153 -0.073922
vn -0.761911 -0.095456 0.640609
vn -0.093347 -0.160786 0.982565
vn 0.628721 -0.133657 0.766059
vn 0.994055 -0.027656 0.105311
vn 0.775063 0.095864 -0.624570
vn -0.135807 -0.973597 0.183483
vn -0.643962 -0.605919 0.467092
vn -0.977850 -0.203920 -0.047175
vn -0.614733 -0.786682 -0.056875
vn -0.810175 -0.039821 0.584833
vn -0.994555 0.027574 -0.100503
vn -0.746540 0.078123 0.660738
vn -0.996646 0.025513 -0.077754
vn -0.999671 0.015398 0.020519
vn -0.752737 -0.046708 0.656662
vn -0.714858 0.079905 0.694689
vn -0.999492 0.031765 -0.002551
vn -0.687951 -0.046222 0.724283
vn -0.988878 0.036044 -0.144295
vn -0.638661 0.247381 0.728639
vn -0.987487 0.024559 0.155774
vn -0.698655 0.707679 0.105219
vn -0.998988 0.028258 -0.034989
vn -0.610759 0.791816 -0.000568
vn -0.999784 0.005250 0.020107
vn -0.641016 0.765917 0.049698
vn -0.979931 -0.173597 0.097978
vn -0.716367 -0.409034 -0.565251
vn -0.255211 -0.966837 0.009637
vn -0.687196 0.092674 -0.720537
vn -0.652117 -0.041019 -0.757008
vn -0.763474 0.083940 -0.640361
vn -0.696051 -0.036360 -0.717071
vn -0.512154 0.120999 -0.850328
vn -0.749705 -0.140245 -0.646740
vn -0.710117 -0.686335 -0.157094
vn -0.670543 -0.741849 0.005662
vn -0.605649 -0.794169 0.049854
vn 0.006210 -0.520534 -0.853818
vn -0.053060 -0.994997 0.084645
vn 0.050019 0.115873 -0.992004
vn 0.046963 -0.082819 -0.995457
vn 0.034325 0.116157 -0.992638
vn 0.037958 -0.082564 -0.995863
vn 0.057962 0.136785 -0.988904
vn 0.059633 -0.185203 -0.980889
vn 0.020485 -0.983411 -0.180233
vn -0.048290 -0.998830 0.002509
vn -0.147204 -0.989003 0.014282
vn 0.726906 -0.485386 -0.485807
vn 0.048968 -0.995424 0.082061
vn 0.756781 0.064563 -0.650472
vn 0.716691 -0.079525 -0.692842
vn 0.815784 0.054573 -0.575777
vn 0.748227 -0.077757 -0.658871
vn 0.606503 0.097564 -0.789073
vn 0.807157 -0.137964 -0.573990
vn 0.749171 -0.656774 -0.085972
vn 0.611120 -0.791400 0.014807
vn 0.365492 -0.930786 -0.007251
vn 0.980002 -0.193670 0.045699
vn 0.250106 -0.965314 0.074943
vn 0.999916 -0.012617 -0.002943
vn 0.999487 -0.031403 0.006239
vn 0.992685 -0.025110 0.118096
vn 0.996358 -0.025147 0.081480
vn 0.998827 -0.001412 -0.048407
vn 0.973384 0.022046 0.228117
vn 0.993759 0.088649 0.067716
vn 0.998547 -0.052605 0.011731
vn 0.927145 -0.373195 -0.033570
vn 0.567964 -0.628261 0.531700
vn 0.012008 -0.982974 0.183352
vn 0.757300 -0.071526 0.649138
vn 0.694161 0.036810 0.718878
vn 0.682546 -0.076776 0.726799
vn 0.650116 0.041499 0.758701
vn 0.620523 -0.069099 0.781138
vn 0.576176 0.246062 0.779407
vn 0.640336 0.747906 0.174946
vn 0.698306 0.715541 -0.019242
vn 0.791287 0.606480 -0.077767
vn -0.047174 -0.655739 0.753513
vn -0.053481 -0.983223 0.174393
vn -0.032723 -0.087150 0.995658
vn -0.037868 0.083037 0.995827
vn -0.047881 -0.086834 0.995071
vn -0.046929 0.083294 0.995420
vn -0.044423 -0.069986 0.996558
vn -0.041715 0.348007 0.936563
vn -0.037088 0.981956 0.185436
vn 0.076369 0.996648 -0.029325
vn 0.132173 0.989684 -0.055275
vn 0.173204 0.728375 -0.662926
vn 0.173204 0.728375 -0.662926
vn 0.173204 0.728375 -0.662926
vn 0.173204 0.728375 -0.662926
vn 0.173204 0.728375 -0.662926
vn 0.173204 0.728375 -0.662926
vn 0.173204 0.728375 -0.662926
vn 0.173204 0.728375 -0.662926
vn 0.225301 -0.958293 -0.175826
vn 0.897000 -0.419739 -0.138603
vn 0.824225 0.565905 0.020116
vn 0.242419 0.956162 0.164276
vn -0.568279 0.779479 0.263574
vn -0.984735 -0.122431 0.123725
vn -0.700923 -0.711807 -0.045133
vn -0.295665 -0.945959 -0.133209
vn -0.048584 -0.988798 0.141135
vn -0.048584 -0.988797 0.141135
vn -0.048584 -0.988798 0.141135
vn -0.048584 -0.988797 0.141135
vn -0.048584 -0.988797 0.141135
vn -0.048584 -0.988797 0.141135
vn -0.048584 -0.988798 0.141135
vn -0.048584 -0.988797 0.141135
vn 0.803705 -0.408439 -0.432707
vn 0.993818 -0.051105 0.098559
vn 0.988204 -0.113677 0.102615
vn 0.745182 -0.567245 -0.350625
vn 0.983482 -0.175550 0.044101
vn 0.632886 -0.774194 -0.008862
vn 0.943978 -0.213232 -0.251870
vn 0.609317 -0.773096 0.176228
vn 0.601457 -0.373960 -0.705977
vn 0.401130 -0.912275 -0.082753
vn 0.144978 -0.466899 -0.872345
vn 0.044053 -0.955101 -0.292987
vn 0.127862 -0.459924 -0.878704
vn 0.160580 -0.941451 -0.296453
vn 0.739881 0.349583 0.574776
vn 0.761302 0.403502 0.507550
vn 0.817975 0.572415 0.057081
vn 0.684102 0.511028 -0.520438
vn 0.396217 0.379236 -0.836177
vn 0.161808 0.290127 -0.943210
vn 0.021812 0.302515 -0.952895
vn -0.046523 0.622782 0.781011
vn -0.014268 0.758240 0.651819
vn 0.005759 0.999428 0.033337
vn -0.028179 0.902958 -0.428803
vn -0.038287 0.895283 -0.443849
vn 0.068043 0.918333 -0.389917
vn -0.116091 0.890625 -0.439671
vn -0.802265 0.430753 0.413306
vn -0.791074 0.530325 0.304889
vn -0.774630 0.632411 -0.002170
vn -0.687431 0.720199 -0.093550
vn -0.434772 0.879082 0.195417
vn -0.070462 0.913409 0.400897
vn -0.198496 0.930441 0.308026
vn -0.992083 0.047812 -0.116123
vn -0.986491 0.028223 -0.161365
vn -0.998417 -0.048200 -0.029003
vn -0.953865 0.137933 0.266677
vn -0.599183 0.420458 0.681318
vn -0.152893 0.441787 0.883996
vn -0.172242 0.478410 0.861079
vn -0.721580 -0.337288 -0.604614
vn -0.695553 -0.472294 -0.541428
vn -0.729237 -0.681411 -0.062386
vn -0.704289 -0.506851 0.497070
vn -0.489308 -0.218362 0.844331
vn -0.164287 -0.220054 0.961554
vn -0.046715 -0.255576 0.965660
vn 0.068555 -0.578806 -0.812578
vn 0.039256 -0.751465 -0.658604
vn -0.063419 -0.995958 -0.063602
vn -0.075527 -0.874853 0.478465
vn -0.098692 -0.799247 0.592844
vn -0.091585 -0.848830 0.520673
vn 0.097950 -0.872230 0.479188
vn -0.731473 -0.370918 -0.572160
vn -0.706757 -0.547635 -0.447873
vn -0.994491 -0.100298 -0.030450
vn -0.996635 -0.002340 -0.081939
vn -0.642835 -0.756969 -0.117304
vn -0.979815 -0.157664 -0.122898
vn -0.676115 -0.734680 0.055801
vn -0.886068 -0.162994 -0.433955
vn -0.448563 -0.882188 -0.143299
vn -0.516319 -0.335453 -0.787964
vn -0.047899 -0.952730 -0.300018
vn -0.024841 -0.463271 -0.885868
vn -0.250360 -0.909160 -0.332788
vn -0.098594 -0.446515 -0.889327
vn -0.824437 0.399587 0.400792
vn -0.813222 0.387802 0.433912
vn -0.795803 0.599932 -0.082340
vn -0.545177 0.529329 -0.650071
vn -0.239151 0.401407 -0.884126
vn 0.010667 0.292908 -0.956081
vn 0.111299 0.295768 -0.948754
vn -0.083279 0.751048 0.654974
vn -0.064324 0.623277 0.779351
vn 0.056178 0.997802 0.035140
vn 0.145401 0.889834 -0.432498
vn 0.169520 0.887083 -0.429356
vn 0.047115 0.918982 -0.391474
vn 0.288837 0.870403 -0.398714
vn 0.743418 0.525713 0.413467
vn 0.734957 0.392955 0.552652
vn 0.793568 0.594171 0.131191
vn 0.724809 0.688238 0.031321
vn 0.461182 0.848318 0.260131
vn 0.056334 0.908632 0.413782
vn 0.318997 0.881401 0.348386
vn 0.999399 0.020186 -0.028171
vn 0.997930 -0.000952 0.064307
vn 0.986821 -0.072268 0.144783
vn 0.888015 0.095450 0.449799
vn 0.518179 0.385850 0.763289
vn 0.032330 0.434708 0.899991
vn 0.190456 0.459441 0.867549
vn 0.754188 -0.481100 -0.446926
vn 0.801349 -0.374557 -0.466419
vn 0.716447 -0.694706 0.063940
vn 0.565166 -0.531871 0.630635
vn 0.342948 -0.242173 0.907601
vn -0.009115 -0.224833 0.974355
vn -0.058712 -0.241155 0.968709
vn 0.026637 -0.749067 -0.661959
vn 0.050567 -0.578330 -0.814234
vn 0.046264 -0.997401 -0.055234
vn -0.064553 -0.868697 0.491119
vn -0.045151 -0.798953 0.599696
vn -0.044041 -0.849900 0.525100
vn -0.260092 -0.855331 0.448063
vn 0.071325 -0.780582 -0.620971
vn 0.071325 -0.780582 -0.620971
vn 0.071325 -0.780582 -0.620971
vn 0.071325 -0.780582 -0.620971
vn 0.115455 -0.106098 -0.987630
vn 0.115455 -0.106098 -0.987630
vn 0.115455 -0.106098 -0.987630
vn 0.115455 -0.106098 -0.987630
vn 0.093409 0.627607 -0.772906
vn 0.093409 0.627607 -0.772906
vn 0.093409 0.627607 -0.772906
vn 0.093409 0.627607 -0.772906
vn 0.018131 0.993883 -0.108938
vn 0.018131 0.993883 -0.108938
vn 0.018131 0.993883 -0.108938
vn 0.018131 0.993883 -0.108938
vn -0.069770 0.780521 0.621223
vn -0.069770 0.780521 0.621223
vn -0.069770 0.780521 0.621224
vn -0.069770 0.780521 0.621223
vn -0.117828 0.106008 0.987360
vn -0.117828 0.106008 0.987360
vn -0.117828 0.106008 0.987360
vn -0.117828 0.106008 0.987360
vn -0.094782 -0.627527 0.772804
vn -0.094782 -0.627527 0.772804
vn -0.094782 -0.627527 0.772804
vn -0.094782 -0.627527 0.772804
vn -0.015504 -0.993918 0.109023
vn -0.015504 -0.993918 0.109023
vn -0.015504 -0.993918 0.109023
vn -0.015504 -0.993918 0.109023
vn 0.871418 0.290515 -0.395261
vn 0.972141 0.171053 0.160262
vn 0.994599 -0.013668 0.102891
vn 0.803318 -0.416123 -0.426054
vn 0.991976 0.049302 0.116418
vn 0.804957 -0.496952 -0.324164
vn 0.977959 0.201202 0.055804
vn 0.754035 -0.617413 -0.224126
vn 0.948602 0.040103 0.313919
vn 0.938546 -0.168165 -0.301416
vn 0.967023 -0.175097 0.184951
vn 0.782642 0.191816 -0.592181
vn 0.970954 0.239187 0.006193
vn 0.743125 0.006870 -0.669117
vn 0.877277 0.276992 -0.391995
vn 0.822626 -0.463005 -0.330019
vn 0.673100 0.404970 -0.618818
vn 0.776078 -0.379041 -0.504014
vn 0.423169 0.440881 -0.791551
vn 0.502630 -0.336152 -0.796470
vn 0.163558 0.448550 -0.878665
vn 0.157023 -0.328085 -0.931507
vn 0.080784 0.432065 -0.898217
vn 0.085460 -0.326480 -0.941333
vn 0.088474 -0.346915 -0.933714
vn 0.036606 0.429745 -0.902208
vn 0.607409 0.600759 0.519752
vn 0.656533 0.444716 0.609256
vn 0.616869 0.591053 0.519739
vn 0.507937 0.811446 0.289059
vn 0.547085 0.213846 0.809301
vn 0.469643 -0.396595 0.788763
vn 0.543412 0.295538 0.785723
vn 0.434009 0.873930 -0.218819
vn 0.180717 0.916768 -0.356198
vn 0.076594 0.956816 -0.280422
vn 0.073815 0.952078 -0.296816
vn 0.031834 0.944953 -0.325654
vn -0.040663 0.948365 -0.314563
vn -0.188291 0.849509 0.492829
vn -0.226752 0.633742 0.739564
vn -0.205384 0.768772 0.605646
vn -0.144843 0.927943 0.343426
vn -0.159714 0.298977 0.940800
vn -0.232390 -0.373154 0.898193
vn -0.276329 0.114577 0.954209
vn -0.441985 0.867741 0.227320
vn -0.411007 0.900369 0.142861
vn -0.287954 0.873439 0.392666
vn -0.057460 0.888297 0.455660
vn -0.033158 0.898037 0.438670
vn -0.091513 0.886005 0.454555
vn -0.877628 0.397047 0.268557
vn -0.897910 0.333596 0.287178
vn -0.860932 0.423564 0.281763
vn -0.772249 0.594697 0.223531
vn -0.772118 0.249313 0.584531
vn -0.863282 -0.127328 0.488396
vn -0.832034 -0.079784 0.548958
vn -0.890174 0.086905 0.447255
vn -0.762502 0.363149 0.535456
vn -0.481009 0.343110 0.806787
vn -0.154885 0.311806 0.937437
vn -0.077876 0.325630 0.942285
vn -0.089481 0.305353 0.948026
vn -0.970061 0.174066 -0.169359
vn -0.954216 -0.126637 -0.270990
vn -0.974965 -0.139943 -0.172799
vn -0.977647 -0.200838 -0.062220
vn -0.995695 0.091291 -0.016071
vn -0.929528 0.220277 -0.295729
vn -0.964677 -0.231829 -0.125114
vn -0.791260 -0.528939 0.306807
vn -0.711641 -0.345701 0.611603
vn -0.461896 -0.338448 0.819820
vn -0.163414 -0.438114 0.883942
vn -0.075666 -0.442469 0.893586
vn -0.040127 -0.452607 0.890807
vn -0.530097 0.484503 -0.695883
vn -0.514148 -0.507688 -0.691307
vn -0.568747 -0.629626 -0.529242
vn -0.517182 -0.811490 -0.272043
vn -0.721443 -0.145526 -0.677010
vn -0.447384 0.393146 -0.803296
vn -0.571316 -0.304761 -0.762049
vn -0.387659 -0.920326 0.052157
vn -0.297130 -0.874429 0.383521
vn -0.187442 -0.896692 0.401011
vn -0.077072 -0.941311 0.328624
vn -0.024893 -0.949775 0.311943
vn 0.029893 -0.946068 0.322587
vn 0.170544 0.655094 -0.736048
vn 0.201389 -0.630894 -0.749277
vn 0.171851 -0.784290 -0.596118
vn 0.118837 -0.940183 -0.319270
vn 0.314688 -0.305577 -0.898663
vn 0.171222 0.384881 -0.906945
vn 0.142231 -0.215816 -0.966020
vn 0.275608 -0.947160 -0.164096
vn 0.335398 -0.940298 -0.057854
vn 0.249264 -0.919447 -0.304113
vn 0.056236 -0.904266 -0.423249
vn 0.042504 -0.893763 -0.446521
vn 0.083417 -0.902919 -0.421638
vn -0.770983 0.330959 -0.544106
vn -0.733079 -0.378289 -0.565237
vn -0.996342 0.034984 -0.077970
vn -0.975676 0.218603 -0.016412
vn -0.756935 -0.458440 -0.465706
vn -0.993156 0.097801 -0.063848
vn -0.730720 -0.580815 -0.358752
vn -0.961149 0.248482 -0.120205
vn -0.872930 -0.153106 -0.463198
vn -0.985680 0.111740 0.126286
vn -0.672184 0.217416 -0.707742
vn -0.989832 -0.137995 0.034507
vn -0.587984 0.114551 -0.800720
vn -0.944451 0.271316 -0.185471
vn -0.771579 -0.423417 -0.474747
vn -0.777904 0.317700 -0.542155
vn -0.690314 -0.342831 -0.637129
vn -0.530155 0.434773 -0.727947
vn -0.368452 -0.320794 -0.872545
vn -0.233071 0.455999 -0.858920
vn -0.010049 -0.299093 -0.954171
vn 0.016082 0.469284 -0.882901
vn -0.732728 0.478974 0.483419
vn -0.661056 0.631671 0.404965
vn -0.670568 0.622791 0.403077
vn -0.511741 0.836356 0.196546
vn -0.669188 0.299428 0.680095
vn -0.611960 -0.371269 0.698330
vn -0.698045 0.194648 0.689090
vn -0.344618 0.892956 -0.289600
vn -0.068949 0.922898 -0.378821
vn 0.052742 0.956981 -0.285316
vn 0.031286 0.952020 -0.304433
vn 0.120909 0.625131 0.771098
vn 0.138016 0.841271 0.522699
vn 0.130336 0.760564 0.636047
vn 0.125423 0.921367 0.367901
vn 0.006214 0.358797 0.933395
vn 0.046529 -0.380239 0.923717
vn 0.097351 -0.046336 0.994171
vn 0.435473 0.846277 0.306884
vn 0.421875 0.879947 0.218437
vn 0.274636 0.853193 0.443437
vn 0.027327 0.896845 0.441500
vn 0.846670 0.290927 0.445546
vn 0.832744 0.356823 0.423338
vn 0.815591 0.382705 0.433991
vn 0.747420 0.557497 0.361331
vn 0.666905 0.261360 0.697803
vn 0.739087 -0.176523 0.650069
vn 0.723725 -0.180386 0.666095
vn 0.798388 0.045559 0.600417
vn 0.670542 0.328062 0.665394
vn 0.343680 0.315996 0.884325
vn 0.007388 0.332769 0.942980
vn 0.980147 -0.173881 -0.095270
vn 0.991802 0.127587 0.007109
vn 0.982177 -0.187899 0.004792
vn 0.961938 -0.248531 0.113610
vn 0.986310 0.048943 0.157472
vn 0.982310 0.162121 -0.093722
vn 0.973390 -0.229024 0.007779
vn 0.696694 -0.565109 0.441893
vn 0.572511 -0.377070 0.728045
vn 0.271668 -0.363491 0.891107
vn -0.017020 -0.428593 0.903338
vn 0.604984 -0.535026 -0.589696
vn 0.669124 0.455899 -0.586881
vn 0.623532 -0.658789 -0.420956
vn 0.517545 -0.836890 -0.178219
vn 0.814474 -0.239483 -0.528469
vn 0.616173 0.365785 -0.697519
vn 0.691742 -0.222833 -0.686904
vn 0.326668 -0.937907 0.116699
vn 0.180556 -0.886074 0.426933
vn 0.040787 -0.903746 0.426121
vn -0.032682 -0.942689 0.332068
vn -0.094021 -0.623597 -0.776071
vn -0.003359 0.659567 -0.751638
vn -0.100046 -0.777558 -0.620801
vn -0.105146 -0.934699 -0.339532
vn -0.165643 -0.371631 -0.913484
vn 0.009488 0.388010 -0.921606
vn 0.032692 -0.097315 -0.994717
vn -0.287532 -0.933274 -0.215231
vn -0.364997 -0.923036 -0.121582
vn -0.254531 -0.905099 -0.340602
vn -0.030503 -0.894919 -0.445184
vn 0.681178 -0.650636 0.335663
vn 0.988947 0.016328 0.147366
vn 0.988914 -0.101425 -0.108450
vn 0.651015 -0.731521 0.202626
vn 0.693469 -0.353787 -0.627643
vn 0.425071 -0.901410 -0.082309
vn -0.093561 -0.419610 -0.902870
vn -0.131313 -0.953908 -0.269845
vn -0.641157 -0.293343 -0.709131
vn -0.540487 -0.815181 -0.208214
vn -0.903691 -0.088153 -0.419013
vn -0.692002 -0.718183 -0.073122
vn -0.738511 -0.658602 0.144379
vn -0.989226 0.035165 -0.142107
vn -0.997097 0.072486 0.023334
vn -0.746405 -0.614550 0.255360
vn 0.730526 0.671469 -0.124344
vn 0.719688 0.598366 -0.352147
vn 0.485203 0.448688 -0.750504
vn 0.017209 0.384710 -0.922877
vn -0.377723 0.417828 -0.826284
vn -0.613984 0.583172 -0.531916
vn -0.626179 0.702803 -0.337593
vn -0.653986 0.722316 -0.224859
vn 0.042627 0.943942 -0.327348
vn -0.024647 0.926904 -0.374487
vn -0.049441 0.928517 -0.367984
vn 0.113854 0.929596 -0.350554
vn 0.177744 0.906891 -0.382041
vn 0.082935 0.942118 -0.324861
vn 0.121942 0.937513 -0.325883
vn 0.091791 0.936713 -0.337852
vn -0.680587 0.651290 -0.335593
vn -0.723188 0.669984 -0.167696
vn -0.511889 0.835784 0.198582
vn 0.123346 0.913462 0.387779
vn 0.576439 0.766203 0.283993
vn 0.718141 0.689560 0.093705
vn 0.781301 0.612235 -0.121399
vn 0.779169 0.577583 -0.243502
vn -0.989468 -0.031408 -0.141305
vn -0.990081 0.080261 0.115320
vn -0.690639 0.345553 0.635304
vn 0.076146 0.457814 0.885781
vn 0.634313 0.262985 0.726970
vn 0.900633 0.087012 0.425780
vn 0.988991 -0.034449 0.143913
vn 0.993216 -0.116073 -0.007021
vn -0.714657 -0.686678 0.133188
vn -0.765099 -0.544107 0.344341
vn -0.547606 -0.314421 0.775414
vn 0.008850 -0.215991 0.976355
vn 0.396478 -0.376476 0.837300
vn 0.635166 -0.551315 0.540940
vn 0.675419 -0.657585 0.333754
vn 0.642187 -0.731557 0.228956
vn -0.024993 -0.943529 0.330346
vn -0.101278 -0.912427 0.396509
vn -0.107097 -0.855657 0.506341
vn -0.074687 -0.834857 0.545376
vn -0.102211 -0.878985 0.465767
vn -0.024479 -0.936248 0.350487
vn -0.026849 -0.938836 0.343316
vn -0.067039 -0.938984 0.337364
vn 0.657458 -0.716853 0.232100
vn 0.971312 -0.047228 0.233070
vn 0.962784 -0.131744 -0.235989
vn 0.649266 -0.760477 0.011352
vn 0.529924 -0.104918 -0.841530
vn 0.410618 -0.832231 -0.372536
vn -0.129018 -0.129903 -0.983097
vn -0.199635 -0.767701 -0.608918
vn -0.493268 -0.709397 -0.503431
vn -0.456399 -0.036472 -0.889028
vn -0.900072 0.088906 -0.426575
vn -0.716837 -0.692348 -0.082455
vn -0.987675 0.118265 0.102528
vn -0.769184 -0.609768 0.191153
vn 0.760842 0.639873 0.108090
vn 0.648192 0.660675 -0.378624
vn 0.242572 0.664071 -0.707226
vn 0.015140 0.594660 -0.803835
vn -0.171323 0.636552 -0.751964
vn -0.414188 0.803674 -0.427266
vn -0.607554 0.792588 -0.051798
vn 0.055233 0.993911 -0.095348
vn -0.175631 0.959001 -0.222422
vn -0.148215 0.979517 -0.136302
vn 0.156817 0.981040 -0.113880
vn 0.235383 0.960643 -0.147512
vn 0.284819 0.949462 -0.131907
vn 0.175490 0.968745 -0.175317
vn -0.694163 0.681196 -0.232615
vn -0.765928 0.638171 0.078049
vn -0.397885 0.778105 0.486045
vn 0.200274 0.757591 0.621246
vn 0.505098 0.671069 0.542717
vn 0.803322 0.563538 0.192610
vn 0.834313 0.519887 -0.183411
vn -0.974850 0.012107 -0.222532
vn -0.950310 0.051551 0.307009
vn -0.491710 0.209545 0.845170
vn 0.134078 0.141701 0.980787
vn 0.479506 0.048850 0.876178
vn 0.914989 -0.111572 0.387746
vn 0.973211 -0.214069 -0.083880
vn -0.758583 -0.643529 -0.102089
vn -0.700326 -0.609856 0.370971
vn -0.392361 -0.465219 0.793489
vn -0.007022 -0.565661 0.824608
vn 0.215540 -0.576094 0.788453
vn 0.555971 -0.717533 0.419574
vn 0.583400 -0.810157 0.057363
vn -0.089970 -0.992006 0.088491
vn -0.027522 -0.970662 0.238866
vn -0.030633 -0.940693 0.337874
vn -0.153459 -0.976292 0.152657
vn -0.198398 -0.948423 0.247250
vn -0.088499 -0.959579 0.267163
vn -0.118388 -0.978402 0.169452
vn -0.135857 -0.973494 0.183990
vn -0.644302 -0.605421 0.467270
vn -0.977997 -0.203256 -0.046991
vn -0.609529 -0.791042 -0.052218
vn -0.810105 -0.039830 0.584930
vn -0.994553 0.027580 -0.100519
vn -0.746630 0.078128 0.660636
vn -0.996644 0.025479 -0.077793
vn -0.999670 0.015377 0.020575
vn -0.752633 -0.046729 0.656780
vn -0.714998 0.079909 0.694545
vn -0.999493 0.031739 -0.002550
vn -0.688189 -0.046166 0.724061
vn -0.988837 0.036082 -0.144570
vn -0.638884 0.247468 0.728414
vn -0.987497 0.024688 0.155694
vn -0.698716 0.707622 0.105199
vn -0.998984 0.028470 -0.034948
vn -0.650033 0.751135 0.115125
vn -0.998970 -0.032998 0.031157
vn -0.658273 0.707151 0.258095
vn -0.983489 -0.134724 0.120823
vn -0.716487 -0.408375 -0.565576
vn -0.253948 -0.967151 0.011367
vn -0.687198 0.092673 -0.720536
vn -0.652223 -0.041039 -0.756916
vn -0.763453 0.083937 -0.640386
vn -0.696218 -0.036375 -0.716908
vn -0.512015 0.120993 -0.850412
vn -0.749536 -0.140345 -0.646915
vn -0.710112 -0.686336 -0.157112
vn -0.665008 -0.743508 -0.070422
vn -0.656758 -0.751774 -0.059194
vn 0.006615 -0.520216 -0.854009
vn -0.052867 -0.995011 0.084605
vn 0.049862 0.115870 -0.992012
vn 0.046709 -0.082773 -0.995473
vn 0.034281 0.116160 -0.992639
vn 0.037731 -0.082519 -0.995875
vn 0.057766 0.136795 -0.988914
vn 0.059457 -0.185333 -0.980875
vn 0.020579 -0.983417 -0.180189
vn -0.032764 -0.994325 -0.101215
vn -0.165789 -0.973876 -0.155177
vn 0.727197 -0.484667 -0.486089
vn 0.050451 -0.995473 0.080546
vn 0.756826 0.064550 -0.650422
vn 0.716325 -0.079507 -0.693222
vn 0.815817 0.054554 -0.575731
vn 0.747924 -0.077744 -0.659216
vn 0.606159 0.097632 -0.789329
vn 0.807062 -0.137904 -0.574137
vn 0.749218 -0.656719 -0.085979
vn 0.629088 -0.773330 -0.078795
vn 0.402297 -0.896434 -0.185912
vn 0.980081 -0.193357 0.045321
vn 0.256251 -0.964055 0.070246
vn 0.999916 -0.012619 -0.003103
vn 0.999489 -0.031395 0.005954
vn 0.992705 -0.025115 0.117924
vn 0.996393 -0.025141 0.081055
vn 0.998844 -0.001419 -0.048046
vn 0.973369 0.021962 0.228189
vn 0.993769 0.088570 0.067672
vn 0.998047 -0.059538 -0.018920
vn 0.946901 -0.295988 -0.125574
vn 0.567859 -0.628305 0.531760
vn 0.012815 -0.982870 0.183853
vn 0.757364 -0.071538 0.649063
vn 0.694318 0.036845 0.718724
vn 0.682597 -0.076788 0.726750
vn 0.650250 0.041531 0.758585
vn 0.620675 -0.069044 0.781022
vn 0.576262 0.245930 0.779385
vn 0.640549 0.747736 0.174894
vn 0.718497 0.693947 0.046902
vn 0.789495 0.613037 0.029718
vn -0.047516 -0.655662 0.753558
vn -0.053438 -0.983102 0.175084
vn -0.032967 -0.087147 0.995650
vn -0.038242 0.083063 0.995810
vn -0.048130 -0.086833 0.995060
vn -0.047353 0.083320 0.995397
vn -0.044539 -0.069940 0.996556
vn -0.041760 0.347922 0.936593
vn -0.037105 0.981954 0.185446
vn 0.069095 0.992684 0.099021
vn 0.112062 0.976993 0.181460
vn 0.173189 0.728344 -0.662964
vn 0.173189 0.728344 -0.662964
vn 0.173189 0.728344 -0.662964
vn 0.173189 0.728344 -0.662964
vn 0.173189 0.728344 -0.662964
vn 0.173189 0.728344 -0.662964
vn 0.173189 0.728344 -0.662964
vn 0.173189 0.728344 -0.662964
vn 0.226294 -0.957959 -0.176367
vn 0.896957 -0.420126 -0.137704
vn 0.824109 0.566071 0.020198
vn 0.241855 0.956300 0.164308
vn -0.567058 0.781139 0.261279
vn -0.984879 -0.121981 0.123020
vn -0.701158 -0.711556 -0.045437
vn -0.295287 -0.945953 -0.134086
vn -0.048611 -0.988791 0.141171
vn -0.048611 -0.988791 0.141171
vn -0.048611 -0.988791 0.141171
vn -0.048611 -0.988791 0.141171
vn -0.048611 -0.988791 0.141171
vn -0.048611 -0.988791 0.141171
vn -0.048611 -0.988791 0.141171
vn -0.048611 -0.988791 0.141171
s 1
g DHONI_MOTION_POSTER_2:Gopiknath_20210802_1927:Gopiknath_20210801_1428:Gopiknath_20210731_0019:HELMET5 HELMETS DHONI_MOTION_POSTER_2:Gopiknath_20210802_1927:Gopiknath_20210801_1428:Gopiknath_20210731_0019:helemt_group7_helmet_group3_group4_nurbsToPoly19
usemtl initialShadingGroup
f 2668/3492/3807 2679/3493/3808 2680/3713/3809 2669/3495/3810
f 2669/3495/3810 2680/3713/3809 2681/3712/3811 2670/3497/3812
f 2670/3497/3812 2681/3712/3811 2682/3711/3813 2671/3499/3814
f 2671/3499/3814 2682/3711/3813 2683/3710/3815 2672/3501/3816
f 2672/3501/3816 2683/3710/3815 2684/3708/3817 2673/3502/3818
f 2673/3502/3818 2684/3708/3817 2685/3709/3819 2674/3690/3820
f 2674/3504/3820 2685/3503/3819 2686/3505/3821 2675/3506/3822
f 2675/3506/3822 2686/3505/3821 2687/3507/3823 2676/3508/3824
f 2677/3509/3825 2676/3508/3824 2687/3507/3823 2688/3510/3826
f 2677/3509/3825 2688/3510/3826 2758/3511/3827 2757/3512/3828
f 2679/3714/3808 2690/3513/3829 2691/3514/3830 2680/3494/3809
f 2680/3494/3809 2691/3514/3830 2692/3515/3831 2681/3496/3811
f 2681/3496/3811 2692/3515/3831 2693/3516/3832 2682/3498/3813
f 2682/3498/3813 2693/3516/3832 2694/3517/3833 2683/3500/3815
f 2683/3500/3815 2694/3517/3833 2695/3681/3834 2684/3679/3817
f 2684/3679/3817 2695/3681/3834 2696/3678/3835 2685/3677/3819
f 2685/3503/3819 2696/3518/3835 2697/3519/3836 2686/3505/3821
f 2686/3505/3821 2697/3519/3836 2698/3520/3837 2687/3507/3823
f 2687/3507/3823 2698/3520/3837 2699/3521/3838 2688/3510/3826
f 2688/3510/3826 2699/3521/3838 2759/3522/3839 2758/3511/3827
f 2690/3513/3829 2701/3523/3840 2702/3524/3841 2691/3514/3830
f 2691/3514/3830 2702/3524/3841 2703/3525/3842 2692/3515/3831
f 2692/3515/3831 2703/3525/3842 2704/3526/3843 2693/3516/3832
f 2693/3516/3832 2704/3526/3843 2705/3527/3844 2694/3517/3833
f 2694/3517/3833 2705/3527/3844 2706/3683/3845 2695/3681/3834
f 2695/3681/3834 2706/3683/3845 2707/3680/3846 2696/3678/3835
f 2696/3518/3835 2707/3528/3846 2708/3529/3847 2697/3519/3836
f 2697/3519/3836 2708/3529/3847 2709/3530/3848 2698/3520/3837
f 2698/3520/3837 2709/3530/3848 2710/3531/3849 2699/3521/3838
f 2699/3521/3838 2710/3531/3849 2760/3532/3850 2759/3522/3839
f 2701/3523/3840 2712/3533/3851 2713/3534/3852 2702/3524/3841
f 2702/3524/3841 2713/3534/3852 2714/3535/3853 2703/3525/3842
f 2703/3525/3842 2714/3535/3853 2715/3536/3854 2704/3526/3843
f 2704/3526/3843 2715/3536/3854 2716/3537/3855 2705/3527/3844
f 2705/3527/3844 2716/3537/3855 2717/3685/3856 2706/3683/3845
f 2706/3683/3845 2717/3685/3856 2718/3682/3857 2707/3680/3846
f 2707/3528/3846 2718/3538/3857 2719/3539/3858 2708/3529/3847
f 2708/3529/3847 2719/3539/3858 2720/3540/3859 2709/3530/3848
f 2709/3530/3848 2720/3540/3859 2721/3541/3860 2710/3531/3849
f 2710/3531/3849 2721/3541/3860 2761/3542/3861 2760/3532/3850
f 2712/3533/3851 2723/3543/3862 2724/3544/3863 2713/3534/3852
f 2713/3534/3852 2724/3544/3863 2725/3545/3864 2714/3535/3853
f 2714/3535/3853 2725/3545/3864 2726/3546/3865 2715/3536/3854
f 2715/3536/3854 2726/3546/3865 2727/3547/3866 2716/3537/3855
f 2716/3537/3855 2727/3547/3866 2728/3687/3867 2717/3685/3856
f 2717/3685/3856 2728/3687/3867 2729/3684/3868 2718/3682/3857
f 2718/3538/3857 2729/3548/3868 2730/3706/3869 2719/3539/3858
f 2719/3539/3858 2730/3706/3869 2731/3705/3870 2720/3540/3859
f 2720/3540/3859 2731/3705/3870 2732/3704/3871 2721/3541/3860
f 2721/3541/3860 2732/3704/3871 2762/3703/3872 2761/3542/3861
f 2723/3543/3862 2734/3553/3873 2735/3554/3874 2724/3544/3863
f 2724/3544/3863 2735/3554/3874 2736/3555/3875 2725/3545/3864
f 2725/3545/3864 2736/3555/3875 2737/3556/3876 2726/3546/3865
f 2726/3546/3865 2737/3556/3876 2738/3557/3877 2727/3547/3866
f 2727/3547/3866 2738/3557/3877 2739/3689/3878 2728/3687/3867
f 2728/3687/3867 2739/3689/3878 2740/3686/3879 2729/3684/3868
f 2729/3707/3868 2740/3558/3879 2741/3559/3880 2730/3549/3869
f 2730/3549/3869 2741/3559/3880 2742/3560/3881 2731/3550/3870
f 2731/3550/3870 2742/3560/3881 2743/3561/3882 2732/3551/3871
f 2732/3551/3871 2743/3561/3882 2763/3562/3883 2762/3552/3872
f 2734/3553/3873 2745/3563/3884 2746/3564/3885 2735/3554/3874
f 2735/3554/3874 2746/3564/3885 2747/3565/3886 2736/3555/3875
f 2736/3555/3875 2747/3565/3886 2748/3566/3887 2737/3556/3876
f 2737/3556/3876 2748/3566/3887 2749/3567/3888 2738/3557/3877
f 2738/3557/3877 2749/3567/3888 2750/3691/3889 2739/3689/3878
f 2739/3689/3878 2750/3691/3889 2751/3688/3890 2740/3686/3879
f 2740/3558/3879 2751/3568/3890 2752/3569/3891 2741/3559/3880
f 2741/3559/3880 2752/3569/3891 2753/3570/3892 2742/3560/3881
f 2742/3560/3881 2753/3570/3892 2754/3571/3893 2743/3561/3882
f 2743/3561/3882 2754/3571/3893 2756/3572/3894 2763/3562/3883
f 2745/3563/3884 2668/3492/3807 2669/3495/3810 2746/3564/3885
f 2746/3564/3885 2669/3495/3810 2670/3497/3812 2747/3565/3886
f 2747/3565/3886 2670/3497/3812 2671/3499/3814 2748/3566/3887
f 2748/3566/3887 2671/3499/3814 2672/3501/3816 2749/3567/3888
f 2749/3567/3888 2672/3501/3816 2673/3502/3818 2750/3691/3889
f 2750/3691/3889 2673/3502/3818 2674/3690/3820 2751/3688/3890
f 2751/3568/3890 2674/3504/3820 2675/3506/3822 2752/3569/3891
f 2752/3569/3891 2675/3506/3822 2676/3508/3824 2753/3570/3892
f 2753/3570/3892 2676/3508/3824 2677/3509/3825 2754/3571/3893
f 2754/3571/3893 2677/3509/3825 2757/3512/3828 2756/3572/3894
s off
f 2678/3573/3895 2689/3574/3896 2700/3575/3897 2711/3576/3898 2722/3577/3899 2733/3578/3900 2744/3579/3901 2755/3580/3902
s 1
f 2756/3572/3894 2757/3512/3828 2678/3573/3903 2755/3580/3904
f 2758/3511/3827 2689/3574/3905 2678/3573/3903 2757/3512/3828
f 2759/3522/3839 2700/3575/3906 2689/3574/3905 2758/3511/3827
f 2760/3532/3850 2711/3576/3907 2700/3575/3906 2759/3522/3839
f 2761/3542/3861 2722/3577/3908 2711/3576/3907 2760/3532/3850
f 2762/3703/3872 2733/3578/3909 2722/3577/3908 2761/3542/3861
f 2763/3562/3883 2744/3579/3910 2733/3578/3909 2762/3552/3872
f 2756/3572/3894 2755/3580/3904 2744/3579/3910 2763/3562/3883
s 2
f 2764/3581/3911 2765/3582/3912 2776/3583/3913 2775/3584/3914
f 2765/3582/3912 2766/3585/3915 2777/3586/3916 2776/3583/3913
f 2766/3585/3915 2767/3587/3917 2778/3588/3918 2777/3586/3916
f 2767/3587/3917 2768/3589/3919 2779/3590/3920 2778/3588/3918
f 2768/3589/3919 2769/3591/3921 2780/3592/3922 2779/3590/3920
f 2769/3591/3921 2770/3593/3923 2781/3594/3924 2780/3592/3922
f 2770/3593/3923 2771/3595/3925 2782/3596/3926 2781/3594/3924
f 2771/3595/3925 2772/3597/3927 2783/3598/3928 2782/3596/3926
f 2773/3599/3929 2784/3600/3930 2783/3598/3928 2772/3597/3927
f 2773/3599/3929 2853/3601/3931 2854/3602/3932 2784/3600/3930
f 2775/3584/3914 2776/3583/3913 2787/3603/3933 2786/3604/3934
f 2776/3583/3913 2777/3586/3916 2788/3605/3935 2787/3603/3933
f 2777/3586/3916 2778/3588/3918 2789/3606/3936 2788/3605/3935
f 2778/3588/3918 2779/3590/3920 2790/3607/3937 2789/3606/3936
f 2779/3590/3920 2780/3592/3922 2791/3608/3938 2790/3607/3937
f 2780/3592/3922 2781/3594/3924 2792/3609/3939 2791/3608/3938
f 2781/3594/3924 2782/3596/3926 2793/3610/3940 2792/3609/3939
f 2782/3596/3926 2783/3598/3928 2794/3611/3941 2793/3610/3940
f 2783/3598/3928 2784/3600/3930 2795/3612/3942 2794/3611/3941
f 2784/3600/3930 2854/3602/3932 2855/3613/3943 2795/3612/3942
f 2786/3604/3934 2787/3603/3933 2798/3614/3944 2797/3615/3945
f 2787/3603/3933 2788/3605/3935 2799/3616/3946 2798/3614/3944
f 2788/3605/3935 2789/3606/3936 2800/3617/3947 2799/3616/3946
f 2789/3606/3936 2790/3607/3937 2801/3618/3948 2800/3617/3947
f 2790/3607/3937 2791/3608/3938 2802/3619/3949 2801/3618/3948
f 2791/3608/3938 2792/3609/3939 2803/3620/3950 2802/3619/3949
f 2792/3609/3939 2793/3610/3940 2804/3621/3951 2803/3620/3950
f 2793/3610/3940 2794/3611/3941 2805/3622/3952 2804/3621/3951
f 2794/3611/3941 2795/3612/3942 2806/3623/3953 2805/3622/3952
f 2795/3612/3942 2855/3613/3943 2856/3624/3954 2806/3623/3953
f 2797/3615/3945 2798/3614/3944 2809/3625/3955 2808/3626/3956
f 2798/3614/3944 2799/3616/3946 2810/3627/3957 2809/3625/3955
f 2799/3616/3946 2800/3617/3947 2811/3628/3958 2810/3627/3957
f 2800/3617/3947 2801/3618/3948 2812/3629/3959 2811/3628/3958
f 2801/3618/3948 2802/3619/3949 2813/3630/3960 2812/3629/3959
f 2802/3619/3949 2803/3620/3950 2814/3631/3961 2813/3630/3960
f 2803/3620/3950 2804/3621/3951 2815/3632/3962 2814/3631/3961
f 2804/3621/3951 2805/3622/3952 2816/3633/3963 2815/3632/3962
f 2805/3622/3952 2806/3623/3953 2817/3634/3964 2816/3633/3963
f 2806/3623/3953 2856/3624/3954 2857/3635/3965 2817/3634/3964
f 2808/3626/3956 2809/3625/3955 2820/3701/3966 2819/3702/3967
f 2809/3625/3955 2810/3627/3957 2821/3700/3968 2820/3701/3966
f 2810/3627/3957 2811/3628/3958 2822/3699/3969 2821/3700/3968
f 2811/3628/3958 2812/3629/3959 2823/3698/3970 2822/3699/3969
f 2812/3629/3959 2813/3630/3960 2824/3697/3971 2823/3698/3970
f 2813/3630/3960 2814/3631/3961 2825/3696/3972 2824/3697/3971
f 2814/3631/3961 2815/3632/3962 2826/3695/3973 2825/3696/3972
f 2815/3632/3962 2816/3633/3963 2827/3694/3974 2826/3695/3973
f 2816/3633/3963 2817/3634/3964 2828/3693/3975 2827/3694/3974
f 2817/3634/3964 2857/3635/3965 2858/3692/3976 2828/3693/3975
f 2819/3637/3967 2820/3636/3966 2831/3647/3977 2830/3648/3978
f 2820/3636/3966 2821/3638/3968 2832/3649/3979 2831/3647/3977
f 2821/3638/3968 2822/3639/3969 2833/3650/3980 2832/3649/3979
f 2822/3639/3969 2823/3640/3970 2834/3651/3981 2833/3650/3980
f 2823/3640/3970 2824/3641/3971 2835/3652/3982 2834/3651/3981
f 2824/3641/3971 2825/3642/3972 2836/3653/3983 2835/3652/3982
f 2825/3642/3972 2826/3643/3973 2837/3654/3984 2836/3653/3983
f 2826/3643/3973 2827/3644/3974 2838/3655/3985 2837/3654/3984
f 2827/3644/3974 2828/3645/3975 2839/3656/3986 2838/3655/3985
f 2828/3645/3975 2858/3646/3976 2859/3657/3987 2839/3656/3986
f 2830/3648/3978 2831/3647/3977 2842/3658/3988 2841/3659/3989
f 2831/3647/3977 2832/3649/3979 2843/3660/3990 2842/3658/3988
f 2832/3649/3979 2833/3650/3980 2844/3661/3991 2843/3660/3990
f 2833/3650/3980 2834/3651/3981 2845/3662/3992 2844/3661/3991
f 2834/3651/3981 2835/3652/3982 2846/3663/3993 2845/3662/3992
f 2835/3652/3982 2836/3653/3983 2847/3664/3994 2846/3663/3993
f 2836/3653/3983 2837/3654/3984 2848/3665/3995 2847/3664/3994
f 2837/3654/3984 2838/3655/3985 2849/3666/3996 2848/3665/3995
f 2838/3655/3985 2839/3656/3986 2850/3667/3997 2849/3666/3996
f 2839/3656/3986 2859/3657/3987 2852/3668/3998 2850/3667/3997
f 2841/3659/3989 2842/3658/3988 2765/3582/3912 2764/3581/3911
f 2842/3658/3988 2843/3660/3990 2766/3585/3915 2765/3582/3912
f 2843/3660/3990 2844/3661/3991 2767/3587/3917 2766/3585/3915
f 2844/3661/3991 2845/3662/3992 2768/3589/3919 2767/3587/3917
f 2845/3662/3992 2846/3663/3993 2769/3591/3921 2768/3589/3919
f 2846/3663/3993 2847/3664/3994 2770/3593/3923 2769/3591/3921
f 2847/3664/3994 2848/3665/3995 2771/3595/3925 2770/3593/3923
f 2848/3665/3995 2849/3666/3996 2772/3597/3927 2771/3595/3925
f 2849/3666/3996 2850/3667/3997 2773/3599/3929 2772/3597/3927
f 2850/3667/3997 2852/3668/3998 2853/3601/3931 2773/3599/3929
s off
f 2774/3669/3999 2851/3670/4000 2840/3671/4001 2829/3672/4002 2818/3673/4003 2807/3674/4004 2796/3675/4005 2785/3676/4006
s 2
f 2852/3668/3998 2851/3670/4007 2774/3669/4008 2853/3601/3931
f 2854/3602/3932 2853/3601/3931 2774/3669/4008 2785/3676/4009
f 2855/3613/3943 2854/3602/3932 2785/3676/4009 2796/3675/4010
f 2856/3624/3954 2855/3613/3943 2796/3675/4010 2807/3674/4011
f 2857/3635/3965 2856/3624/3954 2807/3674/4011 2818/3673/4012
f 2858/3692/3976 2857/3635/3965 2818/3673/4012 2829/3672/4013
f 2859/3657/3987 2858/3646/3976 2829/3672/4013 2840/3671/4014
f 2852/3668/3998 2859/3657/3987 2840/3671/4014 2851/3670/4007
s 3
usemtl DHONI_MOTION_POSTER_2:Gopiknath_20210802_1927:Gopiknath_20210801_1428:Gopiknath_20210731_0019:aiStandardSurface22SG
f 2860/3715/4015 2861/3716/4016 2871/3717/4017 2870/3718/4018
f 2861/3716/4016 2954/3719/4019 2955/3720/4020 2871/3717/4017
f 2863/3721/4021 2873/3722/4022 2872/3723/4023 2862/3724/4024
f 2863/3721/4021 2864/3725/4025 2874/3726/4026 2873/3722/4022
f 2865/3727/4027 2875/3728/4028 2874/3726/4026 2864/3725/4025
f 2865/3727/4027 2866/3729/4029 2876/3730/4030 2875/3728/4028
f 2866/3731/4029 2867/3732/4031 2877/3733/4032 2876/3734/4030
f 2867/3735/4031 2868/3736/4033 2878/3737/4034 2877/3738/4032
f 2868/3736/4033 2944/3739/4035 2945/3740/4036 2878/3737/4034
f 2870/3718/4018 2871/3717/4017 2881/3741/4037 2880/3742/4038
f 2871/3717/4017 2955/3720/4020 2948/3743/4039 2881/3741/4037
f 2872/3723/4023 2873/3722/4022 2883/3744/4040 2882/3745/4041
f 2873/3722/4022 2874/3726/4026 2884/3746/4042 2883/3744/4040
f 2874/3726/4026 2875/3728/4028 2885/3747/4043 2884/3746/4042
f 2875/3728/4028 2876/3730/4030 2886/3748/4044 2885/3747/4043
f 2876/3734/4030 2877/3733/4032 2887/3749/4045 2886/3750/4044
f 2877/3738/4032 2878/3737/4034 2888/3751/4046 2887/3752/4045
f 2878/3737/4034 2945/3740/4036 2946/3753/4047 2888/3751/4046
f 2880/3742/4038 2881/3741/4037 2891/3754/4048 2890/3755/4049
f 2881/3741/4037 2948/3743/4039 2949/3756/4050 2891/3754/4048
f 2882/3745/4041 2883/3744/4040 2893/3757/4051 2892/3758/4052
f 2883/3744/4040 2884/3746/4042 2894/3759/4053 2893/3757/4051
f 2884/3746/4042 2885/3747/4043 2895/3760/4054 2894/3759/4053
f 2885/3747/4043 2886/3748/4044 2896/3761/4055 2895/3760/4054
f 2886/3750/4044 2887/3749/4045 2897/3762/4056 2896/3763/4055
f 2887/3752/4045 2888/3751/4046 2898/3764/4057 2897/3762/4056
f 2888/3751/4046 2946/3753/4047 2947/3765/4058 2898/3764/4057
f 2890/3755/4049 2891/3754/4048 2901/3766/4059 2900/3767/4060
f 2891/3754/4048 2949/3756/4050 2950/3768/4061 2901/3766/4059
f 2892/3758/4052 2893/3757/4051 2903/3769/4062 2902/3770/4063
f 2893/3757/4051 2894/3759/4053 2904/3771/4064 2903/3769/4062
f 2894/3759/4053 2895/3760/4054 2905/3772/4065 2904/3771/4064
f 2895/3760/4054 2896/3761/4055 2906/3773/4066 2905/3772/4065
f 2896/3763/4055 2897/3762/4056 2907/3774/4067 2906/3775/4066
f 2897/3762/4056 2898/3764/4057 2908/3776/4068 2907/3774/4067
f 2898/3764/4057 2947/3765/4058 2940/3777/4069 2908/3776/4068
f 2900/3767/4060 2901/3766/4059 2911/3778/4070 2910/3779/4071
f 2901/3766/4059 2950/3768/4061 2951/3780/4072 2911/3778/4070
f 2902/3770/4063 2903/3769/4062 2913/3781/4073 2912/3782/4074
f 2903/3769/4062 2904/3771/4064 2914/3783/4075 2913/3781/4073
f 2904/3771/4064 2905/3772/4065 2915/3784/4076 2914/3783/4075
f 2905/3772/4065 2906/3773/4066 2916/3785/4077 2915/3784/4076
f 2906/3775/4066 2907/3774/4067 2917/3786/4078 2916/3787/4077
f 2907/3774/4067 2908/3776/4068 2918/3788/4079 2917/3786/4078
f 2908/3776/4068 2940/3777/4069 2941/3789/4080 2918/3788/4079
f 2910/3779/4071 2911/3778/4070 2921/3790/4081 2920/3791/4082
f 2911/3778/4070 2951/3780/4072 2952/3792/4083 2921/3790/4081
f 2912/3782/4074 2913/3781/4073 2923/3793/4084 2922/3794/4085
f 2913/3781/4073 2914/3783/4075 2924/3795/4086 2923/3793/4084
f 2914/3783/4075 2915/3784/4076 2925/3796/4087 2924/3795/4086
f 2915/3784/4076 2916/3785/4077 2926/3797/4088 2925/3796/4087
f 2916/3787/4077 2917/3786/4078 2927/3798/4089 2926/3799/4088
f 2917/3786/4078 2918/3788/4079 2928/3800/4090 2927/3798/4089
f 2918/3788/4079 2941/3789/4080 2942/3801/4091 2928/3800/4090
f 2920/3791/4082 2921/3790/4081 2931/3802/4092 2930/3803/4093
f 2921/3790/4081 2952/3792/4083 2953/3804/4094 2931/3802/4092
f 2922/3794/4085 2923/3793/4084 2933/3805/4095 2932/3806/4096
f 2923/3793/4084 2924/3795/4086 2934/3807/4097 2933/3805/4095
f 2924/3795/4086 2925/3796/4087 2935/3808/4098 2934/3807/4097
f 2925/3796/4087 2926/3797/4088 2936/3809/4099 2935/3808/4098
f 2926/3799/4088 2927/3798/4089 2937/3810/4100 2936/3811/4099
f 2927/3798/4089 2928/3800/4090 2938/3812/4101 2937/3810/4100
f 2928/3800/4090 2942/3801/4091 2943/3813/4102 2938/3812/4101
f 2930/3803/4093 2931/3802/4092 2861/3814/4016 2860/3715/4015
f 2931/3802/4092 2953/3804/4094 2954/3815/4019 2861/3814/4016
f 2932/3806/4096 2933/3805/4095 2863/3816/4021 2862/3817/4024
f 2933/3805/4095 2934/3807/4097 2864/3818/4025 2863/3816/4021
f 2934/3807/4097 2935/3808/4098 2865/3819/4027 2864/3818/4025
f 2935/3808/4098 2936/3809/4099 2866/3820/4029 2865/3819/4027
f 2936/3811/4099 2937/3810/4100 2867/3821/4031 2866/3822/4029
f 2937/3823/4100 2938/3824/4101 2868/3825/4033 2867/3826/4031
f 2938/3812/4101 2943/3813/4102 2944/3827/4035 2868/3828/4033
s off
f 2869/3829/4103 2939/3830/4104 2929/3831/4105 2919/3832/4106 2909/3833/4107 2899/3834/4108 2889/3835/4109 2879/3836/4110
s 3
f 2940/3777/4069 2909/3833/4111 2919/3832/4112 2941/3789/4080
f 2942/3801/4091 2941/3789/4080 2919/3832/4112 2929/3831/4113
f 2943/3813/4102 2942/3801/4091 2929/3831/4113 2939/3830/4114
f 2944/3827/4035 2943/3813/4102 2939/3830/4114 2869/3829/4115
f 2945/3740/4036 2944/3739/4035 2869/3829/4115 2879/3836/4116
f 2946/3753/4047 2945/3740/4036 2879/3836/4116 2889/3835/4117
f 2947/3765/4058 2946/3753/4047 2889/3835/4117 2899/3834/4118
f 2940/3777/4069 2947/3765/4058 2899/3834/4118 2909/3833/4111
s off
f 2870/3718/4119 2880/3742/4120 2890/3755/4121 2900/3767/4122 2910/3779/4123 2920/3791/4124 2930/3803/4125 2860/3715/4126
s 3
f 2948/3743/4039 2882/3745/4041 2892/3758/4052 2949/3756/4050
f 2950/3768/4061 2949/3756/4050 2892/3758/4052 2902/3770/4063
f 2951/3780/4072 2950/3768/4061 2902/3770/4063 2912/3782/4074
f 2952/3792/4083 2951/3780/4072 2912/3782/4074 2922/3794/4085
f 2953/3804/4094 2952/3792/4083 2922/3794/4085 2932/3806/4096
f 2954/3815/4019 2953/3804/4094 2932/3806/4096 2862/3817/4024
f 2955/3720/4020 2954/3719/4019 2862/3724/4024 2872/3723/4023
f 2948/3743/4039 2955/3720/4020 2872/3723/4023 2882/3745/4041
s 5
f 2956/3837/4127 2963/3838/4128 2964/3839/4129 2957/3840/4130
f 2957/3840/4130 2964/3839/4129 2965/3841/4131 2958/3842/4132
f 2958/3842/4132 2965/3841/4131 2966/3843/4133 2959/3844/4134
f 2959/3845/4134 2966/3846/4133 2967/3847/4135 2960/3848/4136
f 2960/3848/4136 2967/3847/4135 2968/3849/4137 2961/3850/4138
f 2961/3850/4138 2968/3849/4137 2969/3851/4139 2962/3852/4140
f 2963/3838/4128 2970/3853/4141 2971/3854/4142 2964/3839/4129
f 2964/3839/4129 2971/3854/4142 2972/3855/4143 2965/3841/4131
f 2965/3841/4131 2972/3855/4143 2973/3856/4144 2966/3843/4133
f 2966/3846/4133 2973/3857/4144 2974/3858/4145 2967/3847/4135
f 2967/3847/4135 2974/3858/4145 2975/3859/4146 2968/3849/4137
f 2968/3849/4137 2975/3859/4146 2976/3860/4147 2969/3851/4139
f 2970/3853/4141 2977/3861/4148 2978/3862/4149 2971/3854/4142
f 2971/3854/4142 2978/3862/4149 2979/3863/4150 2972/3855/4143
f 2972/3855/4143 2979/3863/4150 2980/3864/4151 2973/3856/4144
f 2973/3857/4144 2980/3865/4151 2981/3866/4152 2974/3858/4145
f 2974/3858/4145 2981/3866/4152 2982/3867/4153 2975/3859/4146
f 2975/3859/4146 2982/3867/4153 2983/3868/4154 2976/3860/4147
f 2977/3869/4148 2984/3870/4155 2985/3871/4156 2978/3872/4149
f 2978/3872/4149 2985/3871/4156 2986/3873/4157 2979/3874/4150
f 2979/3874/4150 2986/3873/4157 2987/3875/4158 2980/3876/4151
f 2980/3877/4151 2987/3878/4158 2988/3879/4159 2981/3880/4152
f 2981/3880/4152 2988/3879/4159 2989/3881/4160 2982/3882/4153
f 2982/3882/4153 2989/3881/4160 2990/3883/4161 2983/3884/4154
f 2984/3870/4155 2991/3885/4162 2992/3886/4163 2985/3871/4156
f 2985/3871/4156 2992/3886/4163 2993/3887/4164 2986/3873/4157
f 2986/3873/4157 2993/3887/4164 2994/3888/4165 2987/3875/4158
f 2987/3878/4158 2994/3889/4165 2995/3890/4166 2988/3879/4159
f 2988/3879/4159 2995/3890/4166 2996/3891/4167 2989/3881/4160
f 2989/3881/4160 2996/3891/4167 2997/3892/4168 2990/3883/4161
f 2991/3885/4162 2998/3893/4169 2999/3894/4170 2992/3886/4163
f 2992/3886/4163 2999/3894/4170 3000/3895/4171 2993/3887/4164
f 2993/3887/4164 3000/3895/4171 3001/3896/4172 2994/3888/4165
f 2994/3889/4165 3001/3897/4172 3002/3898/4173 2995/3890/4166
f 2995/3890/4166 3002/3898/4173 3003/3899/4174 2996/3891/4167
f 2996/3891/4167 3003/3899/4174 3004/3900/4175 2997/3892/4168
f 2998/3893/4169 3005/3901/4176 3006/3902/4177 2999/3894/4170
f 2999/3894/4170 3006/3902/4177 3007/3903/4178 3000/3895/4171
f 3000/3895/4171 3007/3903/4178 3008/3904/4179 3001/3896/4172
f 3001/3897/4172 3008/3905/4179 3009/3906/4180 3002/3898/4173
f 3002/3898/4173 3009/3906/4180 3010/3907/4181 3003/3899/4174
f 3003/3899/4174 3010/3907/4181 3011/3908/4182 3004/3900/4175
f 3005/3901/4176 2956/3837/4127 2957/3840/4130 3006/3902/4177
f 3006/3902/4177 2957/3840/4130 2958/3842/4132 3007/3903/4178
f 3007/3903/4178 2958/3842/4132 2959/3844/4134 3008/3904/4179
f 3008/3905/4179 2959/3845/4134 2960/3848/4136 3009/3906/4180
f 3009/3906/4180 2960/3848/4136 2961/3850/4138 3010/3907/4181
f 3010/3907/4181 2961/3850/4138 2962/3852/4140 3011/3908/4182
s 6
f 3012/3909/4183 3013/3910/4184 3020/3911/4185 3019/3912/4186
f 3013/3910/4184 3014/3913/4187 3021/3914/4188 3020/3911/4185
f 3014/3913/4187 3015/3915/4189 3022/3916/4190 3021/3914/4188
f 3015/3915/4189 3016/3917/4191 3023/3918/4192 3022/3916/4190
f 3016/3917/4191 3017/3919/4193 3024/3920/4194 3023/3918/4192
f 3017/3919/4193 3018/3921/4195 3025/3922/4196 3024/3920/4194
f 3019/3912/4186 3020/3911/4185 3027/3923/4197 3026/3924/4198
f 3020/3911/4185 3021/3914/4188 3028/3925/4199 3027/3923/4197
f 3021/3914/4188 3022/3916/4190 3029/3926/4200 3028/3925/4199
f 3022/3916/4190 3023/3918/4192 3030/3927/4201 3029/3926/4200
f 3023/3918/4192 3024/3920/4194 3031/3928/4202 3030/3927/4201
f 3024/3920/4194 3025/3922/4196 3032/3929/4203 3031/3928/4202
f 3026/3924/4198 3027/3923/4197 3034/3930/4204 3033/3931/4205
f 3027/3923/4197 3028/3925/4199 3035/3932/4206 3034/3930/4204
f 3028/3925/4199 3029/3926/4200 3036/3933/4207 3035/3932/4206
f 3029/3926/4200 3030/3927/4201 3037/3934/4208 3036/3933/4207
f 3030/3927/4201 3031/3928/4202 3038/3935/4209 3037/3934/4208
f 3031/3928/4202 3032/3929/4203 3039/3936/4210 3038/3935/4209
f 3033/3937/4205 3034/3938/4204 3041/3939/4211 3040/3940/4212
f 3034/3938/4204 3035/3941/4206 3042/3942/4213 3041/3939/4211
f 3035/3941/4206 3036/3943/4207 3043/3944/4214 3042/3942/4213
f 3036/3943/4207 3037/3945/4208 3044/3946/4215 3043/3944/4214
f 3037/3945/4208 3038/3947/4209 3045/3948/4216 3044/3946/4215
f 3038/3947/4209 3039/3949/4210 3046/3950/4217 3045/3948/4216
f 3040/3940/4212 3041/3939/4211 3048/3951/4218 3047/3952/4219
f 3041/3939/4211 3042/3942/4213 3049/3953/4220 3048/3951/4218
f 3042/3942/4213 3043/3944/4214 3050/3954/4221 3049/3953/4220
f 3043/3944/4214 3044/3946/4215 3051/3955/4222 3050/3954/4221
f 3044/3946/4215 3045/3948/4216 3052/3956/4223 3051/3955/4222
f 3045/3948/4216 3046/3950/4217 3053/3957/4224 3052/3956/4223
f 3047/3952/4219 3048/3951/4218 3055/3958/4225 3054/3959/4226
f 3048/3951/4218 3049/3953/4220 3056/3960/4227 3055/3958/4225
f 3049/3953/4220 3050/3954/4221 3057/3961/4228 3056/3960/4227
f 3050/3954/4221 3051/3955/4222 3058/3962/4229 3057/3961/4228
f 3051/3955/4222 3052/3956/4223 3059/3963/4230 3058/3962/4229
f 3052/3956/4223 3053/3957/4224 3060/3964/4231 3059/3963/4230
f 3054/3959/4226 3055/3958/4225 3062/3965/4232 3061/3966/4233
f 3055/3958/4225 3056/3960/4227 3063/3967/4234 3062/3965/4232
f 3056/3960/4227 3057/3961/4228 3064/3968/4235 3063/3967/4234
f 3057/3961/4228 3058/3962/4229 3065/3969/4236 3064/3968/4235
f 3058/3962/4229 3059/3963/4230 3066/3970/4237 3065/3969/4236
f 3059/3963/4230 3060/3964/4231 3067/3971/4238 3066/3970/4237
f 3061/3966/4233 3062/3965/4232 3013/3910/4184 3012/3909/4183
f 3062/3965/4232 3063/3967/4234 3014/3913/4187 3013/3910/4184
f 3063/3967/4234 3064/3968/4235 3015/3915/4189 3014/3913/4187
f 3064/3968/4235 3065/3969/4236 3016/3917/4191 3015/3915/4189
f 3065/3969/4236 3066/3970/4237 3017/3919/4193 3016/3917/4191
f 3066/3970/4237 3067/3971/4238 3018/3921/4195 3017/3919/4193
s off
f 2962/3852/4239 2969/3851/4240 3025/3922/4241 3018/3921/4242
f 2969/3851/4243 2976/3860/4244 3032/3929/4245 3025/3922/4246
f 2976/3860/4247 2983/3868/4248 3039/3936/4249 3032/3929/4250
f 3039/3949/4251 2983/3884/4252 2990/3883/4253 3046/3950/4254
f 2990/3883/4255 2997/3892/4256 3053/3957/4257 3046/3950/4258
f 2997/3892/4259 3004/3900/4260 3060/3964/4261 3053/3957/4262
f 3004/3900/4263 3011/3908/4264 3067/3971/4265 3060/3964/4266
f 3011/3908/4267 2962/3852/4268 3018/3921/4269 3067/3971/4270
s 7
f 3068/3972/4271 3080/3973/4272 3081/3974/4273 3069/3975/4274
f 3069/3975/4274 3081/3974/4273 3082/3976/4275 3070/3977/4276
f 3070/3977/4276 3082/3976/4275 3083/3978/4277 3071/3979/4278
f 3071/3979/4278 3083/3978/4277 3084/3980/4279 3072/3981/4280
f 3072/3981/4280 3084/3980/4279 3085/3982/4281 3073/3983/4282
f 3073/3983/4282 3085/3982/4281 3086/3984/4283 3074/3985/4284
f 3074/3985/4284 3086/3984/4283 3087/3986/4285 3075/3987/4286
f 3075/3987/4286 3087/3986/4285 3088/3988/4287 3076/3989/4288
f 3076/3990/4288 3088/3991/4287 3089/3992/4289 3077/3993/4290
f 3077/3993/4290 3089/3992/4289 3090/3994/4291 3078/3995/4292
f 3078/3995/4292 3090/3994/4291 3091/3996/4293 3079/3997/4294
f 3175/3998/4295 3079/3997/4294 3091/3996/4293 3187/3999/4296
f 3080/3973/4272 3092/4000/4297 3093/4001/4298 3081/3974/4273
f 3081/3974/4273 3093/4001/4298 3094/4002/4299 3082/3976/4275
f 3082/3976/4275 3094/4002/4299 3095/4003/4300 3083/3978/4277
f 3083/3978/4277 3095/4003/4300 3096/4004/4301 3084/3980/4279
f 3084/3980/4279 3096/4004/4301 3097/4005/4302 3085/3982/4281
f 3085/3982/4281 3097/4005/4302 3098/4006/4303 3086/3984/4283
f 3086/3984/4283 3098/4006/4303 3099/4007/4304 3087/3986/4285
f 3087/3986/4285 3099/4007/4304 3100/4008/4305 3088/3988/4287
f 3088/3991/4287 3100/4009/4305 3101/4010/4306 3089/3992/4289
f 3089/3992/4289 3101/4010/4306 3102/4011/4307 3090/3994/4291
f 3090/3994/4291 3102/4011/4307 3103/4012/4308 3091/3996/4293
f 3187/3999/4296 3091/3996/4293 3103/4012/4308 3199/4013/4309
f 3092/4000/4297 3104/4014/4310 3105/4015/4311 3093/4001/4298
f 3093/4001/4298 3105/4015/4311 3106/4016/4312 3094/4002/4299
f 3094/4002/4299 3106/4016/4312 3107/4017/4313 3095/4003/4300
f 3095/4003/4300 3107/4017/4313 3108/4018/4314 3096/4004/4301
f 3096/4004/4301 3108/4018/4314 3109/4019/4315 3097/4005/4302
f 3097/4005/4302 3109/4019/4315 3110/4020/4316 3098/4006/4303
f 3098/4006/4303 3110/4020/4316 3111/4021/4317 3099/4007/4304
f 3099/4007/4304 3111/4021/4317 3112/4022/4318 3100/4008/4305
f 3100/4009/4305 3112/4023/4318 3113/4024/4319 3101/4010/4306
f 3101/4010/4306 3113/4024/4319 3114/4025/4320 3102/4011/4307
f 3102/4011/4307 3114/4025/4320 3115/4026/4321 3103/4012/4308
f 3199/4013/4309 3103/4012/4308 3115/4026/4321 3211/4027/4322
f 3104/4028/4310 3116/4029/4323 3117/4030/4324 3105/4031/4311
f 3105/4031/4311 3117/4030/4324 3118/4032/4325 3106/4033/4312
f 3106/4033/4312 3118/4032/4325 3119/4034/4326 3107/4035/4313
f 3107/4035/4313 3119/4034/4326 3120/4036/4327 3108/4037/4314
f 3108/4037/4314 3120/4036/4327 3121/4038/4328 3109/4039/4315
f 3109/4039/4315 3121/4038/4328 3122/4040/4329 3110/4041/4316
f 3110/4041/4316 3122/4040/4329 3123/4042/4330 3111/4043/4317
f 3111/4043/4317 3123/4042/4330 3124/4044/4331 3112/4045/4318
f 3112/4046/4318 3124/4047/4331 3125/4048/4332 3113/4049/4319
f 3113/4049/4319 3125/4048/4332 3126/4050/4333 3114/4051/4320
f 3114/4051/4320 3126/4050/4333 3127/4052/4334 3115/4053/4321
f 3211/4054/4322 3115/4053/4321 3127/4052/4334 3223/4055/4335
f 3116/4056/4323 3128/4057/4336 3129/4058/4337 3117/4059/4324
f 3117/4059/4324 3129/4058/4337 3130/4060/4338 3118/4061/4325
f 3118/4061/4325 3130/4060/4338 3131/4062/4339 3119/4063/4326
f 3119/4063/4326 3131/4062/4339 3132/4064/4340 3120/4065/4327
f 3120/4065/4327 3132/4064/4340 3133/4066/4341 3121/4067/4328
f 3121/4067/4328 3133/4066/4341 3134/4068/4342 3122/4069/4329
f 3122/4069/4329 3134/4068/4342 3135/4070/4343 3123/4071/4330
f 3123/4071/4330 3135/4070/4343 3136/4072/4344 3124/4073/4331
f 3124/4047/4331 3136/4074/4344 3137/4075/4345 3125/4048/4332
f 3125/4048/4332 3137/4075/4345 3138/4076/4346 3126/4050/4333
f 3126/4050/4333 3138/4076/4346 3139/4077/4347 3127/4052/4334
f 3223/4055/4335 3127/4052/4334 3139/4077/4347 3235/4078/4348
f 3128/4057/4336 3140/4079/4349 3141/4080/4350 3129/4058/4337
f 3129/4058/4337 3141/4080/4350 3142/4081/4351 3130/4060/4338
f 3130/4060/4338 3142/4081/4351 3143/4082/4352 3131/4062/4339
f 3131/4062/4339 3143/4082/4352 3144/4083/4353 3132/4064/4340
f 3132/4064/4340 3144/4083/4353 3145/4084/4354 3133/4066/4341
f 3133/4066/4341 3145/4084/4354 3146/4085/4355 3134/4068/4342
f 3134/4068/4342 3146/4085/4355 3147/4086/4356 3135/4070/4343
f 3135/4070/4343 3147/4086/4356 3148/4087/4357 3136/4072/4344
f 3136/4074/4344 3148/4088/4357 3149/4089/4358 3137/4075/4345
f 3137/4075/4345 3149/4089/4358 3150/4090/4359 3138/4076/4346
f 3138/4076/4346 3150/4090/4359 3151/4091/4360 3139/4077/4347
f 3235/4078/4348 3139/4077/4347 3151/4091/4360 3247/4092/4361
f 3140/4079/4349 3152/4093/4362 3153/4094/4363 3141/4080/4350
f 3141/4080/4350 3153/4094/4363 3154/4095/4364 3142/4081/4351
f 3142/4081/4351 3154/4095/4364 3155/4096/4365 3143/4082/4352
f 3143/4082/4352 3155/4096/4365 3156/4097/4366 3144/4083/4353
f 3144/4083/4353 3156/4097/4366 3157/4098/4367 3145/4084/4354
f 3145/4084/4354 3157/4098/4367 3158/4099/4368 3146/4085/4355
f 3146/4085/4355 3158/4099/4368 3159/4100/4369 3147/4086/4356
f 3147/4086/4356 3159/4100/4369 3160/4101/4370 3148/4087/4357
f 3148/4088/4357 3160/4102/4370 3161/4103/4371 3149/4089/4358
f 3149/4089/4358 3161/4103/4371 3162/4104/4372 3150/4090/4359
f 3150/4090/4359 3162/4104/4372 3163/4105/4373 3151/4091/4360
f 3247/4092/4361 3151/4091/4360 3163/4105/4373 3259/4106/4374
f 3152/4093/4362 3068/3972/4271 3069/3975/4274 3153/4094/4363
f 3153/4094/4363 3069/3975/4274 3070/3977/4276 3154/4095/4364
f 3154/4095/4364 3070/3977/4276 3071/3979/4278 3155/4096/4365
f 3155/4096/4365 3071/3979/4278 3072/3981/4280 3156/4097/4366
f 3156/4097/4366 3072/3981/4280 3073/3983/4282 3157/4098/4367
f 3157/4098/4367 3073/3983/4282 3074/3985/4284 3158/4099/4368
f 3158/4099/4368 3074/3985/4284 3075/3987/4286 3159/4100/4369
f 3159/4100/4369 3075/3987/4286 3076/3989/4288 3160/4101/4370
f 3160/4102/4370 3076/3990/4288 3077/3993/4290 3161/4103/4371
f 3161/4103/4371 3077/3993/4290 3078/3995/4292 3162/4104/4372
f 3162/4104/4372 3078/3995/4292 3079/3997/4294 3163/4105/4373
f 3259/4106/4374 3163/4105/4373 3079/3997/4294 3175/3998/4295
f 3164/4107/4375 3165/4108/4376 3177/4109/4377 3176/4110/4378
f 3165/4108/4376 3166/4111/4379 3178/4112/4380 3177/4109/4377
f 3166/4111/4379 3167/4113/4381 3179/4114/4382 3178/4112/4380
f 3167/4113/4381 3168/4115/4383 3180/4116/4384 3179/4114/4382
f 3168/4115/4383 3169/4117/4385 3181/4118/4386 3180/4116/4384
f 3169/4117/4385 3170/4119/4387 3182/4120/4388 3181/4118/4386
f 3170/4119/4387 3171/4121/4389 3183/4122/4390 3182/4120/4388
f 3171/4121/4389 3172/4123/4391 3184/4124/4392 3183/4122/4390
f 3172/4123/4391 3173/4125/4393 3185/4126/4394 3184/4124/4392
f 3173/4125/4393 3174/4127/4395 3186/4128/4396 3185/4126/4394
f 3174/4127/4395 3175/3998/4295 3187/3999/4296 3186/4128/4396
f 3176/4110/4378 3177/4109/4377 3189/4129/4397 3188/4130/4398
f 3177/4109/4377 3178/4112/4380 3190/4131/4399 3189/4129/4397
f 3178/4112/4380 3179/4114/4382 3191/4132/4400 3190/4131/4399
f 3179/4114/4382 3180/4116/4384 3192/4133/4401 3191/4132/4400
f 3180/4116/4384 3181/4118/4386 3193/4134/4402 3192/4133/4401
f 3181/4118/4386 3182/4120/4388 3194/4135/4403 3193/4134/4402
f 3182/4120/4388 3183/4122/4390 3195/4136/4404 3194/4135/4403
f 3183/4122/4390 3184/4124/4392 3196/4137/4405 3195/4136/4404
f 3184/4124/4392 3185/4126/4394 3197/4138/4406 3196/4137/4405
f 3185/4126/4394 3186/4128/4396 3198/4139/4407 3197/4138/4406
f 3186/4128/4396 3187/3999/4296 3199/4013/4309 3198/4139/4407
f 3188/4130/4398 3189/4129/4397 3201/4140/4408 3200/4141/4409
f 3189/4129/4397 3190/4131/4399 3202/4142/4410 3201/4140/4408
f 3190/4131/4399 3191/4132/4400 3203/4143/4411 3202/4142/4410
f 3191/4132/4400 3192/4133/4401 3204/4144/4412 3203/4143/4411
f 3192/4133/4401 3193/4134/4402 3205/4145/4413 3204/4144/4412
f 3193/4134/4402 3194/4135/4403 3206/4146/4414 3205/4145/4413
f 3194/4135/4403 3195/4136/4404 3207/4147/4415 3206/4146/4414
f 3195/4136/4404 3196/4137/4405 3208/4148/4416 3207/4147/4415
f 3196/4137/4405 3197/4138/4406 3209/4149/4417 3208/4148/4416
f 3197/4138/4406 3198/4139/4407 3210/4150/4418 3209/4149/4417
f 3198/4139/4407 3199/4013/4309 3211/4027/4322 3210/4150/4418
f 3200/4151/4409 3201/4152/4408 3213/4153/4419 3212/4154/4420
f 3201/4152/4408 3202/4155/4410 3214/4156/4421 3213/4153/4419
f 3202/4155/4410 3203/4157/4411 3215/4158/4422 3214/4156/4421
f 3203/4157/4411 3204/4159/4412 3216/4160/4423 3215/4158/4422
f 3204/4159/4412 3205/4161/4413 3217/4162/4424 3216/4160/4423
f 3205/4161/4413 3206/4163/4414 3218/4164/4425 3217/4162/4424
f 3206/4163/4414 3207/4165/4415 3219/4166/4426 3218/4164/4425
f 3207/4165/4415 3208/4167/4416 3220/4168/4427 3219/4166/4426
f 3208/4167/4416 3209/4169/4417 3221/4170/4428 3220/4168/4427
f 3209/4169/4417 3210/4171/4418 3222/4172/4429 3221/4170/4428
f 3210/4171/4418 3211/4054/4322 3223/4055/4335 3222/4172/4429
f 3212/4154/4420 3213/4153/4419 3225/4173/4430 3224/4174/4431
f 3213/4153/4419 3214/4156/4421 3226/4175/4432 3225/4173/4430
f 3214/4156/4421 3215/4158/4422 3227/4176/4433 3226/4175/4432
f 3215/4158/4422 3216/4160/4423 3228/4177/4434 3227/4176/4433
f 3216/4160/4423 3217/4162/4424 3229/4178/4435 3228/4177/4434
f 3217/4162/4424 3218/4164/4425 3230/4179/4436 3229/4178/4435
f 3218/4164/4425 3219/4166/4426 3231/4180/4437 3230/4179/4436
f 3219/4166/4426 3220/4168/4427 3232/4181/4438 3231/4180/4437
f 3220/4168/4427 3221/4170/4428 3233/4182/4439 3232/4181/4438
f 3221/4170/4428 3222/4172/4429 3234/4183/4440 3233/4182/4439
f 3222/4172/4429 3223/4055/4335 3235/4078/4348 3234/4183/4440
f 3224/4174/4431 3225/4173/4430 3237/4184/4441 3236/4185/4442
f 3225/4173/4430 3226/4175/4432 3238/4186/4443 3237/4184/4441
f 3226/4175/4432 3227/4176/4433 3239/4187/4444 3238/4186/4443
f 3227/4176/4433 3228/4177/4434 3240/4188/4445 3239/4187/4444
f 3228/4177/4434 3229/4178/4435 3241/4189/4446 3240/4188/4445
f 3229/4178/4435 3230/4179/4436 3242/4190/4447 3241/4189/4446
f 3230/4179/4436 3231/4180/4437 3243/4191/4448 3242/4190/4447
f 3231/4180/4437 3232/4181/4438 3244/4192/4449 3243/4191/4448
f 3232/4181/4438 3233/4182/4439 3245/4193/4450 3244/4192/4449
f 3233/4182/4439 3234/4183/4440 3246/4194/4451 3245/4193/4450
f 3234/4183/4440 3235/4078/4348 3247/4092/4361 3246/4194/4451
f 3236/4185/4442 3237/4184/4441 3249/4195/4452 3248/4196/4453
f 3237/4184/4441 3238/4186/4443 3250/4197/4454 3249/4195/4452
f 3238/4186/4443 3239/4187/4444 3251/4198/4455 3250/4197/4454
f 3239/4187/4444 3240/4188/4445 3252/4199/4456 3251/4198/4455
f 3240/4188/4445 3241/4189/4446 3253/4200/4457 3252/4199/4456
f 3241/4189/4446 3242/4190/4447 3254/4201/4458 3253/4200/4457
f 3242/4190/4447 3243/4191/4448 3255/4202/4459 3254/4201/4458
f 3243/4191/4448 3244/4192/4449 3256/4203/4460 3255/4202/4459
f 3244/4192/4449 3245/4193/4450 3257/4204/4461 3256/4203/4460
f 3245/4193/4450 3246/4194/4451 3258/4205/4462 3257/4204/4461
f 3246/4194/4451 3247/4092/4361 3259/4106/4374 3258/4205/4462
f 3248/4196/4453 3249/4195/4452 3165/4108/4376 3164/4107/4375
f 3249/4195/4452 3250/4197/4454 3166/4111/4379 3165/4108/4376
f 3250/4197/4454 3251/4198/4455 3167/4113/4381 3166/4111/4379
f 3251/4198/4455 3252/4199/4456 3168/4115/4383 3167/4113/4381
f 3252/4199/4456 3253/4200/4457 3169/4117/4385 3168/4115/4383
f 3253/4200/4457 3254/4201/4458 3170/4119/4387 3169/4117/4385
f 3254/4201/4458 3255/4202/4459 3171/4121/4389 3170/4119/4387
f 3255/4202/4459 3256/4203/4460 3172/4123/4391 3171/4121/4389
f 3256/4203/4460 3257/4204/4461 3173/4125/4393 3172/4123/4391
f 3257/4204/4461 3258/4205/4462 3174/4127/4395 3173/4125/4393
f 3258/4205/4462 3259/4106/4374 3175/3998/4295 3174/4127/4395
s 9
f 3260/4206/4463 3267/4207/4464 3268/4208/4465 3261/4209/4466
f 3261/4209/4466 3268/4208/4465 3269/4210/4467 3262/4211/4468
f 3262/4212/4468 3269/4213/4467 3270/4214/4469 3263/4215/4470
f 3263/4215/4470 3270/4214/4469 3271/4216/4471 3264/4217/4472
f 3264/4217/4472 3271/4216/4471 3319/4218/4473 3320/4219/4474
f 3265/4220/4475 3272/4221/4476 3273/4222/4477 3266/4223/4478
f 3267/4207/4464 3274/4224/4479 3275/4225/4480 3268/4208/4465
f 3268/4208/4465 3275/4225/4480 3276/4226/4481 3269/4210/4467
f 3269/4213/4467 3276/4227/4481 3277/4228/4482 3270/4214/4469
f 3270/4214/4469 3277/4228/4482 3278/4229/4483 3271/4216/4471
f 3271/4216/4471 3278/4229/4483 3318/4230/4484 3319/4218/4473
f 3272/4221/4476 3279/4231/4485 3280/4232/4486 3273/4222/4477
f 3274/4224/4479 3281/4233/4487 3282/4234/4488 3275/4225/4480
f 3275/4225/4480 3282/4234/4488 3283/4235/4489 3276/4226/4481
f 3276/4227/4481 3283/4236/4489 3284/4237/4490 3277/4228/4482
f 3277/4228/4482 3284/4237/4490 3285/4238/4491 3278/4229/4483
f 3278/4229/4483 3285/4238/4491 3317/4239/4492 3318/4230/4484
f 3279/4231/4485 3286/4240/4493 3287/4241/4494 3280/4232/4486
f 3281/4233/4487 3288/4242/4495 3289/4243/4496 3282/4234/4488
f 3282/4234/4488 3289/4243/4496 3290/4244/4497 3283/4235/4489
f 3283/4236/4489 3290/4245/4497 3291/4246/4498 3284/4237/4490
f 3284/4237/4490 3291/4246/4498 3292/4247/4499 3285/4238/4491
f 3285/4238/4491 3292/4247/4499 3316/4248/4500 3317/4239/4492
f 3286/4240/4493 3293/4249/4501 3294/4250/4502 3287/4241/4494
f 3288/4242/4495 3295/4251/4503 3296/4252/4504 3289/4243/4496
f 3289/4243/4496 3296/4252/4504 3297/4253/4505 3290/4244/4497
f 3290/4245/4497 3297/4254/4505 3298/4255/4506 3291/4246/4498
f 3291/4246/4498 3298/4255/4506 3299/4256/4507 3292/4247/4499
f 3292/4247/4499 3299/4256/4507 3323/4257/4508 3316/4248/4500
f 3293/4249/4501 3300/4258/4509 3301/4259/4510 3294/4250/4502
f 3295/4260/4503 3302/4261/4511 3303/4262/4512 3296/4263/4504
f 3296/4263/4504 3303/4262/4512 3304/4264/4513 3297/4265/4505
f 3297/4266/4505 3304/4267/4513 3305/4268/4514 3298/4269/4506
f 3298/4269/4506 3305/4268/4514 3306/4270/4515 3299/4271/4507
f 3299/4271/4507 3306/4270/4515 3322/4272/4516 3323/4273/4508
f 3300/4274/4509 3307/4275/4517 3308/4276/4518 3301/4277/4510
f 3302/4261/4511 3309/4278/4519 3310/4279/4520 3303/4262/4512
f 3303/4262/4512 3310/4279/4520 3311/4280/4521 3304/4264/4513
f 3304/4267/4513 3311/4281/4521 3312/4282/4522 3305/4268/4514
f 3305/4268/4514 3312/4282/4522 3313/4283/4523 3306/4270/4515
f 3306/4270/4515 3313/4283/4523 3321/4284/4524 3322/4272/4516
f 3307/4275/4517 3314/4285/4525 3315/4286/4526 3308/4276/4518
f 3309/4278/4519 3260/4206/4463 3261/4209/4466 3310/4279/4520
f 3310/4279/4520 3261/4209/4466 3262/4211/4468 3311/4280/4521
f 3311/4281/4521 3262/4212/4468 3263/4215/4470 3312/4282/4522
f 3312/4282/4522 3263/4215/4470 3264/4217/4472 3313/4283/4523
f 3313/4283/4523 3264/4217/4472 3320/4219/4474 3321/4284/4524
f 3314/4285/4525 3265/4220/4475 3266/4223/4478 3315/4286/4526
f 3317/4239/4492 3316/4248/4500 3293/4249/4501 3286/4240/4493
f 3318/4230/4484 3317/4239/4492 3286/4240/4493 3279/4231/4485
f 3319/4218/4473 3318/4230/4484 3279/4231/4485 3272/4221/4476
f 3320/4219/4474 3319/4218/4473 3272/4221/4476 3265/4220/4475
f 3321/4284/4524 3320/4219/4474 3265/4220/4475 3314/4285/4525
f 3322/4272/4516 3321/4284/4524 3314/4285/4525 3307/4275/4517
f 3323/4273/4508 3322/4272/4516 3307/4275/4517 3300/4274/4509
f 3316/4248/4500 3323/4257/4508 3300/4258/4509 3293/4249/4501
s 10
f 3324/4287/4527 3330/4288/4528 3331/4289/4529 3325/4290/4530
f 3325/4290/4530 3331/4289/4529 3332/4291/4531 3326/4292/4532
f 3326/4293/4532 3332/4294/4531 3374/4295/4533 3375/4296/4534
f 3327/4297/4535 3333/4298/4536 3334/4299/4537 3328/4300/4538
f 3328/4300/4538 3334/4299/4537 3335/4301/4539 3329/4302/4540
f 3330/4288/4528 3336/4303/4541 3337/4304/4542 3331/4289/4529
f 3331/4289/4529 3337/4304/4542 3338/4305/4543 3332/4291/4531
f 3332/4294/4531 3338/4306/4543 3373/4307/4544 3374/4295/4533
f 3333/4298/4536 3339/4308/4545 3340/4309/4546 3334/4299/4537
f 3334/4299/4537 3340/4309/4546 3341/4310/4547 3335/4301/4539
f 3336/4303/4541 3342/4311/4548 3343/4312/4549 3337/4304/4542
f 3337/4304/4542 3343/4312/4549 3344/4313/4550 3338/4305/4543
f 3338/4306/4543 3344/4314/4550 3372/4315/4551 3373/4307/4544
f 3339/4308/4545 3345/4316/4552 3346/4317/4553 3340/4309/4546
f 3340/4309/4546 3346/4317/4553 3347/4318/4554 3341/4310/4547
f 3342/4311/4548 3348/4319/4555 3349/4320/4556 3343/4312/4549
f 3343/4312/4549 3349/4320/4556 3350/4321/4557 3344/4313/4550
f 3344/4314/4550 3350/4322/4557 3379/4323/4558 3372/4315/4551
f 3345/4316/4552 3351/4324/4559 3352/4325/4560 3346/4317/4553
f 3346/4317/4553 3352/4325/4560 3353/4326/4561 3347/4318/4554
f 3348/4327/4555 3354/4328/4562 3355/4329/4563 3349/4330/4556
f 3349/4330/4556 3355/4329/4563 3356/4331/4564 3350/4332/4557
f 3350/4333/4557 3356/4334/4564 3378/4335/4565 3379/4336/4558
f 3351/4337/4559 3357/4338/4566 3358/4339/4567 3352/4340/4560
f 3352/4340/4560 3358/4339/4567 3359/4341/4568 3353/4342/4561
f 3354/4328/4562 3360/4343/4569 3361/4344/4570 3355/4329/4563
f 3355/4329/4563 3361/4344/4570 3362/4345/4571 3356/4331/4564
f 3356/4334/4564 3362/4346/4571 3377/4347/4572 3378/4335/4565
f 3357/4338/4566 3363/4348/4573 3364/4349/4574 3358/4339/4567
f 3358/4339/4567 3364/4349/4574 3365/4350/4575 3359/4341/4568
f 3360/4343/4569 3366/4351/4576 3367/4352/4577 3361/4344/4570
f 3361/4344/4570 3367/4352/4577 3368/4353/4578 3362/4345/4571
f 3362/4346/4571 3368/4354/4578 3376/4355/4579 3377/4347/4572
f 3363/4348/4573 3369/4356/4580 3370/4357/4581 3364/4349/4574
f 3364/4349/4574 3370/4357/4581 3371/4358/4582 3365/4350/4575
f 3366/4351/4576 3324/4287/4527 3325/4290/4530 3367/4352/4577
f 3367/4352/4577 3325/4290/4530 3326/4292/4532 3368/4353/4578
f 3368/4354/4578 3326/4293/4532 3375/4296/4534 3376/4355/4579
f 3369/4356/4580 3327/4297/4535 3328/4300/4538 3370/4357/4581
f 3370/4357/4581 3328/4300/4538 3329/4302/4540 3371/4358/4582
f 3373/4307/4544 3372/4315/4551 3345/4316/4552 3339/4308/4545
f 3374/4295/4533 3373/4307/4544 3339/4308/4545 3333/4298/4536
f 3375/4296/4534 3374/4295/4533 3333/4298/4536 3327/4297/4535
f 3376/4355/4579 3375/4296/4534 3327/4297/4535 3369/4356/4580
f 3377/4347/4572 3376/4355/4579 3369/4356/4580 3363/4348/4573
f 3378/4335/4565 3377/4347/4572 3363/4348/4573 3357/4338/4566
f 3379/4336/4558 3378/4335/4565 3357/4338/4566 3351/4337/4559
f 3372/4315/4551 3379/4323/4558 3351/4324/4559 3345/4316/4552
s 11
f 3380/4359/4583 3381/4360/4584 3391/4361/4585 3390/4362/4586
f 3381/4360/4584 3474/4363/4587 3475/4364/4588 3391/4361/4585
f 3383/4365/4589 3393/4366/4590 3392/4367/4591 3382/4368/4592
f 3383/4365/4589 3384/4369/4593 3394/4370/4594 3393/4366/4590
f 3385/4371/4595 3395/4372/4596 3394/4370/4594 3384/4369/4593
f 3385/4371/4595 3386/4373/4597 3396/4374/4598 3395/4372/4596
f 3386/4375/4597 3387/4376/4599 3397/4377/4600 3396/4378/4598
f 3387/4379/4599 3388/4380/4601 3398/4381/4602 3397/4382/4600
f 3388/4380/4601 3464/4383/4603 3465/4384/4604 3398/4381/4602
f 3390/4362/4586 3391/4361/4585 3401/4385/4605 3400/4386/4606
f 3391/4361/4585 3475/4364/4588 3468/4387/4607 3401/4385/4605
f 3392/4367/4591 3393/4366/4590 3403/4388/4608 3402/4389/4609
f 3393/4366/4590 3394/4370/4594 3404/4390/4610 3403/4388/4608
f 3394/4370/4594 3395/4372/4596 3405/4391/4611 3404/4390/4610
f 3395/4372/4596 3396/4374/4598 3406/4392/4612 3405/4391/4611
f 3396/4378/4598 3397/4377/4600 3407/4393/4613 3406/4394/4612
f 3397/4382/4600 3398/4381/4602 3408/4395/4614 3407/4396/4613
f 3398/4381/4602 3465/4384/4604 3466/4397/4615 3408/4395/4614
f 3400/4386/4606 3401/4385/4605 3411/4398/4616 3410/4399/4617
f 3401/4385/4605 3468/4387/4607 3469/4400/4618 3411/4398/4616
f 3402/4389/4609 3403/4388/4608 3413/4401/4619 3412/4402/4620
f 3403/4388/4608 3404/4390/4610 3414/4403/4621 3413/4401/4619
f 3404/4390/4610 3405/4391/4611 3415/4404/4622 3414/4403/4621
f 3405/4391/4611 3406/4392/4612 3416/4405/4623 3415/4404/4622
f 3406/4394/4612 3407/4393/4613 3417/4406/4624 3416/4407/4623
f 3407/4396/4613 3408/4395/4614 3418/4408/4625 3417/4406/4624
f 3408/4395/4614 3466/4397/4615 3467/4409/4626 3418/4408/4625
f 3410/4399/4617 3411/4398/4616 3421/4410/4627 3420/4411/4628
f 3411/4398/4616 3469/4400/4618 3470/4412/4629 3421/4410/4627
f 3412/4402/4620 3413/4401/4619 3423/4413/4630 3422/4414/4631
f 3413/4401/4619 3414/4403/4621 3424/4415/4632 3423/4413/4630
f 3414/4403/4621 3415/4404/4622 3425/4416/4633 3424/4415/4632
f 3415/4404/4622 3416/4405/4623 3426/4417/4634 3425/4416/4633
f 3416/4407/4623 3417/4406/4624 3427/4418/4635 3426/4419/4634
f 3417/4406/4624 3418/4408/4625 3428/4420/4636 3427/4418/4635
f 3418/4408/4625 3467/4409/4626 3460/4421/4637 3428/4420/4636
f 3420/4411/4628 3421/4410/4627 3431/4422/4638 3430/4423/4639
f 3421/4410/4627 3470/4412/4629 3471/4424/4640 3431/4422/4638
f 3422/4414/4631 3423/4413/4630 3433/4425/4641 3432/4426/4642
f 3423/4413/4630 3424/4415/4632 3434/4427/4643 3433/4425/4641
f 3424/4415/4632 3425/4416/4633 3435/4428/4644 3434/4427/4643
f 3425/4416/4633 3426/4417/4634 3436/4429/4645 3435/4428/4644
f 3426/4419/4634 3427/4418/4635 3437/4430/4646 3436/4431/4645
f 3427/4418/4635 3428/4420/4636 3438/4432/4647 3437/4430/4646
f 3428/4420/4636 3460/4421/4637 3461/4433/4648 3438/4432/4647
f 3430/4423/4639 3431/4422/4638 3441/4434/4649 3440/4435/4650
f 3431/4422/4638 3471/4424/4640 3472/4436/4651 3441/4434/4649
f 3432/4426/4642 3433/4425/4641 3443/4437/4652 3442/4438/4653
f 3433/4425/4641 3434/4427/4643 3444/4439/4654 3443/4437/4652
f 3434/4427/4643 3435/4428/4644 3445/4440/4655 3444/4439/4654
f 3435/4428/4644 3436/4429/4645 3446/4441/4656 3445/4440/4655
f 3436/4431/4645 3437/4430/4646 3447/4442/4657 3446/4443/4656
f 3437/4430/4646 3438/4432/4647 3448/4444/4658 3447/4442/4657
f 3438/4432/4647 3461/4433/4648 3462/4445/4659 3448/4444/4658
f 3440/4435/4650 3441/4434/4649 3451/4446/4660 3450/4447/4661
f 3441/4434/4649 3472/4436/4651 3473/4448/4662 3451/4446/4660
f 3442/4438/4653 3443/4437/4652 3453/4449/4663 3452/4450/4664
f 3443/4437/4652 3444/4439/4654 3454/4451/4665 3453/4449/4663
f 3444/4439/4654 3445/4440/4655 3455/4452/4666 3454/4451/4665
f 3445/4440/4655 3446/4441/4656 3456/4453/4667 3455/4452/4666
f 3446/4443/4656 3447/4442/4657 3457/4454/4668 3456/4455/4667
f 3447/4442/4657 3448/4444/4658 3458/4456/4669 3457/4454/4668
f 3448/4444/4658 3462/4445/4659 3463/4457/4670 3458/4456/4669
f 3450/4447/4661 3451/4446/4660 3381/4458/4584 3380/4359/4583
f 3451/4446/4660 3473/4448/4662 3474/4459/4587 3381/4458/4584
f 3452/4450/4664 3453/4449/4663 3383/4460/4589 3382/4461/4592
f 3453/4449/4663 3454/4451/4665 3384/4462/4593 3383/4460/4589
f 3454/4451/4665 3455/4452/4666 3385/4463/4595 3384/4462/4593
f 3455/4452/4666 3456/4453/4667 3386/4464/4597 3385/4463/4595
f 3456/4455/4667 3457/4454/4668 3387/4465/4599 3386/4466/4597
f 3457/4467/4668 3458/4468/4669 3388/4469/4601 3387/4470/4599
f 3458/4456/4669 3463/4457/4670 3464/4471/4603 3388/4472/4601
s off
f 3389/4473/4671 3459/4474/4672 3449/4475/4673 3439/4476/4674 3429/4477/4675 3419/4478/4676 3409/4479/4677 3399/4480/4678
s 11
f 3460/4421/4637 3429/4477/4679 3439/4476/4680 3461/4433/4648
f 3462/4445/4659 3461/4433/4648 3439/4476/4680 3449/4475/4681
f 3463/4457/4670 3462/4445/4659 3449/4475/4681 3459/4474/4682
f 3464/4471/4603 3463/4457/4670 3459/4474/4682 3389/4473/4683
f 3465/4384/4604 3464/4383/4603 3389/4473/4683 3399/4480/4684
f 3466/4397/4615 3465/4384/4604 3399/4480/4684 3409/4479/4685
f 3467/4409/4626 3466/4397/4615 3409/4479/4685 3419/4478/4686
f 3460/4421/4637 3467/4409/4626 3419/4478/4686 3429/4477/4679
s off
f 3390/4362/4687 3400/4386/4688 3410/4399/4689 3420/4411/4690 3430/4423/4691 3440/4435/4692 3450/4447/4693 3380/4359/4694
s 11
f 3468/4387/4607 3402/4389/4609 3412/4402/4620 3469/4400/4618
f 3470/4412/4629 3469/4400/4618 3412/4402/4620 3422/4414/4631
f 3471/4424/4640 3470/4412/4629 3422/4414/4631 3432/4426/4642
f 3472/4436/4651 3471/4424/4640 3432/4426/4642 3442/4438/4653
f 3473/4448/4662 3472/4436/4651 3442/4438/4653 3452/4450/4664
f 3474/4459/4587 3473/4448/4662 3452/4450/4664 3382/4461/4592
f 3475/4364/4588 3474/4363/4587 3382/4368/4592 3392/4367/4591
f 3468/4387/4607 3475/4364/4588 3392/4367/4591 3402/4389/4609
g default
v 0.619399 0.736205 11.136068
v 0.622042 0.734937 11.141022
v 0.625243 0.732270 11.144989
v 0.628694 0.728467 11.147585
v 0.632057 0.723898 11.148554
v 0.635001 0.719011 11.147801
v 0.637239 0.714285 11.145397
v 0.638553 0.710182 11.141583
v 0.638811 0.707104 11.136727
v 0.637991 0.705353 11.131307
v 0.636173 0.705097 11.125850
v 0.633533 0.706364 11.120897
v 0.630329 0.709031 11.116930
v 0.626878 0.712835 11.114332
v 0.623515 0.717404 11.113364
v 0.620570 0.722290 11.114118
v 0.618333 0.727016 11.116522
v 0.617019 0.731119 11.120338
v 0.616761 0.734197 11.125194
v 0.617580 0.735951 11.130614
v 0.629196 0.742659 11.132499
v 0.631837 0.741391 11.137453
v 0.635040 0.738724 11.141420
v 0.638491 0.734922 11.144017
v 0.641855 0.730351 11.144986
v 0.644797 0.725466 11.144232
v 0.647038 0.720740 11.141829
v 0.648351 0.716636 11.138013
v 0.648608 0.713556 11.133156
v 0.647788 0.711807 11.127737
v 0.645970 0.711551 11.122283
v 0.643326 0.712819 11.117330
v 0.640125 0.715486 11.113361
v 0.636675 0.719288 11.110764
v 0.633312 0.723857 11.109797
v 0.630368 0.728745 11.110549
v 0.628130 0.733471 11.112954
v 0.626816 0.737574 11.116769
v 0.626558 0.740653 11.121625
v 0.627376 0.742404 11.127045
v 0.614690 0.740284 11.130514
v 0.617024 0.740613 11.137515
v 0.613637 0.738036 11.123559
v 0.613970 0.734085 11.117327
v 0.615655 0.728819 11.112432
v 0.618527 0.722754 11.109347
v 0.622306 0.716484 11.108382
v 0.626621 0.710620 11.109622
v 0.631049 0.705739 11.112955
v 0.635161 0.702317 11.118048
v 0.638548 0.700691 11.124406
v 0.640883 0.701015 11.131403
v 0.641936 0.703266 11.138361
v 0.641603 0.707216 11.144591
v 0.639918 0.712482 11.149489
v 0.637047 0.718546 11.152570
v 0.633267 0.724817 11.153539
v 0.628951 0.730681 11.152295
v 0.624519 0.735563 11.148965
v 0.620411 0.738985 11.143872
v 0.626820 0.747066 11.133946
v 0.630208 0.745437 11.140302
v 0.634319 0.742016 11.145396
v 0.638748 0.737135 11.148726
v 0.643063 0.731273 11.149971
v 0.646841 0.725000 11.149001
v 0.649714 0.718935 11.145918
v 0.651399 0.713671 11.141022
v 0.651732 0.709720 11.134792
v 0.650678 0.707471 11.127834
v 0.648345 0.707144 11.120837
v 0.644958 0.708771 11.114479
v 0.640847 0.712192 11.109385
v 0.636417 0.717073 11.106055
v 0.632104 0.722938 11.104811
v 0.628323 0.729208 11.105778
v 0.625451 0.735273 11.108862
v 0.623766 0.740540 11.113758
v 0.623433 0.744490 11.119991
v 0.624484 0.746738 11.126946
v 0.609387 0.736792 11.132447
v 0.611723 0.737119 11.139446
v 0.608335 0.734544 11.125492
v 0.608667 0.730592 11.119260
v 0.610353 0.725327 11.114362
v 0.613226 0.719264 11.111279
v 0.617005 0.712991 11.110313
v 0.621319 0.707127 11.111552
v 0.625750 0.702248 11.114885
v 0.629859 0.698825 11.119979
v 0.633247 0.697197 11.126337
v 0.635581 0.697524 11.133336
v 0.636633 0.699773 11.140292
v 0.636302 0.703723 11.146523
v 0.634618 0.708989 11.151418
v 0.631744 0.715054 11.154504
v 0.627963 0.721325 11.155469
v 0.623649 0.727190 11.154227
v 0.619220 0.732070 11.150895
v 0.615109 0.735492 11.145804
v 0.632122 0.750557 11.132014
v 0.635509 0.748932 11.138372
v 0.639621 0.745509 11.143466
v 0.644047 0.740628 11.146797
v 0.648364 0.734765 11.148038
v 0.652144 0.728494 11.147072
v 0.655016 0.722428 11.143988
v 0.656702 0.717164 11.139092
v 0.657035 0.713211 11.132860
v 0.655980 0.710965 11.125905
v 0.653646 0.710635 11.118905
v 0.650260 0.712264 11.112549
v 0.646149 0.715686 11.107454
v 0.641718 0.720566 11.104123
v 0.637403 0.726431 11.102881
v 0.633625 0.732702 11.103849
v 0.630751 0.738766 11.106929
v 0.629065 0.744031 11.111828
v 0.628732 0.747982 11.118059
v 0.629788 0.750232 11.125015
v 0.611353 0.733847 11.132514
v 0.613337 0.734125 11.138462
v 0.610456 0.731936 11.126600
v 0.610741 0.728578 11.121305
v 0.612173 0.724102 11.117143
v 0.614612 0.718947 11.114521
v 0.617824 0.713617 11.113700
v 0.621495 0.708632 11.114755
v 0.625259 0.704483 11.117585
v 0.628752 0.701574 11.121916
v 0.631632 0.700192 11.127321
v 0.633618 0.700470 11.133267
v 0.634512 0.702381 11.139181
v 0.634229 0.705738 11.144477
v 0.632797 0.710213 11.148640
v 0.630355 0.715369 11.151260
v 0.627145 0.720701 11.152082
v 0.623474 0.725684 11.151026
v 0.619708 0.729833 11.148194
v 0.616217 0.732740 11.143866
v 0.633738 0.747564 11.131032
v 0.636617 0.746181 11.136436
v 0.640110 0.743272 11.140765
v 0.643873 0.739125 11.143594
v 0.647543 0.734139 11.144652
v 0.650754 0.728809 11.143828
v 0.653196 0.723653 11.141209
v 0.654628 0.719178 11.137046
v 0.654913 0.715819 11.131750
v 0.654017 0.713908 11.125838
v 0.652031 0.713630 11.119889
v 0.649153 0.715013 11.114483
v 0.645658 0.717921 11.110154
v 0.641895 0.722072 11.107323
v 0.638225 0.727055 11.106268
v 0.635014 0.732385 11.107090
v 0.632572 0.737541 11.109711
v 0.631139 0.742015 11.113873
v 0.630857 0.745375 11.119170
v 0.631750 0.747287 11.125082
v 0.612684 0.734723 11.132028
v 0.614667 0.735002 11.137979
v 0.611789 0.732811 11.126117
v 0.612071 0.729455 11.120820
v 0.613502 0.724978 11.116656
v 0.615945 0.719824 11.114036
v 0.619158 0.714492 11.113212
v 0.622825 0.709509 11.114270
v 0.626591 0.705360 11.117100
v 0.630084 0.702450 11.121429
v 0.632964 0.701070 11.126836
v 0.634949 0.701346 11.132785
v 0.635841 0.703258 11.138696
v 0.635560 0.706616 11.143994
v 0.634129 0.711090 11.148154
v 0.631685 0.716248 11.150777
v 0.628473 0.721578 11.151597
v 0.624806 0.726560 11.150541
v 0.621040 0.730710 11.147712
v 0.617547 0.733618 11.143382
v 0.632405 0.746688 11.131516
v 0.635285 0.745305 11.136919
v 0.638779 0.742394 11.141248
v 0.642544 0.738246 11.144081
v 0.646210 0.733262 11.145136
v 0.649425 0.727933 11.144313
v 0.651865 0.722777 11.141694
v 0.653295 0.718301 11.137532
v 0.653580 0.714943 11.132235
v 0.652687 0.713032 11.126322
v 0.650702 0.712754 11.120374
v 0.647822 0.714137 11.114970
v 0.644328 0.717046 11.110640
v 0.640563 0.721195 11.107809
v 0.636894 0.726178 11.106753
v 0.633683 0.731509 11.107575
v 0.631240 0.736665 11.110194
v 0.629809 0.741140 11.114358
v 0.629527 0.744499 11.119655
v 0.630421 0.746409 11.125567
v 0.628573 0.747877 11.118118
v 0.628906 0.743927 11.111887
v 0.630591 0.738662 11.106990
v 0.633465 0.732597 11.103907
v 0.637244 0.726323 11.102939
v 0.641560 0.720462 11.104182
v 0.645989 0.715580 11.107513
v 0.650098 0.712158 11.112604
v 0.653487 0.710531 11.118962
v 0.655822 0.710858 11.125963
v 0.656876 0.713107 11.132916
v 0.656543 0.717057 11.139150
v 0.654858 0.722323 11.144047
v 0.651985 0.728388 11.147130
v 0.648204 0.734660 11.148098
v 0.643889 0.740523 11.146855
v 0.639461 0.745404 11.143526
v 0.635349 0.748827 11.138430
v 0.631962 0.750452 11.132071
v 0.629628 0.750126 11.125074
v 0.623556 0.744571 11.119947
v 0.623889 0.740622 11.113713
v 0.625574 0.735356 11.108816
v 0.628445 0.729290 11.105733
v 0.632223 0.723019 11.104767
v 0.636540 0.717155 11.106009
v 0.640970 0.712274 11.109341
v 0.645080 0.708853 11.114433
v 0.648470 0.707224 11.120790
v 0.650801 0.707552 11.127791
v 0.651855 0.709800 11.134747
v 0.651525 0.713751 11.140977
v 0.649839 0.719017 11.145875
v 0.646966 0.725082 11.148956
v 0.643186 0.731354 11.149926
v 0.638871 0.737217 11.148683
v 0.634442 0.742098 11.145352
v 0.630333 0.745521 11.140258
v 0.626944 0.747147 11.133901
v 0.624608 0.746821 11.126902
v 0.639183 0.742664 11.141102
v 0.635689 0.745572 11.136773
v 0.632811 0.746955 11.131368
v 0.630827 0.746677 11.125418
v 0.629930 0.744766 11.119507
v 0.630216 0.741407 11.114208
v 0.631647 0.736932 11.110048
v 0.634087 0.731775 11.107425
v 0.637300 0.726447 11.106602
v 0.640969 0.721462 11.107659
v 0.644734 0.717313 11.110490
v 0.648227 0.714405 11.114822
v 0.651107 0.713020 11.120226
v 0.653092 0.713298 11.126175
v 0.653986 0.715210 11.132087
v 0.653704 0.718569 11.137383
v 0.652274 0.723044 11.141547
v 0.649829 0.728199 11.144168
v 0.646617 0.733530 11.144989
v 0.642949 0.738513 11.143932
v 0.639816 0.743079 11.140872
v 0.636323 0.745987 11.136543
v 0.633443 0.747370 11.131137
v 0.631458 0.747094 11.125188
v 0.630563 0.745182 11.119277
v 0.630846 0.741822 11.113978
v 0.632278 0.737347 11.109818
v 0.634720 0.732191 11.107198
v 0.637933 0.726861 11.106375
v 0.641601 0.721878 11.107430
v 0.645364 0.717728 11.110263
v 0.648858 0.714821 11.114592
v 0.651738 0.713437 11.119993
v 0.653722 0.713714 11.125945
v 0.654617 0.715625 11.131857
v 0.654334 0.718984 11.137154
v 0.652903 0.723460 11.141317
v 0.650460 0.728616 11.143937
v 0.647247 0.733945 11.144759
v 0.643579 0.738931 11.143704
v 0.619192 0.736592 11.136195
v 0.621899 0.735292 11.141273
v 0.625178 0.732560 11.145340
v 0.628717 0.728661 11.148000
v 0.632163 0.723980 11.148993
v 0.635182 0.718970 11.148220
v 0.637476 0.714128 11.145756
v 0.638820 0.709921 11.141846
v 0.639087 0.706765 11.136869
v 0.638246 0.704970 11.131314
v 0.636382 0.704709 11.125728
v 0.633676 0.706008 11.120647
v 0.630393 0.708742 11.116581
v 0.626856 0.712639 11.113920
v 0.623409 0.717323 11.112926
v 0.620392 0.722331 11.113700
v 0.618097 0.727174 11.116164
v 0.616753 0.731379 11.120073
v 0.616485 0.734534 11.125049
v 0.617326 0.736331 11.130604
v 0.617214 0.740259 11.137397
v 0.620542 0.738661 11.143644
v 0.624582 0.735299 11.148648
v 0.628931 0.730504 11.151920
v 0.633170 0.724743 11.153140
v 0.636883 0.718584 11.152190
v 0.639703 0.712625 11.149161
v 0.641359 0.707453 11.144351
v 0.641685 0.703573 11.138231
v 0.640651 0.701363 11.131397
v 0.638358 0.701041 11.124519
v 0.635030 0.702641 11.118275
v 0.630994 0.706003 11.113272
v 0.626642 0.710798 11.110000
v 0.622405 0.716557 11.108780
v 0.618690 0.722718 11.109731
v 0.615870 0.728676 11.112759
v 0.614213 0.733849 11.117567
v 0.613886 0.737729 11.123691
v 0.614920 0.739938 11.130521
v 0.627088 0.742214 11.127150
v 0.626269 0.740461 11.121729
v 0.626528 0.737384 11.116873
v 0.627839 0.733280 11.113059
v 0.630078 0.728555 11.110656
v 0.633025 0.723667 11.109902
v 0.636387 0.719099 11.110869
v 0.639835 0.715295 11.113464
v 0.643041 0.712628 11.117436
v 0.645680 0.711361 11.122388
v 0.647499 0.711615 11.127843
v 0.648319 0.713367 11.133263
v 0.648060 0.716446 11.138117
v 0.646748 0.720549 11.141935
v 0.644509 0.725274 11.144336
v 0.641564 0.730161 11.145091
v 0.638201 0.734729 11.144123
v 0.634750 0.738534 11.141526
v 0.631547 0.741201 11.137559
v 0.628908 0.742469 11.132602
v 0.626847 0.743198 11.127026
v 0.625985 0.741355 11.121325
v 0.626258 0.738117 11.116216
v 0.627641 0.733801 11.112204
v 0.629993 0.728829 11.109677
v 0.633091 0.723688 11.108881
v 0.636628 0.718883 11.109902
v 0.640259 0.714883 11.112630
v 0.643626 0.712077 11.116808
v 0.646406 0.710744 11.122019
v 0.648318 0.711011 11.127756
v 0.649181 0.712855 11.133457
v 0.648908 0.716092 11.138564
v 0.647527 0.720408 11.142579
v 0.645172 0.725380 11.145107
v 0.642074 0.730522 11.145900
v 0.638538 0.735327 11.144880
v 0.634907 0.739328 11.142150
v 0.631538 0.742134 11.137974
v 0.628761 0.743466 11.132762
v 0.624642 0.746507 11.126951
v 0.623601 0.744284 11.120076
v 0.623931 0.740381 11.113922
v 0.625594 0.735177 11.109081
v 0.628433 0.729184 11.106037
v 0.632167 0.722987 11.105080
v 0.636431 0.717193 11.106308
v 0.640809 0.712370 11.109599
v 0.644869 0.708990 11.114632
v 0.648220 0.707382 11.120913
v 0.650524 0.707704 11.127831
v 0.651564 0.709925 11.134704
v 0.651236 0.713829 11.140860
v 0.649571 0.719033 11.145701
v 0.646732 0.725024 11.148746
v 0.642999 0.731222 11.149703
v 0.638734 0.737016 11.148475
v 0.634357 0.741839 11.145181
v 0.630296 0.745221 11.140149
v 0.626950 0.746827 11.133868
v 0.614502 0.740161 11.130581
v 0.616837 0.740489 11.137583
v 0.620225 0.738862 11.143940
v 0.624335 0.735440 11.149033
v 0.628765 0.730559 11.152363
v 0.633079 0.724695 11.153608
v 0.636860 0.718423 11.152639
v 0.639732 0.712359 11.149557
v 0.641417 0.707093 11.144658
v 0.641749 0.703143 11.138427
v 0.640696 0.700894 11.131471
v 0.638364 0.700567 11.124474
v 0.634974 0.702193 11.118116
v 0.630863 0.705616 11.113023
v 0.626434 0.710497 11.109689
v 0.622119 0.716361 11.108449
v 0.618341 0.722631 11.109414
v 0.615468 0.728698 11.112498
v 0.613783 0.733963 11.117395
v 0.613450 0.737914 11.123627
v 0.609567 0.736910 11.132380
v 0.611902 0.737238 11.139381
v 0.615287 0.735611 11.145738
v 0.619399 0.732188 11.150831
v 0.623829 0.727306 11.154162
v 0.628143 0.721443 11.155406
v 0.631920 0.715172 11.154438
v 0.634795 0.709108 11.151356
v 0.636481 0.703840 11.146456
v 0.636813 0.699890 11.140225
v 0.635760 0.697641 11.133270
v 0.633426 0.697314 11.126273
v 0.630038 0.698942 11.119915
v 0.625926 0.702363 11.114819
v 0.621500 0.707245 11.111489
v 0.617183 0.713109 11.110247
v 0.613403 0.719380 11.111213
v 0.610532 0.725445 11.114298
v 0.608847 0.730710 11.119195
v 0.608514 0.734660 11.125424
v 0.613306 0.734183 11.138482
v 0.616194 0.732795 11.143905
v 0.619701 0.729875 11.148248
v 0.623479 0.725713 11.151087
v 0.627161 0.720713 11.152148
v 0.630382 0.715365 11.151324
v 0.632830 0.710190 11.148693
v 0.634269 0.705699 11.144516
v 0.634552 0.702330 11.139204
v 0.633655 0.700412 11.133271
v 0.631664 0.700134 11.127301
v 0.628773 0.701522 11.121879
v 0.625269 0.704440 11.117535
v 0.621491 0.708603 11.114693
v 0.617810 0.713605 11.113632
v 0.614588 0.718953 11.114459
v 0.612138 0.724125 11.117088
v 0.610702 0.728617 11.121265
v 0.610416 0.731986 11.126581
v 0.611315 0.733904 11.132511
v 0.611807 0.736964 11.139395
v 0.615170 0.735348 11.145700
v 0.619245 0.731953 11.150756
v 0.623641 0.727110 11.154061
v 0.627922 0.721293 11.155294
v 0.631671 0.715071 11.154334
v 0.634522 0.709053 11.151275
v 0.636193 0.703829 11.146417
v 0.636525 0.699909 11.140233
v 0.635480 0.697678 11.133333
v 0.633163 0.697353 11.126388
v 0.629802 0.698967 11.120078
v 0.625723 0.702362 11.115027
v 0.621329 0.707207 11.111720
v 0.617047 0.713024 11.110489
v 0.613300 0.719247 11.111449
v 0.610448 0.725264 11.114508
v 0.608777 0.730488 11.119364
v 0.608446 0.734408 11.125549
v 0.609490 0.736639 11.132450
v 0.624475 0.726343 11.150664
v 0.628143 0.721359 11.151720
v 0.631355 0.716028 11.150897
v 0.633796 0.710874 11.148277
v 0.635229 0.706397 11.144115
v 0.635512 0.703039 11.138818
v 0.634616 0.701129 11.132904
v 0.632633 0.700849 11.126956
v 0.629753 0.702234 11.121553
v 0.626260 0.705142 11.117223
v 0.622494 0.709291 11.114390
v 0.618826 0.714275 11.113336
v 0.615614 0.719604 11.114157
v 0.613172 0.724760 11.116776
v 0.611740 0.729235 11.120939
v 0.611457 0.732594 11.126235
v 0.612349 0.734505 11.132149
v 0.614338 0.734783 11.138100
v 0.617218 0.733401 11.143503
v 0.620709 0.730492 11.147832
v 0.623819 0.725911 11.150903
v 0.627486 0.720927 11.151958
v 0.630698 0.715596 11.151135
v 0.633141 0.710440 11.148514
v 0.634573 0.705965 11.144353
v 0.634855 0.702608 11.139056
v 0.633960 0.700696 11.133142
v 0.631977 0.700418 11.127195
v 0.629097 0.701801 11.121790
v 0.625604 0.704710 11.117462
v 0.621838 0.708859 11.114630
v 0.618170 0.713843 11.113574
v 0.614958 0.719173 11.114396
v 0.612514 0.724327 11.117014
v 0.611084 0.728804 11.121178
v 0.610803 0.732162 11.126476
v 0.611695 0.734073 11.132389
v 0.613680 0.734351 11.138338
v 0.616560 0.732968 11.143739
v 0.620055 0.730059 11.148069
v 0.247012 0.797101 11.097943
v 0.243115 0.796489 11.102132
v 0.238631 0.794592 11.105200
v 0.234000 0.791599 11.106851
v 0.229678 0.787798 11.106917
v 0.226084 0.783567 11.105398
v 0.223576 0.779317 11.102440
v 0.222394 0.775465 11.098333
v 0.222654 0.772386 11.093477
v 0.224334 0.770383 11.088349
v 0.227265 0.769653 11.083453
v 0.231165 0.770265 11.079264
v 0.235647 0.772161 11.076194
v 0.240278 0.775155 11.074545
v 0.244600 0.778955 11.074477
v 0.248193 0.783185 11.075995
v 0.250703 0.787437 11.078955
v 0.251883 0.791289 11.083063
v 0.251623 0.794367 11.087919
v 0.249944 0.796370 11.093045
v 0.254276 0.788937 11.103509
v 0.250375 0.788325 11.107697
v 0.245890 0.786429 11.110766
v 0.241262 0.783434 11.112416
v 0.236941 0.779637 11.112486
v 0.233347 0.775405 11.110966
v 0.230837 0.771153 11.108006
v 0.229654 0.767301 11.103899
v 0.229916 0.764222 11.099043
v 0.231594 0.762220 11.093916
v 0.234528 0.761489 11.089019
v 0.238429 0.762101 11.084829
v 0.242909 0.763997 11.081761
v 0.247541 0.766991 11.080111
v 0.251863 0.770791 11.080045
v 0.255455 0.775022 11.081564
v 0.257966 0.779273 11.084522
v 0.259146 0.783125 11.088628
v 0.258886 0.786204 11.093484
v 0.257206 0.788206 11.098611
v 0.253572 0.800051 11.093710
v 0.249810 0.800989 11.099995
v 0.255726 0.797481 11.087130
v 0.256063 0.793531 11.080900
v 0.254547 0.788586 11.075627
v 0.251324 0.783131 11.071831
v 0.246714 0.777701 11.069881
v 0.241169 0.772825 11.069968
v 0.235225 0.768983 11.072085
v 0.229473 0.766550 11.076024
v 0.224467 0.765765 11.081400
v 0.220705 0.766700 11.087683
v 0.218550 0.769272 11.094266
v 0.218214 0.773222 11.100496
v 0.219731 0.778167 11.105767
v 0.222954 0.783622 11.109564
v 0.227563 0.789054 11.111515
v 0.233111 0.793927 11.111425
v 0.239053 0.797770 11.109310
v 0.244807 0.800204 11.105372
v 0.257073 0.792825 11.105561
v 0.252068 0.792039 11.110937
v 0.246315 0.789606 11.114877
v 0.240372 0.785764 11.116992
v 0.234826 0.780889 11.117080
v 0.230217 0.775458 11.115131
v 0.226993 0.770004 11.111334
v 0.225477 0.765058 11.106061
v 0.225813 0.761108 11.099831
v 0.227967 0.758539 11.093252
v 0.231730 0.757600 11.086967
v 0.236736 0.758386 11.081591
v 0.242487 0.760819 11.077651
v 0.248429 0.764663 11.075536
v 0.253976 0.769536 11.075447
v 0.258586 0.774968 11.077397
v 0.261806 0.780424 11.081196
v 0.263326 0.785368 11.086467
v 0.262989 0.789318 11.092696
v 0.260836 0.791889 11.099277
v 0.249643 0.804469 11.090698
v 0.245879 0.805407 11.096984
v 0.251798 0.801899 11.084118
v 0.252133 0.797948 11.077886
v 0.250616 0.793003 11.072616
v 0.247395 0.787549 11.068820
v 0.242784 0.782119 11.066868
v 0.237239 0.777243 11.066956
v 0.231297 0.773400 11.069074
v 0.225542 0.770968 11.073012
v 0.220537 0.770181 11.078386
v 0.216773 0.771119 11.084671
v 0.214620 0.773688 11.091251
v 0.214286 0.777640 11.097483
v 0.215803 0.782584 11.102754
v 0.219023 0.788040 11.106552
v 0.223632 0.793470 11.108502
v 0.229181 0.798345 11.108413
v 0.235122 0.802187 11.106296
v 0.240876 0.804621 11.102359
v 0.261003 0.788409 11.108575
v 0.255998 0.787622 11.113949
v 0.250243 0.785189 11.117887
v 0.244302 0.781347 11.120005
v 0.238756 0.776471 11.120093
v 0.234147 0.771040 11.118142
v 0.230924 0.765586 11.114346
v 0.229406 0.760642 11.109075
v 0.229741 0.756690 11.102843
v 0.231897 0.754121 11.096263
v 0.235661 0.753183 11.089978
v 0.240664 0.753968 11.084601
v 0.246417 0.756403 11.080665
v 0.252359 0.760245 11.078548
v 0.257908 0.765120 11.078460
v 0.262517 0.770550 11.080409
v 0.265737 0.776006 11.084207
v 0.267254 0.780950 11.089478
v 0.266921 0.784901 11.095709
v 0.264767 0.787471 11.102290
v 0.247177 0.801967 11.090245
v 0.243980 0.802765 11.095589
v 0.249009 0.799783 11.084653
v 0.249296 0.796425 11.079357
v 0.248005 0.792222 11.074877
v 0.245265 0.787586 11.071650
v 0.241349 0.782969 11.069991
v 0.236633 0.778827 11.070067
v 0.231582 0.775561 11.071866
v 0.226691 0.773491 11.075213
v 0.222438 0.772822 11.079781
v 0.219239 0.773620 11.085124
v 0.217410 0.775805 11.090716
v 0.217124 0.779162 11.096013
v 0.218413 0.783367 11.100495
v 0.221149 0.788002 11.103722
v 0.225069 0.792618 11.105379
v 0.229783 0.796762 11.105304
v 0.234833 0.800029 11.103505
v 0.239727 0.802096 11.100157
v 0.259102 0.785767 11.107181
v 0.254848 0.785098 11.111749
v 0.249957 0.783029 11.115095
v 0.244908 0.779763 11.116894
v 0.240191 0.775620 11.116971
v 0.236273 0.771004 11.115313
v 0.233535 0.766367 11.112085
v 0.232244 0.762165 11.107604
v 0.232531 0.758806 11.102308
v 0.234360 0.756623 11.096716
v 0.237560 0.755825 11.091372
v 0.241812 0.756494 11.086804
v 0.246706 0.758561 11.083456
v 0.251754 0.761827 11.081656
v 0.256471 0.765971 11.081583
v 0.260390 0.770588 11.083239
v 0.263127 0.775224 11.086468
v 0.264416 0.779427 11.090949
v 0.264131 0.782785 11.096244
v 0.262301 0.784970 11.101837
v 0.248166 0.800859 11.091003
v 0.244964 0.801657 11.096346
v 0.249996 0.798675 11.085411
v 0.250282 0.795317 11.080114
v 0.248991 0.791113 11.075632
v 0.246253 0.786478 11.072406
v 0.242335 0.781861 11.070748
v 0.237620 0.777717 11.070822
v 0.232569 0.774451 11.072621
v 0.227679 0.772382 11.075969
v 0.223426 0.771715 11.080538
v 0.220227 0.772511 11.085879
v 0.218397 0.774697 11.091474
v 0.218110 0.778054 11.096771
v 0.219399 0.782257 11.101251
v 0.222137 0.786893 11.104478
v 0.226057 0.791510 11.106136
v 0.230770 0.795652 11.106061
v 0.235821 0.798919 11.104261
v 0.240714 0.800989 11.100914
v 0.258114 0.786875 11.106423
v 0.253861 0.786207 11.110993
v 0.248971 0.784138 11.114341
v 0.243920 0.780873 11.116139
v 0.239206 0.776730 11.116215
v 0.235287 0.772112 11.114556
v 0.232547 0.767477 11.111329
v 0.231257 0.763272 11.106847
v 0.231544 0.759914 11.101551
v 0.233376 0.757731 11.095959
v 0.236572 0.756934 11.090617
v 0.240826 0.757602 11.086047
v 0.245719 0.759671 11.082700
v 0.250769 0.762937 11.080901
v 0.255482 0.767081 11.080827
v 0.259403 0.771697 11.082485
v 0.262140 0.776333 11.085710
v 0.263430 0.780535 11.090190
v 0.263147 0.783893 11.095488
v 0.261313 0.786079 11.101082
v 0.266801 0.785035 11.095620
v 0.267138 0.781083 11.089388
v 0.265620 0.776139 11.084117
v 0.262398 0.770685 11.080319
v 0.257788 0.765254 11.078370
v 0.252243 0.760378 11.078457
v 0.246299 0.756536 11.080573
v 0.240547 0.754102 11.084511
v 0.235542 0.753316 11.089887
v 0.231779 0.754254 11.096172
v 0.229625 0.756823 11.102752
v 0.229288 0.760775 11.108983
v 0.230805 0.765719 11.114255
v 0.234027 0.771173 11.118051
v 0.238637 0.776604 11.120000
v 0.244183 0.781480 11.119914
v 0.250124 0.785322 11.117797
v 0.255879 0.787754 11.113857
v 0.260883 0.788542 11.108483
v 0.264647 0.787604 11.102199
v 0.263082 0.789216 11.092769
v 0.263416 0.785265 11.086536
v 0.261899 0.780320 11.081265
v 0.258679 0.774864 11.077468
v 0.254070 0.769436 11.075519
v 0.248521 0.764560 11.075606
v 0.242580 0.760718 11.077724
v 0.236826 0.758284 11.081660
v 0.231823 0.757498 11.087036
v 0.228059 0.758435 11.093321
v 0.225903 0.761006 11.099901
v 0.225569 0.764955 11.106131
v 0.227086 0.769901 11.111404
v 0.230306 0.775355 11.115200
v 0.234918 0.780786 11.117151
v 0.240463 0.785661 11.117063
v 0.246405 0.789503 11.114946
v 0.252159 0.791936 11.111007
v 0.257162 0.792724 11.105634
v 0.260929 0.791786 11.099348
v 0.249272 0.783800 11.114571
v 0.254162 0.785869 11.111224
v 0.258416 0.786538 11.106654
v 0.261615 0.785741 11.101313
v 0.263446 0.783556 11.095719
v 0.263731 0.780197 11.090422
v 0.262441 0.775994 11.085941
v 0.259701 0.771359 11.082714
v 0.255785 0.766743 11.081058
v 0.251068 0.762598 11.081131
v 0.246017 0.759332 11.082930
v 0.241127 0.757263 11.086277
v 0.236874 0.756596 11.090848
v 0.233675 0.757392 11.096188
v 0.231845 0.759578 11.101784
v 0.231559 0.762936 11.107079
v 0.232850 0.767138 11.111560
v 0.235588 0.771774 11.114787
v 0.239506 0.776390 11.116444
v 0.244222 0.780535 11.116371
v 0.249739 0.783275 11.114930
v 0.254629 0.785342 11.111581
v 0.258883 0.786011 11.107012
v 0.262082 0.785216 11.101672
v 0.263914 0.783031 11.096079
v 0.264197 0.779672 11.090781
v 0.262907 0.775469 11.086300
v 0.260171 0.770832 11.083072
v 0.256251 0.766215 11.081415
v 0.251537 0.762073 11.081491
v 0.246487 0.758807 11.083290
v 0.241597 0.756738 11.086636
v 0.237344 0.756069 11.091205
v 0.234145 0.756867 11.096548
v 0.232312 0.759051 11.102141
v 0.232028 0.762409 11.107437
v 0.233318 0.766611 11.111918
v 0.236055 0.771249 11.115145
v 0.239974 0.775864 11.116803
v 0.244688 0.780009 11.116729
v 0.247258 0.797443 11.098124
v 0.243261 0.796815 11.102416
v 0.238667 0.794871 11.105561
v 0.233921 0.791803 11.107251
v 0.229493 0.787909 11.107322
v 0.225811 0.783572 11.105764
v 0.223238 0.779217 11.102734
v 0.222025 0.775268 11.098524
v 0.222293 0.772112 11.093545
v 0.224013 0.770060 11.088290
v 0.227020 0.769310 11.083271
v 0.231015 0.769940 11.078981
v 0.235610 0.771882 11.075834
v 0.240356 0.774951 11.074144
v 0.244786 0.778844 11.074073
v 0.248467 0.783182 11.075631
v 0.251039 0.787537 11.078662
v 0.252251 0.791485 11.082873
v 0.251986 0.794640 11.087848
v 0.250263 0.796694 11.093104
v 0.249586 0.800679 11.099833
v 0.244671 0.799907 11.105111
v 0.239020 0.797516 11.108981
v 0.233181 0.793741 11.111059
v 0.227733 0.788952 11.111146
v 0.223203 0.783616 11.109229
v 0.220041 0.778259 11.105502
v 0.218548 0.773402 11.100322
v 0.218877 0.769521 11.094201
v 0.220994 0.766996 11.087737
v 0.224692 0.766074 11.081563
v 0.229608 0.766848 11.076284
v 0.235261 0.769238 11.072414
v 0.241096 0.773013 11.070335
v 0.246546 0.777801 11.070249
v 0.251075 0.783136 11.072163
v 0.254238 0.788493 11.075892
v 0.255728 0.793352 11.081074
v 0.255399 0.797233 11.087195
v 0.253283 0.799757 11.093658
v 0.256993 0.788448 11.098448
v 0.258672 0.786445 11.093320
v 0.258933 0.783367 11.088465
v 0.257749 0.779513 11.084356
v 0.255242 0.775263 11.081399
v 0.251649 0.771031 11.079880
v 0.247327 0.767233 11.079949
v 0.242695 0.764238 11.081596
v 0.238212 0.762342 11.084665
v 0.234314 0.761730 11.088854
v 0.231380 0.762460 11.093752
v 0.229700 0.764464 11.098880
v 0.229440 0.767542 11.103735
v 0.230624 0.771395 11.107842
v 0.233133 0.775646 11.110801
v 0.236724 0.779877 11.112321
v 0.241048 0.783675 11.112251
v 0.245676 0.786669 11.110603
v 0.250161 0.788566 11.107532
v 0.254061 0.789179 11.103347
v 0.257872 0.788881 11.098734
v 0.259638 0.786775 11.093341
v 0.259912 0.783536 11.088233
v 0.258669 0.779483 11.083912
v 0.256028 0.775012 11.080800
v 0.252251 0.770561 11.079202
v 0.247702 0.766565 11.079274
v 0.242832 0.763416 11.081009
v 0.238118 0.761421 11.084237
v 0.234015 0.760776 11.088641
v 0.230930 0.761546 11.093794
v 0.229164 0.763652 11.099189
v 0.228889 0.766890 11.104295
v 0.230134 0.770943 11.108617
v 0.232774 0.775413 11.111729
v 0.236552 0.779866 11.113328
v 0.241100 0.783862 11.113256
v 0.245969 0.787012 11.111521
v 0.250687 0.789005 11.108291
v 0.254786 0.789650 11.103886
v 0.260640 0.791691 11.099242
v 0.262771 0.789150 11.092740
v 0.263101 0.785246 11.086582
v 0.261600 0.780360 11.081373
v 0.258418 0.774971 11.077622
v 0.253862 0.769604 11.075694
v 0.248383 0.764789 11.075782
v 0.242511 0.760991 11.077873
v 0.236826 0.758586 11.081764
v 0.231882 0.757809 11.087075
v 0.228162 0.758736 11.093286
v 0.226031 0.761276 11.099790
v 0.225702 0.765180 11.105946
v 0.227202 0.770065 11.111155
v 0.230384 0.775456 11.114908
v 0.234940 0.780822 11.116833
v 0.240420 0.785637 11.116745
v 0.246290 0.789437 11.114656
v 0.251977 0.791840 11.110764
v 0.256920 0.792617 11.105452
v 0.253435 0.800207 11.093604
v 0.249671 0.801144 11.099890
v 0.244668 0.800358 11.105265
v 0.238914 0.797925 11.109204
v 0.232973 0.794083 11.111321
v 0.227424 0.789209 11.111408
v 0.222815 0.783777 11.109459
v 0.219594 0.778322 11.105662
v 0.218075 0.773377 11.100389
v 0.218411 0.769427 11.094159
v 0.220566 0.766856 11.087577
v 0.224329 0.765918 11.081292
v 0.229333 0.766706 11.075919
v 0.235089 0.769139 11.071979
v 0.241030 0.772980 11.069862
v 0.246576 0.777856 11.069775
v 0.251187 0.783287 11.071725
v 0.254408 0.788741 11.075522
v 0.255924 0.793687 11.080795
v 0.255590 0.797637 11.087024
v 0.249777 0.804319 11.090800
v 0.246013 0.805258 11.097084
v 0.241008 0.804472 11.102460
v 0.235253 0.802039 11.106399
v 0.229312 0.798197 11.108516
v 0.223766 0.793321 11.108604
v 0.219157 0.787890 11.106653
v 0.215934 0.782437 11.102856
v 0.214418 0.777490 11.097584
v 0.214751 0.773541 11.091354
v 0.216907 0.770969 11.084772
v 0.220671 0.770031 11.078487
v 0.225674 0.770819 11.073113
v 0.231428 0.773251 11.069175
v 0.237369 0.777094 11.067057
v 0.242918 0.781969 11.066970
v 0.247527 0.787400 11.068920
v 0.250746 0.792854 11.072716
v 0.252268 0.797800 11.077989
v 0.251931 0.801751 11.084219
v 0.244016 0.802816 11.095616
v 0.239748 0.802146 11.100201
v 0.234842 0.800070 11.103561
v 0.229774 0.796792 11.105364
v 0.225041 0.792636 11.105440
v 0.221108 0.788003 11.103777
v 0.218365 0.783352 11.100540
v 0.217069 0.779133 11.096041
v 0.217355 0.775764 11.090727
v 0.219192 0.773571 11.085114
v 0.222403 0.772771 11.079753
v 0.226669 0.773441 11.075169
v 0.231577 0.775518 11.071812
v 0.236645 0.778795 11.070005
v 0.241374 0.782953 11.069932
v 0.245306 0.787584 11.071594
v 0.248055 0.792237 11.074832
v 0.249350 0.796454 11.079329
v 0.249063 0.799824 11.084641
v 0.247227 0.802016 11.090255
v 0.245781 0.805269 11.096911
v 0.240817 0.804490 11.102244
v 0.235107 0.802074 11.106151
v 0.229210 0.798262 11.108251
v 0.223709 0.793425 11.108338
v 0.219133 0.788038 11.106405
v 0.215936 0.782626 11.102638
v 0.214433 0.777718 11.097405
v 0.214766 0.773800 11.091225
v 0.216904 0.771249 11.084696
v 0.220637 0.770320 11.078460
v 0.225602 0.771098 11.073126
v 0.231310 0.773513 11.069219
v 0.237206 0.777327 11.067119
v 0.242709 0.782162 11.067031
v 0.247284 0.787551 11.068966
v 0.250480 0.792963 11.072733
v 0.251986 0.797869 11.077964
v 0.251653 0.801789 11.084147
v 0.249515 0.804340 11.090676
v 0.230525 0.795930 11.105873
v 0.225811 0.791785 11.105947
v 0.221892 0.787170 11.104289
v 0.219155 0.782532 11.101062
v 0.217864 0.778329 11.096581
v 0.218151 0.774972 11.091284
v 0.219981 0.772788 11.085692
v 0.223180 0.771989 11.080349
v 0.227433 0.772659 11.075780
v 0.232325 0.774728 11.072433
v 0.237374 0.777992 11.070632
v 0.242091 0.782136 11.070559
v 0.246007 0.786753 11.072216
v 0.248747 0.791389 11.075444
v 0.250034 0.795592 11.079924
v 0.249751 0.798951 11.085221
v 0.247918 0.801136 11.090815
v 0.244719 0.801932 11.096157
v 0.240468 0.801264 11.100724
v 0.235576 0.799196 11.104074
v 0.230040 0.796475 11.105500
v 0.225325 0.792331 11.105574
v 0.221406 0.787715 11.103918
v 0.218669 0.783078 11.100689
v 0.217379 0.778876 11.096208
v 0.217664 0.775518 11.090912
v 0.219495 0.773334 11.085319
v 0.222694 0.772536 11.079976
v 0.226948 0.773204 11.075408
v 0.231838 0.775274 11.072062
v 0.236888 0.778540 11.070262
v 0.241604 0.782682 11.070187
v 0.245522 0.787299 11.071843
v 0.248260 0.791936 11.075071
v 0.249551 0.796139 11.079552
v 0.249265 0.799496 11.084848
v 0.247435 0.801682 11.090444
v 0.244236 0.802478 11.095784
v 0.239982 0.801809 11.100352
v 0.235089 0.799742 11.103701
vt 0.279345 0.584983
vt 0.244251 0.569953
vt 0.772081 0.763183
vt 0.772788 0.725012
vt 0.215536 0.544827
vt 0.851687 0.726447
vt 0.195980 0.512053
vt 0.850997 0.764619
vt 0.187508 0.474837
vt 0.773474 0.686864
vt 0.190949 0.436827
vt 0.852383 0.688298
vt 0.205975 0.401747
vt 0.774172 0.648706
vt 0.231096 0.373015
vt 0.853070 0.650137
vt 0.263871 0.353460
vt 0.774860 0.610547
vt 0.301087 0.344998
vt 0.853767 0.611973
vt 0.339109 0.348434
vt 0.775542 0.572391
vt 0.374195 0.363451
vt 0.854465 0.573809
vt 0.402913 0.388590
vt 0.776232 0.534239
vt 0.422475 0.421357
vt 0.855142 0.535651
vt 0.430944 0.458576
vt 0.776917 0.496083
vt 0.427504 0.496589
vt 0.855829 0.497487
vt 0.412468 0.531667
vt 0.777594 0.457929
vt 0.387342 0.560401
vt 0.856505 0.459325
vt 0.354567 0.579946
vt 0.778272 0.419771
vt 0.317352 0.588426
vt 0.857178 0.421166
vt 0.778951 0.381599
vt 0.857859 0.383006
vt 0.779623 0.343440
vt 0.858535 0.344855
vt 0.780300 0.305277
vt 0.859203 0.306679
vt 0.780990 0.267118
vt 0.859910 0.268536
vt 0.781681 0.228955
vt 0.860594 0.230379
vt 0.782356 0.190794
vt 0.861276 0.192206
vt 0.783056 0.152636
vt 0.861947 0.154055
vt 0.783729 0.114472
vt 0.862650 0.115899
vt 0.863338 0.077741
vt 0.785107 0.038156
vt 0.900363 0.931243
vt 0.899561 0.980230
vt 0.898004 0.980211
vt 0.898813 0.931220
vt 0.914709 0.049747
vt 0.913864 0.098717
vt 0.912316 0.098691
vt 0.913012 0.147680
vt 0.911473 0.147654
vt 0.912198 0.196653
vt 0.910653 0.196635
vt 0.911376 0.245622
vt 0.909829 0.245594
vt 0.910560 0.294594
vt 0.909009 0.294560
vt 0.909755 0.343557
vt 0.908216 0.343532
vt 0.908971 0.392535
vt 0.907419 0.392509
vt 0.317563 0.591453
vt 0.278595 0.587922
vt 0.355701 0.582771
vt 0.389289 0.562722
vt 0.415038 0.533283
vt 0.430439 0.497328
vt 0.433971 0.458372
vt 0.425287 0.420226
vt 0.405242 0.386643
vt 0.375807 0.360883
vt 0.339832 0.345485
vt 0.300897 0.341957
vt 0.262756 0.350635
vt 0.229164 0.370684
vt 0.203399 0.400123
vt 0.188004 0.436080
vt 0.184472 0.475043
vt 0.193156 0.513181
vt 0.213197 0.546775
vt 0.242632 0.572520
vt 0.908176 0.441499
vt 0.906638 0.441478
vt 0.215109 0.853661
vt 0.177131 0.866681
vt 0.907407 0.490471
vt 0.247205 0.829532
vt 0.905863 0.490448
vt 0.270265 0.796672
vt 0.906617 0.539463
vt 0.282054 0.758298
vt 0.905073 0.539427
vt 0.281401 0.718148
vt 0.905813 0.588426
vt 0.268370 0.680171
vt 0.904271 0.588400
vt 0.244238 0.648081
vt 0.905026 0.637400
vt 0.211378 0.625021
vt 0.903483 0.637373
vt 0.173004 0.613237
vt 0.904266 0.686361
vt 0.132868 0.613890
vt 0.902710 0.686340
vt 0.094887 0.626928
vt 0.903480 0.735334
vt 0.062784 0.651046
vt 0.901926 0.735322
vt 0.039729 0.683905
vt 0.902711 0.784318
vt 0.027942 0.722277
vt 0.901171 0.784291
vt 0.028607 0.762426
vt 0.901925 0.833302
vt 0.041635 0.800392
vt 0.900389 0.833266
vt 0.065750 0.832491
vt 0.901149 0.882270
vt 0.098618 0.855555
vt 0.899598 0.882242
vt 0.136990 0.867333
vt 0.270872 0.618494
vt 0.319665 0.622902
vt 0.924537 0.979881
vt 0.924337 0.930908
vt 0.367423 0.612037
vt 0.925376 0.930903
vt 0.409484 0.586940
vt 0.925560 0.979873
vt 0.441724 0.550073
vt 0.924122 0.881934
vt 0.461014 0.505048
vt 0.925150 0.881930
vt 0.465418 0.456271
vt 0.923886 0.832974
vt 0.454556 0.408507
vt 0.924908 0.832966
vt 0.429454 0.366456
vt 0.923604 0.784001
vt 0.392590 0.334202
vt 0.924619 0.783996
vt 0.347565 0.314934
vt 0.923330 0.735012
vt 0.298794 0.310498
vt 0.924363 0.735000
vt 0.251025 0.321379
vt 0.923070 0.686034
vt 0.208974 0.346473
vt 0.924093 0.686038
vt 0.176717 0.383340
vt 0.922789 0.637072
vt 0.157440 0.428352
vt 0.923814 0.637055
vt 0.153025 0.477136
vt 0.922473 0.588097
vt 0.163900 0.524898
vt 0.923488 0.588085
vt 0.188996 0.566970
vt 0.922137 0.539104
vt 0.225853 0.599212
vt 0.923161 0.539105
vt 0.182006 0.894488
vt 0.228333 0.878591
vt 0.921851 0.490133
vt 0.922881 0.490127
vt 0.267484 0.849158
vt 0.921521 0.441157
vt 0.295613 0.809072
vt 0.922543 0.441142
vt 0.310000 0.762257
vt 0.921197 0.392173
vt 0.309192 0.713278
vt 0.922223 0.392166
vt 0.293300 0.666948
vt 0.920885 0.343199
vt 0.263874 0.627805
vt 0.921912 0.343191
vt 0.223789 0.599662
vt 0.920582 0.294239
vt 0.176953 0.585289
vt 0.921578 0.294216
vt 0.127989 0.586088
vt 0.920215 0.245262
vt 0.081659 0.601976
vt 0.921236 0.245250
vt 0.042508 0.631409
vt 0.919861 0.196298
vt 0.014371 0.671498
vt 0.920882 0.196280
vt 0.000000 0.718312
vt 0.919471 0.147329
vt 0.000791 0.767293
vt 0.920490 0.147316
vt 0.016684 0.813615
vt 0.919041 0.098347
vt 0.046116 0.852769
vt 0.920058 0.098339
vt 0.086218 0.880913
vt 0.133028 0.895294
vt 0.919616 0.049370
vt 0.464334 0.033895
vt 0.488765 0.000393
vt 0.631741 0.370626
vt 0.583265 0.374111
vt 0.490856 0.002338
vt 0.678916 0.382286
vt 0.466514 0.035788
vt 0.720192 0.407956
vt 0.016812 0.627908
vt 0.751497 0.445114
vt 0.769789 0.490137
vt 0.037959 0.591174
vt 0.773283 0.538601
vt 0.040463 0.592602
vt 0.761631 0.585787
vt 0.059525 0.555025
vt 0.735957 0.627053
vt 0.062015 0.556473
vt 0.698807 0.658372
vt 0.081158 0.518952
vt 0.653778 0.676660
vt 0.083657 0.520426
vt 0.605301 0.680147
vt 0.102822 0.482913
vt 0.558132 0.668494
vt 0.105326 0.484385
vt 0.516862 0.642823
vt 0.124523 0.446875
vt 0.485546 0.605657
vt 0.127000 0.448349
vt 0.467253 0.560637
vt 0.146103 0.410843
vt 0.463763 0.512166
vt 0.148602 0.412299
vt 0.475426 0.464995
vt 0.165688 0.374812
vt 0.501089 0.423728
vt 0.168400 0.375800
vt 0.538258 0.392420
vt 0.169404 0.336250
vt 0.201618 0.294753
vt 0.202117 0.297619
vt 0.238020 0.281004
vt 0.239719 0.283294
vt 0.266915 0.251906
vt 0.269031 0.253860
vt 0.295271 0.220916
vt 0.297399 0.222865
vt 0.323586 0.189822
vt 0.325709 0.191763
vt 0.351902 0.158731
vt 0.354017 0.160664
vt 0.380201 0.127615
vt 0.382323 0.129568
vt 0.408497 0.096495
vt 0.410619 0.098467
vt 0.436578 0.065256
vt 0.438709 0.067209
vt 0.054289 0.043973
vt 0.028016 0.076400
vt 0.025917 0.075209
vt 0.052650 0.042105
vt 0.013197 0.115019
vt 0.010818 0.114524
vt 0.010945 0.156393
vt 0.008524 0.156656
vt 0.021553 0.196534
vt 0.019326 0.197525
vt 0.044028 0.231456
vt 0.042220 0.233077
vt 0.076193 0.257750
vt 0.074969 0.259847
vt 0.114911 0.272819
vt 0.114393 0.275191
vt 0.156387 0.275191
vt 0.156633 0.277614
vt 0.196565 0.264618
vt 0.197550 0.266844
vt 0.231519 0.242132
vt 0.233136 0.243931
vt 0.257811 0.209926
vt 0.259903 0.211153
vt 0.272854 0.171168
vt 0.275230 0.171692
vt 0.275181 0.129655
vt 0.277596 0.129423
vt 0.264564 0.089457
vt 0.266782 0.088493
vt 0.242067 0.054528
vt 0.243883 0.052906
vt 0.209884 0.028264
vt 0.211092 0.026158
vt 0.171126 0.013241
vt 0.171633 0.010877
vt 0.129669 0.010934
vt 0.129431 0.008528
vt 0.089697 0.021403
vt 0.088767 0.019194
vt 0.962133 0.146962
vt 0.961708 0.097975
vt 0.963027 0.097964
vt 0.963452 0.146955
vt 0.962530 0.195952
vt 0.963858 0.195953
vt 0.962898 0.244942
vt 0.964223 0.244934
vt 0.963240 0.293944
vt 0.964568 0.293919
vt 0.963579 0.342923
vt 0.964895 0.342916
vt 0.963883 0.391903
vt 0.965211 0.391893
vt 0.964197 0.440869
vt 0.965526 0.440873
vt 0.964529 0.489855
vt 0.965851 0.489851
vt 0.964828 0.538846
vt 0.966145 0.538835
vt 0.965166 0.587814
vt 0.966487 0.587807
vt 0.965467 0.636809
vt 0.966798 0.636806
vt 0.965755 0.685796
vt 0.967072 0.685786
vt 0.966019 0.734781
vt 0.967347 0.734775
vt 0.966274 0.783764
vt 0.967612 0.783753
vt 0.966562 0.832744
vt 0.967880 0.832740
vt 0.966810 0.881724
vt 0.968137 0.881718
vt 0.967027 0.930729
vt 0.968351 0.930720
vt 0.967223 0.979715
vt 0.968547 0.979704
vt 0.021372 0.072668
vt 0.005712 0.113445
vt 0.002421 0.112754
vt 0.018450 0.071029
vt 0.048410 0.038849
vt 0.045718 0.036777
vt 0.128934 0.003327
vt 0.128608 0.000000
vt 0.172701 0.005775
vt 0.173380 0.002475
vt 0.213697 0.021638
vt 0.215380 0.018736
vt 0.247771 0.049418
vt 0.250264 0.047174
vt 0.271554 0.086385
vt 0.274635 0.085032
vt 0.282789 0.128896
vt 0.286134 0.128564
vt 0.280321 0.172796
vt 0.283604 0.173519
vt 0.264404 0.213786
vt 0.267305 0.215485
vt 0.236601 0.247837
vt 0.238833 0.250343
vt 0.199646 0.271616
vt 0.201001 0.274682
vt 0.157160 0.282796
vt 0.157495 0.286140
vt 0.113297 0.280281
vt 0.112584 0.283579
vt 0.072365 0.264351
vt 0.070668 0.267271
vt 0.038338 0.236570
vt 0.035854 0.238810
vt 0.014564 0.199637
vt 0.011487 0.201007
vt 0.003344 0.157211
vt 0.000000 0.157568
vt 0.271563 0.615808
vt 0.227324 0.596871
vt 0.191102 0.565181
vt 0.166460 0.523870
vt 0.155784 0.476953
vt 0.160117 0.429039
vt 0.179060 0.384807
vt 0.210738 0.348594
vt 0.252052 0.323946
vt 0.298972 0.313265
vt 0.346901 0.317600
vt 0.391125 0.336546
vt 0.427333 0.368222
vt 0.451985 0.409541
vt 0.462658 0.456445
vt 0.458319 0.504374
vt 0.439378 0.548601
vt 0.407713 0.584819
vt 0.366383 0.609473
vt 0.319482 0.620152
vt 0.133296 0.893447
vt 0.087018 0.879243
vt 0.047419 0.851438
vt 0.018322 0.812754
vt 0.002634 0.766974
vt 0.001838 0.718583
vt 0.016043 0.672318
vt 0.043847 0.632703
vt 0.082526 0.603629
vt 0.128309 0.587910
vt 0.176707 0.587125
vt 0.222970 0.601328
vt 0.262575 0.629131
vt 0.291672 0.667823
vt 0.307368 0.713594
vt 0.308160 0.761983
vt 0.293959 0.808257
vt 0.266141 0.847869
vt 0.227465 0.876951
vt 0.181686 0.892644
vt 0.865736 0.077770
vt 0.865047 0.115937
vt 0.864362 0.154095
vt 0.863682 0.192259
vt 0.862981 0.230419
vt 0.862298 0.268577
vt 0.861609 0.306725
vt 0.860920 0.344886
vt 0.860265 0.383048
vt 0.859580 0.421202
vt 0.858902 0.459356
vt 0.858236 0.497534
vt 0.857551 0.535696
vt 0.856860 0.573859
vt 0.856178 0.612007
vt 0.855481 0.650186
vt 0.854789 0.688339
vt 0.854086 0.726495
vt 0.853392 0.764655
vt 0.549520 0.411078
vt 0.588218 0.395353
vt 0.517580 0.438004
vt 0.495519 0.473474
vt 0.485484 0.514028
vt 0.488485 0.555687
vt 0.504226 0.594388
vt 0.531143 0.626341
vt 0.566604 0.648402
vt 0.607157 0.658426
vt 0.648825 0.655420
vt 0.687528 0.639687
vt 0.719468 0.612774
vt 0.741541 0.577303
vt 0.751567 0.536748
vt 0.748559 0.495083
vt 0.732835 0.456388
vt 0.705905 0.424445
vt 0.670436 0.402373
vt 0.629890 0.392355
vt 0.857042 0.979536
vt 0.857841 0.930556
vt 0.858623 0.881590
vt 0.859417 0.832614
vt 0.860194 0.783639
vt 0.860963 0.734671
vt 0.861721 0.685699
vt 0.862514 0.636728
vt 0.863295 0.587733
vt 0.864095 0.538756
vt 0.864886 0.489795
vt 0.865666 0.440833
vt 0.866448 0.391847
vt 0.867240 0.342861
vt 0.868047 0.293894
vt 0.868857 0.244909
vt 0.869677 0.195934
vt 0.870500 0.146955
vt 0.871337 0.097977
vt 0.855549 0.979504
vt 0.856355 0.930528
vt 0.857146 0.881562
vt 0.857935 0.832592
vt 0.858708 0.783625
vt 0.859474 0.734649
vt 0.860252 0.685670
vt 0.861043 0.636694
vt 0.861817 0.587718
vt 0.862613 0.538745
vt 0.863404 0.489775
vt 0.864181 0.440804
vt 0.864958 0.391818
vt 0.865774 0.342845
vt 0.866553 0.293859
vt 0.867374 0.244884
vt 0.868199 0.195903
vt 0.869016 0.146936
vt 0.869854 0.097949
vt 0.870713 0.048967
vt 0.696946 1.000000
vt 0.655520 0.995871
vt 0.737619 0.991140
vt 0.773567 0.970133
vt 0.801273 0.939052
vt 0.817999 0.900932
vt 0.822136 0.859502
vt 0.813265 0.818825
vt 0.792266 0.782882
vt 0.761181 0.755184
vt 0.723060 0.738447
vt 0.681638 0.734309
vt 0.640957 0.743180
vt 0.605013 0.764194
vt 0.577315 0.795272
vt 0.560587 0.833386
vt 0.556455 0.874819
vt 0.565312 0.915489
vt 0.586323 0.951435
vt 0.617404 0.979135
vt 0.520122 0.648124
vt 0.482347 0.630630
vt 0.441016 0.625649
vt 0.400169 0.633699
vt 0.363813 0.653971
vt 0.335490 0.684471
vt 0.317975 0.722273
vt 0.313006 0.763588
vt 0.321064 0.804446
vt 0.341321 0.840808
vt 0.371844 0.869109
vt 0.409617 0.886641
vt 0.450949 0.891605
vt 0.491798 0.883555
vt 0.528160 0.863295
vt 0.556481 0.832774
vt 0.573990 0.795002
vt 0.578958 0.753658
vt 0.570904 0.712815
vt 0.550639 0.676451
vt 0.647269 0.222384
vt 0.643324 0.263840
vt 0.638184 0.181756
vt 0.616998 0.145908
vt 0.585781 0.118371
vt 0.547577 0.101825
vt 0.506141 0.097894
vt 0.465500 0.106958
vt 0.429660 0.128142
vt 0.402116 0.159363
vt 0.385579 0.197575
vt 0.381642 0.239026
vt 0.390705 0.279654
vt 0.411895 0.315484
vt 0.443111 0.343031
vt 0.481321 0.359573
vt 0.522763 0.363511
vt 0.563409 0.354433
vt 0.599236 0.333258
vt 0.626776 0.302044
vt 0.670694 0.220922
vt 0.666064 0.269678
vt 0.660032 0.173112
vt 0.635108 0.130944
vt 0.598373 0.098536
vt 0.553430 0.079085
vt 0.504673 0.074461
vt 0.456861 0.085131
vt 0.414698 0.110047
vt 0.382294 0.146784
vt 0.362823 0.191723
vt 0.358218 0.240487
vt 0.368864 0.288288
vt 0.393799 0.330464
vt 0.430523 0.362858
vt 0.475473 0.382326
vt 0.524236 0.386940
vt 0.572042 0.376275
vt 0.614197 0.351364
vt 0.646609 0.314626
vt 0.582991 0.372924
vt 0.537618 0.391362
vt 0.500172 0.422931
vt 0.474301 0.464512
vt 0.462553 0.512066
vt 0.466057 0.560920
vt 0.484503 0.606296
vt 0.516056 0.643753
vt 0.557651 0.669613
vt 0.605200 0.681368
vt 0.654054 0.677853
vt 0.699430 0.659409
vt 0.736882 0.627847
vt 0.762767 0.586261
vt 0.774502 0.538711
vt 0.770993 0.489850
vt 0.752554 0.444486
vt 0.720983 0.407031
vt 0.679387 0.381157
vt 0.631847 0.369403
vt 0.436242 0.064941
vt 0.464002 0.033600
vt 0.408159 0.096198
vt 0.379872 0.127311
vt 0.351564 0.158418
vt 0.323254 0.189505
vt 0.294952 0.220614
vt 0.266586 0.251603
vt 0.237754 0.280654
vt 0.201488 0.294324
vt 0.165289 0.374650
vt 0.145726 0.410612
vt 0.124132 0.446645
vt 0.102434 0.482673
vt 0.080774 0.518723
vt 0.059135 0.554794
vt 0.037572 0.590956
vt 0.016403 0.627736
vt 0.488503 0.000000
vt 0.358090 0.164371
vt 0.386392 0.133267
vt 0.388462 0.135126
vt 0.360157 0.166227
vt 0.329788 0.195484
vt 0.331858 0.197328
vt 0.301473 0.226563
vt 0.303521 0.228449
vt 0.273048 0.257603
vt 0.275086 0.259483
vt 0.242856 0.287652
vt 0.244487 0.289857
vt 0.202816 0.303252
vt 0.204493 0.305472
vt 0.174840 0.335345
vt 0.177310 0.336560
vt 0.173530 0.377579
vt 0.176103 0.378508
vt 0.153359 0.415091
vt 0.155743 0.416517
vt 0.137884 0.861070
vt 0.176048 0.860446
vt 0.101404 0.849873
vt 0.070158 0.827945
vt 0.047231 0.797434
vt 0.034836 0.761333
vt 0.034223 0.723171
vt 0.045415 0.686684
vt 0.067344 0.655459
vt 0.097850 0.632519
vt 0.133950 0.620127
vt 0.172106 0.619513
vt 0.208588 0.630700
vt 0.239842 0.652632
vt 0.262776 0.683141
vt 0.275159 0.719242
vt 0.275783 0.757391
vt 0.264578 0.793894
vt 0.242647 0.825121
vt 0.212149 0.848060
vt 0.131712 0.451189
vt 0.134091 0.452630
vt 0.110036 0.487224
vt 0.112417 0.488665
vt 0.088372 0.523256
vt 0.090747 0.524707
vt 0.066744 0.559317
vt 0.069101 0.560759
vt 0.045199 0.595406
vt 0.047568 0.596866
vt 0.024351 0.631710
vt 0.026773 0.633071
vt 0.495466 0.005090
vt 0.497942 0.006319
vt 0.470762 0.039375
vt 0.472974 0.041061
vt 0.442816 0.070885
vt 0.444918 0.072687
vt 0.414691 0.102163
vt 0.416770 0.104003
vt 0.784422 0.076317
vt 0.864709 0.001421
vt 0.785791 0.000000
vt 0.915567 0.000776
vt 0.913162 0.049712
vt 0.918584 0.049384
vt 0.918150 0.000404
vt 0.919173 0.000391
vt 0.019434 0.629169
vt 0.003221 0.668134
vt 0.134344 0.358188
vt 0.133010 0.355777
vt 0.960827 0.000018
vt 0.962151 0.000000
vt 0.962607 0.048977
vt 0.961277 0.048992
vt 0.049954 0.037540
vt 0.048210 0.034647
vt 0.085489 0.011315
vt 0.086780 0.014412
vt 0.864016 0.039572
vt 0.867103 0.001454
vt 0.866411 0.039616
vt 0.914010 0.000754
vt 0.872188 0.049012
vt 0.873049 0.000036
vt 0.871555 0.000000
vt 0.168092 0.338777
vt 0.134310 0.358674
vt 0.168265 0.338484
vt 0.000000 0.667383
vt 0.000463 0.667438
vt 0.010717 0.671252
vt 0.130614 0.350794
vt 0.165286 0.332670
vt 0.008322 0.669837
vn -0.455900 0.845627 0.277615
vn -0.312372 0.776659 0.547015
vn -0.312344 0.776674 0.547008
vn -0.455912 0.845629 0.277589
vn -0.138243 0.631660 0.762820
vn -0.138251 0.631671 0.762810
vn 0.049259 0.425036 0.903835
vn 0.049229 0.424996 0.903856
vn 0.232141 0.176535 0.956528
vn 0.232064 0.176518 0.956550
vn 0.392223 -0.089131 0.915542
vn 0.392182 -0.089187 0.915554
vn 0.513922 -0.346117 0.784912
vn 0.513879 -0.346160 0.784921
vn 0.585352 -0.569129 0.577455
vn 0.585284 -0.569200 0.577455
vn 0.599422 -0.736503 0.313459
vn 0.599385 -0.736529 0.313469
vn 0.554795 -0.831773 0.018881
vn 0.554788 -0.831778 0.018850
vn 0.456035 -0.845576 -0.277549
vn 0.456065 -0.845563 -0.277541
vn 0.312423 -0.776563 -0.547122
vn 0.312524 -0.776559 -0.547070
vn 0.138294 -0.631709 -0.762771
vn 0.138332 -0.631658 -0.762806
vn -0.049315 -0.424928 -0.903883
vn -0.049311 -0.424934 -0.903880
vn -0.232080 -0.176436 -0.956561
vn -0.232092 -0.176505 -0.956545
vn -0.392211 0.089236 -0.915537
vn -0.392236 0.089232 -0.915527
vn -0.513955 0.346141 -0.784880
vn -0.513936 0.346153 -0.784887
vn -0.585375 0.569140 -0.577421
vn -0.585357 0.569145 -0.577435
vn -0.599495 0.736465 -0.313409
vn -0.599496 0.736450 -0.313442
vn -0.554859 0.831731 -0.018861
vn -0.554864 0.831727 -0.018890
vn -0.798915 -0.526341 0.291032
vn -0.798915 -0.526341 0.291032
vn -0.798915 -0.526341 0.291032
vn -0.798915 -0.526341 0.291032
vn -0.798915 -0.526341 0.291032
vn -0.798915 -0.526341 0.291032
vn -0.798915 -0.526341 0.291032
vn -0.798915 -0.526341 0.291032
vn -0.798915 -0.526341 0.291032
vn -0.798915 -0.526341 0.291032
vn -0.798915 -0.526341 0.291032
vn -0.798915 -0.526341 0.291032
vn -0.798915 -0.526341 0.291032
vn -0.798915 -0.526341 0.291032
vn -0.798915 -0.526341 0.291032
vn -0.798915 -0.526341 0.291032
vn -0.798915 -0.526341 0.291032
vn -0.798915 -0.526341 0.291032
vn -0.798915 -0.526341 0.291032
vn -0.798915 -0.526341 0.291032
vn 0.798925 0.526336 -0.291014
vn 0.798925 0.526336 -0.291014
vn 0.798925 0.526336 -0.291014
vn 0.798925 0.526336 -0.291014
vn 0.798925 0.526336 -0.291014
vn 0.798925 0.526336 -0.291014
vn 0.798925 0.526336 -0.291014
vn 0.798925 0.526336 -0.291014
vn 0.798925 0.526336 -0.291014
vn 0.798925 0.526336 -0.291014
vn 0.798925 0.526336 -0.291014
vn 0.798925 0.526336 -0.291014
vn 0.798925 0.526336 -0.291014
vn 0.798925 0.526336 -0.291014
vn 0.798925 0.526336 -0.291014
vn 0.798925 0.526336 -0.291014
vn 0.798925 0.526336 -0.291014
vn 0.798925 0.526336 -0.291014
vn 0.798925 0.526336 -0.291014
vn 0.798925 0.526336 -0.291014
vn 0.799194 0.525986 -0.290908
vn 0.798552 0.526813 -0.291175
vn 0.798942 0.526219 -0.291179
vn 0.798920 0.526295 -0.291102
vn 0.798562 0.526985 -0.290835
vn 0.798942 0.526329 -0.290982
vn 0.798840 0.526362 -0.291201
vn 0.799017 0.526268 -0.290885
vn 0.798627 0.526354 -0.291799
vn 0.799036 0.526202 -0.290952
vn 0.798859 0.526596 -0.290726
vn 0.798940 0.526408 -0.290845
vn 0.798577 0.526440 -0.291780
vn 0.798944 0.526378 -0.290887
vn 0.798562 0.526102 -0.292431
vn 0.798918 0.526357 -0.290995
vn 0.798943 0.526040 -0.291501
vn 0.798869 0.526444 -0.290973
vn 0.799271 0.525404 -0.291749
vn 0.798925 0.526309 -0.291062
vn 0.799677 0.524882 -0.291576
vn 0.799024 0.526192 -0.291004
vn 0.799084 0.525954 -0.291269
vn 0.799053 0.526131 -0.291034
vn 0.798495 0.526734 -0.291475
vn 0.798999 0.526180 -0.291093
vn 0.798054 0.526901 -0.292378
vn 0.798969 0.526225 -0.291094
vn 0.797616 0.527365 -0.292737
vn 0.798941 0.526308 -0.291020
vn 0.798230 0.526941 -0.291826
vn 0.798884 0.526368 -0.291069
vn 0.798959 0.526329 -0.290934
vn 0.798917 0.526329 -0.291051
vn 0.798695 0.527020 -0.290407
vn 0.798976 0.526331 -0.290882
vn 0.798306 0.527943 -0.289799
vn 0.798940 0.526307 -0.291024
vn 0.798811 0.526972 -0.290175
vn 0.798907 0.526347 -0.291044
vn -0.799109 -0.525979 0.291154
vn -0.798938 -0.526262 0.291112
vn -0.798948 -0.526316 0.290988
vn -0.798984 -0.526154 0.291183
vn -0.798840 -0.526575 0.290817
vn -0.798924 -0.526390 0.290918
vn -0.799030 -0.526636 0.290181
vn -0.798897 -0.526369 0.291032
vn -0.799345 -0.526400 0.289741
vn -0.798984 -0.526281 0.290950
vn -0.799453 -0.526192 0.289821
vn -0.798977 -0.526243 0.291039
vn -0.799664 -0.525768 0.290008
vn -0.798961 -0.526277 0.291022
vn -0.799534 -0.525517 0.290822
vn -0.798962 -0.526279 0.291015
vn -0.799082 -0.525974 0.291238
vn -0.798966 -0.526279 0.291005
vn -0.799067 -0.526134 0.290990
vn -0.798964 -0.526372 0.290841
vn -0.798827 -0.526406 0.291158
vn -0.798754 -0.526573 0.291054
vn -0.798707 -0.527076 0.290273
vn -0.798802 -0.526553 0.290959
vn -0.798805 -0.527262 0.289665
vn -0.798935 -0.526411 0.290851
vn -0.798831 -0.526853 0.290335
vn -0.798876 -0.526364 0.291098
vn -0.798870 -0.526350 0.291140
vn -0.798893 -0.526320 0.291130
vn -0.798685 -0.526276 0.291780
vn -0.798848 -0.526324 0.291247
vn -0.799038 -0.526217 0.290919
vn -0.798853 -0.526326 0.291231
vn -0.799329 -0.526059 0.290407
vn -0.798911 -0.526331 0.291062
vn -0.799148 -0.526184 0.290677
vn -0.799014 -0.526211 0.290995
vn -0.799153 -0.526112 0.290794
vn -0.799083 -0.526071 0.291060
vn -0.456685 0.845101 0.277926
vn -0.554269 0.832128 -0.018687
vn -0.554828 0.831750 -0.018892
vn -0.455961 0.845610 0.277567
vn -0.597609 0.737346 -0.314935
vn -0.599403 0.736464 -0.313588
vn -0.582649 0.571768 -0.577582
vn -0.585376 0.569082 -0.577478
vn -0.511281 0.349930 -0.784946
vn -0.514019 0.346161 -0.784829
vn -0.390096 0.091029 -0.916263
vn -0.392130 0.089066 -0.915588
vn -0.229699 -0.175108 -0.957380
vn -0.232100 -0.176510 -0.956543
vn -0.046961 -0.424667 -0.904131
vn -0.049371 -0.424784 -0.903948
vn 0.140681 -0.631288 -0.762683
vn 0.138469 -0.631706 -0.762741
vn 0.316540 -0.773502 -0.549088
vn 0.312498 -0.776578 -0.547058
vn 0.459937 -0.842571 -0.280238
vn 0.456029 -0.845524 -0.277716
vn 0.554678 -0.831847 0.019049
vn 0.554857 -0.831732 0.018854
vn 0.596605 -0.737928 0.315475
vn 0.599386 -0.736532 0.313459
vn 0.583381 -0.569942 0.578647
vn 0.585341 -0.569191 0.577406
vn 0.512926 -0.345442 0.785860
vn 0.513937 -0.346128 0.784898
vn 0.392228 -0.088699 0.915582
vn 0.392237 -0.089165 0.915533
vn 0.234114 0.176182 0.956112
vn 0.232173 0.176583 0.956511
vn 0.050614 0.425288 0.903642
vn 0.049363 0.424986 0.903853
vn -0.138888 0.632537 0.761976
vn -0.138180 0.631622 0.762863
vn -0.313138 0.776930 0.546191
vn -0.312338 0.776646 0.547053
vn -0.458561 0.843723 0.279021
vn -0.320301 0.771441 0.549806
vn -0.312642 0.776561 0.546999
vn -0.455918 0.845611 0.277636
vn -0.148472 0.625721 0.765787
vn -0.138632 0.631467 0.762910
vn 0.041405 0.419765 0.906688
vn 0.049134 0.424682 0.904008
vn 0.229918 0.174718 0.957398
vn 0.232034 0.176396 0.956580
vn 0.390043 -0.091008 0.916288
vn 0.392016 -0.089299 0.915614
vn 0.505239 -0.352321 0.787784
vn 0.513537 -0.346188 0.785133
vn 0.575514 -0.574234 0.582271
vn 0.585031 -0.569364 0.577549
vn 0.595102 -0.739076 0.315628
vn 0.599199 -0.736652 0.313536
vn 0.551961 -0.833685 0.017546
vn 0.554666 -0.831856 0.019004
vn 0.451934 -0.848452 -0.275474
vn 0.455830 -0.845674 -0.277586
vn 0.313449 -0.776673 -0.546378
vn 0.312313 -0.776613 -0.547113
vn 0.142858 -0.626593 -0.766142
vn 0.138366 -0.631544 -0.762894
vn -0.046273 -0.425632 -0.903712
vn -0.049163 -0.424940 -0.903885
vn -0.233562 -0.180491 -0.955443
vn -0.232079 -0.176509 -0.956548
vn -0.395681 0.086302 -0.914324
vn -0.392133 0.089236 -0.915570
vn -0.517716 0.340444 -0.784900
vn -0.513861 0.346063 -0.784976
vn -0.588823 0.564949 -0.578031
vn -0.585370 0.569087 -0.577479
vn -0.600784 0.735626 -0.312910
vn -0.599436 0.736512 -0.313411
vn -0.554860 0.831732 -0.018763
vn -0.554721 0.831824 -0.018801
vn -0.795612 -0.532772 0.288367
vn -0.797526 -0.528637 0.290679
vn -0.798843 -0.526408 0.291109
vn -0.798818 -0.526422 0.291151
vn -0.796136 -0.529225 0.293409
vn -0.798787 -0.526516 0.291069
vn -0.793792 -0.530236 0.297900
vn -0.798623 -0.526566 0.291426
vn -0.794928 -0.528517 0.297925
vn -0.798758 -0.526428 0.291305
vn -0.797424 -0.526910 0.294076
vn -0.798947 -0.526314 0.290994
vn -0.798856 -0.526547 0.290824
vn -0.798952 -0.526301 0.291005
vn -0.798944 -0.527365 0.289092
vn -0.798966 -0.526353 0.290872
vn -0.798538 -0.527668 0.289662
vn -0.798929 -0.526410 0.290870
vn -0.798780 -0.526602 0.290932
vn -0.798911 -0.526412 0.290917
vn -0.799431 -0.525379 0.291354
vn -0.798967 -0.526244 0.291066
vn -0.802077 -0.522418 0.289400
vn -0.799042 -0.526145 0.291038
vn -0.802492 -0.521766 0.289426
vn -0.798992 -0.526235 0.291012
vn -0.797712 -0.526262 0.294454
vn -0.798665 -0.526554 0.291336
vn -0.794483 -0.528186 0.299694
vn -0.798548 -0.526582 0.291604
vn -0.797108 -0.527440 0.293982
vn -0.798980 -0.526352 0.290834
vn -0.800095 -0.526718 0.287082
vn -0.799154 -0.526411 0.290249
vn -0.799777 -0.525483 0.290214
vn -0.798912 -0.526444 0.290855
vn -0.798205 -0.528054 0.289875
vn -0.798902 -0.526301 0.291141
vn -0.795636 -0.533467 0.287015
vn -0.798919 -0.526304 0.291090
vn 0.798874 0.526433 -0.290980
vn 0.798811 0.526487 -0.291054
vn 0.798811 0.526487 -0.291054
vn 0.798874 0.526433 -0.290980
vn 0.798904 0.526380 -0.290993
vn 0.798904 0.526380 -0.290993
vn 0.798942 0.526455 -0.290753
vn 0.798942 0.526455 -0.290753
vn 0.798865 0.526412 -0.291042
vn 0.798865 0.526412 -0.291042
vn 0.798876 0.526279 -0.291250
vn 0.798877 0.526279 -0.291250
vn 0.798812 0.526385 -0.291235
vn 0.798812 0.526385 -0.291235
vn 0.798716 0.526540 -0.291220
vn 0.798716 0.526540 -0.291220
vn 0.798797 0.526446 -0.291167
vn 0.798797 0.526446 -0.291167
vn 0.798925 0.526269 -0.291136
vn 0.798925 0.526269 -0.291136
vn 0.798960 0.526268 -0.291040
vn 0.798960 0.526268 -0.291040
vn 0.798877 0.526438 -0.290963
vn 0.798877 0.526438 -0.290963
vn 0.798813 0.526427 -0.291159
vn 0.798813 0.526427 -0.291159
vn 0.798841 0.526262 -0.291380
vn 0.798841 0.526262 -0.291380
vn 0.798899 0.526237 -0.291266
vn 0.798899 0.526237 -0.291266
vn 0.798928 0.526315 -0.291045
vn 0.798928 0.526315 -0.291045
vn 0.798835 0.526473 -0.291015
vn 0.798835 0.526473 -0.291015
vn 0.798688 0.526603 -0.291181
vn 0.798688 0.526603 -0.291181
vn 0.798739 0.526483 -0.291258
vn 0.798739 0.526483 -0.291258
vn 0.798893 0.526296 -0.291174
vn 0.798893 0.526296 -0.291174
vn 0.456095 -0.845366 -0.278089
vn 0.553973 -0.832311 0.019311
vn 0.554717 -0.831824 0.018892
vn 0.455820 -0.845596 -0.277841
vn 0.597941 -0.737681 0.313517
vn 0.599292 -0.736657 0.313346
vn 0.587218 -0.569302 0.575387
vn 0.585663 -0.568960 0.577307
vn 0.517148 -0.344650 0.783437
vn 0.514456 -0.345307 0.784919
vn 0.392398 -0.088662 0.915513
vn 0.392052 -0.088801 0.915647
vn 0.231884 0.175132 0.956848
vn 0.231731 0.176185 0.956692
vn 0.048943 0.423711 0.904474
vn 0.049082 0.424342 0.904171
vn -0.139565 0.630363 0.763652
vn -0.139084 0.631319 0.762950
vn -0.313552 0.775668 0.547744
vn -0.312739 0.776337 0.547261
vn -0.456220 0.845266 0.278188
vn -0.455892 0.845578 0.277778
vn -0.555909 0.831030 -0.018799
vn -0.554907 0.831701 -0.018757
vn -0.600417 0.735784 -0.313243
vn -0.599168 0.736697 -0.313490
vn -0.585528 0.569490 -0.576922
vn -0.584960 0.569435 -0.577551
vn -0.514685 0.345853 -0.784529
vn -0.513781 0.346332 -0.784910
vn -0.393770 0.089695 -0.914822
vn -0.391952 0.089551 -0.915617
vn -0.231362 -0.175625 -0.956884
vn -0.231225 -0.176015 -0.956846
vn -0.047105 -0.424634 -0.904139
vn -0.048020 -0.424277 -0.904258
vn 0.138765 -0.632494 -0.762034
vn 0.139355 -0.631084 -0.763094
vn 0.311822 -0.776702 -0.547268
vn 0.313009 -0.776406 -0.547010
vn 0.456403 -0.845000 -0.278694
vn 0.312542 -0.776503 -0.547139
vn 0.311829 -0.777035 -0.546790
vn 0.456004 -0.845572 -0.277613
vn 0.136583 -0.632518 -0.762408
vn 0.137716 -0.632129 -0.762527
vn -0.051616 -0.426329 -0.903094
vn -0.049722 -0.424996 -0.903829
vn -0.233637 -0.177259 -0.956030
vn -0.232771 -0.176981 -0.956293
vn -0.393395 0.087781 -0.915169
vn -0.393632 0.087912 -0.915055
vn -0.515183 0.345323 -0.784436
vn -0.515152 0.345095 -0.784556
vn -0.585394 0.569497 -0.577050
vn -0.585360 0.568999 -0.577576
vn -0.598614 0.737071 -0.313670
vn -0.598972 0.736707 -0.313839
vn -0.554822 0.831750 -0.019081
vn -0.554971 0.831658 -0.018762
vn -0.456165 0.845648 0.277117
vn -0.455737 0.845498 0.278275
vn -0.309689 0.778059 0.546551
vn -0.311712 0.777268 0.546525
vn -0.134810 0.633299 0.762075
vn -0.138076 0.631934 0.762623
vn 0.050840 0.426000 0.903294
vn 0.048742 0.424538 0.904097
vn 0.233449 0.176448 0.956226
vn 0.230847 0.175874 0.956963
vn 0.393285 -0.089423 0.915058
vn 0.391005 -0.090224 0.915955
vn 0.513385 -0.346373 0.785151
vn 0.513235 -0.346294 0.785284
vn 0.583905 -0.570168 0.577896
vn 0.584866 -0.569518 0.577565
vn 0.598687 -0.736857 0.314032
vn 0.599112 -0.736743 0.313488
vn 0.555049 -0.831615 0.018391
vn 0.555058 -0.831602 0.018693
vn -0.585374 0.569138 -0.577425
vn -0.599481 0.736500 -0.313354
vn -0.601943 0.735414 -0.311176
vn -0.588030 0.567008 -0.576820
vn -0.513893 0.346175 -0.784905
vn -0.517265 0.343708 -0.783774
vn -0.392118 0.089310 -0.915569
vn -0.394274 0.089131 -0.914660
vn -0.231926 -0.176553 -0.956577
vn -0.232369 -0.174743 -0.956802
vn -0.049270 -0.425013 -0.903846
vn -0.051662 -0.426304 -0.903103
vn 0.138221 -0.631729 -0.762767
vn 0.136542 -0.633131 -0.761906
vn 0.312311 -0.776563 -0.547185
vn 0.314378 -0.775828 -0.547044
vn 0.456027 -0.845528 -0.277708
vn 0.459736 -0.843184 -0.278717
vn 0.554865 -0.831726 0.018887
vn 0.559312 -0.828820 0.015064
vn 0.599370 -0.736591 0.313350
vn 0.601724 -0.735473 0.311461
vn 0.585340 -0.569192 0.577405
vn 0.588035 -0.568754 0.575094
vn 0.513866 -0.346039 0.784983
vn 0.517033 -0.344165 0.783727
vn 0.392123 -0.089138 0.915584
vn 0.394325 -0.086094 0.914929
vn 0.232188 0.176531 0.956517
vn 0.235378 0.179492 0.955186
vn 0.049384 0.424866 0.903908
vn 0.051482 0.426620 0.902964
vn -0.138276 0.631614 0.762853
vn -0.136163 0.633262 0.761865
vn -0.312447 0.776724 0.546880
vn -0.311094 0.777108 0.547104
vn -0.455947 0.845624 0.277546
vn -0.457646 0.844302 0.278773
vn -0.554799 0.831773 -0.018748
vn -0.557415 0.830053 -0.017340
vn 0.312737 -0.776357 -0.547234
vn 0.139469 -0.630994 -0.763148
vn 0.140835 -0.628971 -0.764566
vn 0.314602 -0.774863 -0.548282
vn 0.456070 -0.845527 -0.277640
vn 0.456830 -0.845127 -0.277609
vn 0.555502 -0.831309 0.018507
vn 0.556184 -0.830864 0.017988
vn 0.600037 -0.736113 0.313201
vn 0.601146 -0.735427 0.312682
vn 0.585399 -0.569171 0.577367
vn 0.585549 -0.569132 0.577253
vn 0.513639 -0.346506 0.784926
vn 0.514300 -0.346699 0.784408
vn 0.391992 -0.089512 0.915604
vn 0.395204 -0.087884 0.914380
vn 0.232225 0.176413 0.956530
vn 0.235300 0.179071 0.955284
vn 0.049586 0.424809 0.903924
vn 0.052130 0.426639 0.902918
vn -0.138361 0.631761 0.762715
vn -0.137170 0.633200 0.761736
vn -0.312538 0.776752 0.546787
vn -0.312596 0.776685 0.546850
vn -0.455887 0.845629 0.277630
vn -0.455581 0.845759 0.277736
vn -0.554801 0.831769 -0.018902
vn -0.554317 0.832092 -0.018892
vn -0.599083 0.736560 -0.313972
vn -0.599016 0.736410 -0.314453
vn -0.584827 0.569380 -0.577740
vn -0.583920 0.569831 -0.578212
vn -0.513859 0.346479 -0.784794
vn -0.511565 0.348012 -0.785614
vn -0.391991 0.089282 -0.915627
vn -0.389175 0.091144 -0.916644
vn -0.231713 -0.176478 -0.956642
vn -0.230781 -0.175781 -0.956996
vn -0.048622 -0.424415 -0.904162
vn -0.048655 -0.424036 -0.904337
vn 0.798931 0.526275 -0.291108
vn 0.798867 0.526468 -0.290934
vn 0.798892 0.526436 -0.290924
vn 0.798967 0.526377 -0.290824
vn 0.798916 0.526332 -0.291046
vn 0.798871 0.526301 -0.291227
vn 0.798981 0.526204 -0.291099
vn 0.798988 0.526211 -0.291068
vn 0.798901 0.526306 -0.291135
vn 0.798911 0.526331 -0.291060
vn 0.798951 0.526335 -0.290946
vn 0.798931 0.526282 -0.291096
vn 0.798883 0.526267 -0.291254
vn 0.798964 0.526228 -0.291102
vn 0.798966 0.526362 -0.290855
vn 0.798910 0.526381 -0.290972
vn 0.798976 0.526203 -0.291114
vn 0.799010 0.526261 -0.290917
vn 0.799094 0.526163 -0.290865
vn 0.799071 0.526042 -0.291144
vn 0.799177 0.525941 -0.291037
vn 0.798504 0.527757 -0.289594
vn 0.798147 0.528385 -0.289430
vn 0.798730 0.527135 -0.290101
vn 0.798936 0.526359 -0.290941
vn 0.798382 0.526121 -0.292887
vn 0.798510 0.526028 -0.292704
vn 0.798598 0.526501 -0.291614
vn 0.797852 0.527597 -0.291674
vn 0.797849 0.527755 -0.291395
vn 0.798776 0.526665 -0.290828
vn 0.799175 0.525546 -0.291754
vn 0.799029 0.524674 -0.293716
vn 0.799109 0.525087 -0.292761
vn 0.798922 0.526276 -0.291131
vn 0.798641 0.526292 -0.291872
vn 0.798279 0.526298 -0.292850
vn 0.798853 0.526262 -0.291345
vn 0.800035 0.525280 -0.289872
vn 0.799831 0.525036 -0.290872
vn -0.554967 0.831643 -0.019538
vn -0.599452 0.736667 -0.313016
vn -0.584924 0.570064 -0.576967
vn -0.513181 0.346179 -0.785369
vn -0.392597 0.088282 -0.915464
vn -0.233552 -0.177174 -0.956066
vn -0.048720 -0.425743 -0.903532
vn 0.140778 -0.631137 -0.762789
vn 0.314163 -0.775273 -0.547954
vn 0.456933 -0.845088 -0.277557
vn 0.554667 -0.831873 0.018212
vn 0.598101 -0.738043 0.312359
vn 0.582904 -0.570932 0.578152
vn 0.512404 -0.347350 0.785360
vn 0.390164 -0.089766 0.916359
vn 0.230253 0.174906 0.957283
vn 0.047740 0.424308 0.904259
vn -0.138163 0.631688 0.762811
vn -0.311440 0.777196 0.546783
vn -0.455547 0.845521 0.278517
vn -0.798770 -0.526514 0.291117
vn -0.798803 -0.526476 0.291098
vn -0.798821 -0.526388 0.291207
vn -0.798787 -0.526310 0.291439
vn -0.798841 -0.526338 0.291242
vn -0.798984 -0.526334 0.290855
vn -0.798959 -0.526167 0.291227
vn -0.798940 -0.526134 0.291340
vn -0.798884 -0.526301 0.291191
vn -0.798961 -0.526219 0.291127
vn -0.799093 -0.526169 0.290856
vn -0.798907 -0.526379 0.290986
vn -0.798768 -0.526467 0.291208
vn -0.798789 -0.526385 0.291301
vn -0.798869 -0.526273 0.291283
vn -0.798898 -0.526255 0.291235
vn -0.798889 -0.526269 0.291233
vn -0.798922 -0.526352 0.290994
vn -0.798866 -0.526485 0.290907
vn -0.798770 -0.526526 0.291097
vn -0.795583 -0.531253 0.291236
vn -0.796790 -0.529237 0.291605
vn -0.798634 -0.526485 0.291544
vn -0.798430 -0.525946 0.293071
vn -0.798468 -0.526397 0.292158
vn -0.799904 -0.526528 0.287963
vn -0.799746 -0.524983 0.291204
vn -0.798746 -0.524773 0.294309
vn -0.799572 -0.524593 0.292381
vn -0.801275 -0.522159 0.292078
vn -0.800661 -0.523542 0.291284
vn -0.798495 -0.526877 0.291217
vn -0.797762 -0.527050 0.292905
vn -0.798248 -0.526591 0.292407
vn -0.798598 -0.526495 0.291624
vn -0.798647 -0.526200 0.292021
vn -0.799048 -0.525709 0.291808
vn -0.798741 -0.526282 0.291617
vn -0.797984 -0.528167 0.290276
vn -0.796736 -0.530124 0.290138
vn -0.554790 0.831776 -0.018888
vn -0.455926 0.845630 0.277563
vn -0.312389 0.776630 0.547046
vn -0.138227 0.631619 0.762857
vn 0.049303 0.424896 0.903899
vn 0.232068 0.176448 0.956562
vn 0.392173 -0.089101 0.915566
vn 0.513989 -0.346075 0.784887
vn 0.585476 -0.569160 0.577299
vn 0.599492 -0.736511 0.313307
vn 0.554777 -0.831785 0.018889
vn 0.455811 -0.845679 -0.277602
vn 0.312280 -0.776736 -0.546958
vn 0.138266 -0.631732 -0.762757
vn -0.049393 -0.424867 -0.903907
vn -0.232197 -0.176602 -0.956502
vn -0.392297 0.089022 -0.915521
vn -0.514111 0.346070 -0.784809
vn -0.585467 0.569037 -0.577430
vn -0.599452 0.736386 -0.313678
vn -0.553028 0.832968 -0.018031
vn -0.456011 0.845729 0.277122
vn -0.313627 0.775837 0.547462
vn -0.139244 0.631523 0.762751
vn 0.047741 0.424246 0.904288
vn 0.229176 0.175349 0.957461
vn 0.391549 -0.088980 0.915845
vn 0.515540 -0.346753 0.783569
vn 0.586896 -0.567903 0.577096
vn 0.599623 -0.736668 0.312686
vn 0.552456 -0.833292 0.020406
vn 0.453875 -0.846912 -0.277016
vn 0.310351 -0.777837 -0.546491
vn 0.136013 -0.633044 -0.762073
vn -0.049516 -0.424527 -0.904060
vn -0.232382 -0.177694 -0.956255
vn -0.393882 0.088141 -0.914925
vn -0.513376 0.346389 -0.785150
vn -0.584730 0.568688 -0.578520
vn -0.598645 0.737477 -0.312653
vn -0.799126 -0.525889 0.291272
vn -0.799019 -0.526030 0.291310
vn -0.796788 -0.531020 0.288354
vn -0.796862 -0.533391 0.283735
vn -0.798974 -0.526163 0.291193
vn -0.800307 -0.525755 0.288254
vn -0.798844 -0.526441 0.291046
vn -0.798597 -0.521758 0.300021
vn -0.799034 -0.526365 0.290663
vn -0.795789 -0.524943 0.301919
vn -0.799114 -0.526252 0.290648
vn -0.798999 -0.524974 0.293262
vn -0.798925 -0.526371 0.290951
vn -0.803908 -0.520495 0.287779
vn -0.798794 -0.526496 0.291086
vn -0.802546 -0.521417 0.289904
vn -0.798808 -0.526451 0.291127
vn -0.803733 -0.519030 0.290897
vn -0.798913 -0.526268 0.291169
vn -0.804963 -0.516568 0.291878
vn -0.798957 -0.526270 0.291047
vn -0.800550 -0.523779 0.291163
vn -0.798920 -0.526402 0.290909
vn -0.798876 -0.526727 0.290440
vn -0.798953 -0.526302 0.290997
vn -0.798662 -0.525302 0.293594
vn -0.798990 -0.526313 0.290878
vn -0.800418 -0.528515 0.282849
vn -0.799088 -0.526367 0.290512
vn -0.806885 -0.531417 0.257940
vn -0.799235 -0.526263 0.290294
vn -0.810022 -0.525475 0.260270
vn -0.799150 -0.526180 0.290679
vn -0.805951 -0.520336 0.282300
vn -0.799046 -0.526201 0.290926
vn -0.803423 -0.520217 0.289629
vn -0.799065 -0.526218 0.290841
vn -0.804394 -0.519909 0.287482
vn -0.798993 -0.526191 0.291090
vn -0.802270 -0.522948 0.287902
vn -0.232709 -0.176476 -0.956401
vn -0.049914 -0.424976 -0.903828
vn -0.052660 -0.426795 -0.902814
vn -0.235029 -0.178118 -0.955529
vn -0.391845 0.089444 -0.915673
vn -0.392701 0.087878 -0.915458
vn -0.513272 0.345731 -0.785508
vn -0.513977 0.345966 -0.784943
vn -0.585300 0.569014 -0.577621
vn -0.586479 0.567866 -0.577556
vn -0.599274 0.736484 -0.313787
vn -0.600720 0.735568 -0.313170
vn -0.554758 0.831794 -0.019028
vn -0.555306 0.831433 -0.018809
vn -0.455904 0.845564 0.277800
vn -0.456446 0.845253 0.277857
vn -0.311730 0.777264 0.546521
vn -0.309799 0.777893 0.546724
vn -0.137502 0.632354 0.762379
vn -0.134555 0.633093 0.762291
vn 0.049987 0.425066 0.903781
vn 0.051406 0.426122 0.903204
vn 0.232906 0.176924 0.956270
vn 0.234587 0.178490 0.955568
vn 0.392195 -0.088498 0.915615
vn 0.392934 -0.087953 0.915351
vn 0.513355 -0.346223 0.785237
vn 0.513484 -0.346187 0.785168
vn 0.584803 -0.569175 0.577967
vn 0.584890 -0.570754 0.576319
vn 0.598931 -0.736687 0.313963
vn 0.596698 -0.738734 0.313406
vn 0.554412 -0.832022 0.019160
vn 0.552900 -0.833018 0.019567
vn 0.455908 -0.845544 -0.277854
vn 0.456749 -0.845292 -0.277238
vn 0.312864 -0.775991 -0.547680
vn 0.312621 -0.776345 -0.547318
vn 0.138786 -0.631131 -0.763159
vn 0.136766 -0.632409 -0.762466
vn 0.536774 0.746149 0.393873
vn 0.324789 0.712754 0.621686
vn 0.324798 0.712747 0.621690
vn 0.536800 0.746091 0.393946
vn 0.081114 0.609671 0.788494
vn 0.081074 0.609692 0.788481
vn -0.170628 0.446943 0.878139
vn -0.170661 0.446969 0.878119
vn -0.405718 0.240477 0.881796
vn -0.405727 0.240484 0.881790
vn -0.601029 0.010367 0.799160
vn -0.601027 0.010413 0.799161
vn -0.737436 -0.220684 0.638346
vn -0.737473 -0.220652 0.638315
vn -0.801729 -0.430077 0.415048
vn -0.801734 -0.430086 0.415029
vn -0.787521 -0.597485 0.151069
vn -0.787507 -0.597492 0.151114
vn -0.696205 -0.706395 -0.127691
vn -0.696190 -0.706416 -0.127655
vn -0.536841 -0.746109 -0.393856
vn -0.536799 -0.746146 -0.393844
vn -0.324947 -0.712842 -0.621503
vn -0.324945 -0.712888 -0.621451
vn -0.080939 -0.609670 -0.788512
vn -0.080961 -0.609668 -0.788511
vn 0.170752 -0.446881 -0.878147
vn 0.170736 -0.446810 -0.878186
vn 0.405595 -0.240572 -0.881827
vn 0.405596 -0.240570 -0.881826
vn 0.600949 -0.010477 -0.799219
vn 0.600992 -0.010481 -0.799186
vn 0.737469 0.220760 -0.638282
vn 0.737453 0.220724 -0.638314
vn 0.801687 0.430195 -0.415007
vn 0.801694 0.430206 -0.414982
vn 0.787407 0.597623 -0.151119
vn 0.787448 0.597561 -0.151151
vn 0.696175 0.706464 0.127471
vn 0.696232 0.706400 0.127514
vn -0.592234 0.665706 -0.453977
vn -0.592234 0.665706 -0.453977
vn -0.592234 0.665706 -0.453977
vn -0.592234 0.665706 -0.453977
vn -0.592234 0.665706 -0.453977
vn -0.592234 0.665706 -0.453977
vn -0.592234 0.665706 -0.453977
vn -0.592234 0.665706 -0.453977
vn -0.592234 0.665706 -0.453977
vn -0.592234 0.665706 -0.453977
vn -0.592234 0.665706 -0.453977
vn -0.592234 0.665706 -0.453977
vn -0.592234 0.665706 -0.453977
vn -0.592234 0.665706 -0.453977
vn -0.592234 0.665706 -0.453977
vn -0.592234 0.665706 -0.453977
vn -0.592234 0.665706 -0.453977
vn -0.592234 0.665706 -0.453977
vn -0.592234 0.665706 -0.453977
vn -0.592234 0.665706 -0.453977
vn 0.592239 -0.665727 0.453940
vn 0.592239 -0.665727 0.453940
vn 0.592239 -0.665726 0.453940
vn 0.592239 -0.665727 0.453940
vn 0.592239 -0.665727 0.453940
vn 0.592239 -0.665727 0.453940
vn 0.592239 -0.665727 0.453940
vn 0.592239 -0.665727 0.453940
vn 0.592239 -0.665727 0.453940
vn 0.592239 -0.665727 0.453940
vn 0.592239 -0.665727 0.453940
vn 0.592239 -0.665727 0.453940
vn 0.592239 -0.665727 0.453940
vn 0.592239 -0.665727 0.453940
vn 0.592239 -0.665727 0.453940
vn 0.592239 -0.665727 0.453940
vn 0.592239 -0.665727 0.453940
vn 0.592239 -0.665727 0.453940
vn 0.592239 -0.665727 0.453939
vn 0.592239 -0.665726 0.453940
vn 0.592780 -0.664975 0.454335
vn 0.591897 -0.665994 0.453994
vn 0.592164 -0.665754 0.453996
vn 0.592215 -0.665744 0.453947
vn 0.591286 -0.666648 0.453830
vn 0.592202 -0.665751 0.453952
vn 0.591867 -0.666488 0.453308
vn 0.592275 -0.665749 0.453860
vn 0.592937 -0.665788 0.452937
vn 0.592271 -0.665693 0.453947
vn 0.592655 -0.665489 0.453745
vn 0.592212 -0.665670 0.454058
vn 0.592075 -0.665503 0.454480
vn 0.592171 -0.665709 0.454054
vn 0.591982 -0.665538 0.454551
vn 0.592237 -0.665684 0.454004
vn 0.591943 -0.665603 0.454506
vn 0.592245 -0.665607 0.454107
vn 0.592033 -0.666135 0.453609
vn 0.592256 -0.665645 0.454037
vn 0.591624 -0.666652 0.453383
vn 0.592220 -0.665741 0.453944
vn 0.591026 -0.666950 0.453724
vn 0.592148 -0.665783 0.453975
vn 0.590908 -0.666577 0.454426
vn 0.592116 -0.665812 0.453974
vn 0.591165 -0.666207 0.454634
vn 0.592121 -0.665875 0.453876
vn 0.592345 -0.665691 0.453853
vn 0.592218 -0.665747 0.453937
vn 0.593169 -0.665478 0.453090
vn 0.592189 -0.665699 0.454045
vn 0.592632 -0.665425 0.453869
vn 0.592243 -0.665725 0.453936
vn 0.592311 -0.665174 0.454655
vn 0.592215 -0.665767 0.453911
vn 0.592586 -0.664784 0.454867
vn 0.592230 -0.665749 0.453918
vn 0.593015 -0.664188 0.455179
vn 0.592314 -0.665650 0.453954
vn -0.592376 0.665588 -0.453963
vn -0.591971 0.666226 -0.453556
vn -0.592266 0.665698 -0.453946
vn -0.592378 0.665568 -0.453990
vn -0.592346 0.666301 -0.452956
vn -0.592230 0.665726 -0.453952
vn -0.592571 0.665759 -0.453458
vn -0.592290 0.665640 -0.454000
vn -0.592326 0.665685 -0.453887
vn -0.592140 0.665657 -0.454171
vn -0.592863 0.665809 -0.453002
vn -0.592217 0.665701 -0.454006
vn -0.592989 0.665601 -0.453143
vn -0.592347 0.665707 -0.453828
vn -0.592697 0.665444 -0.453756
vn -0.592284 0.665699 -0.453920
vn -0.592664 0.665571 -0.453613
vn -0.592241 0.665737 -0.453921
vn -0.592326 0.665600 -0.454011
vn -0.592254 0.665659 -0.454018
vn -0.591989 0.665859 -0.454071
vn -0.592253 0.665624 -0.454071
vn -0.592068 0.666115 -0.453593
vn -0.592307 0.665676 -0.453926
vn -0.592101 0.666050 -0.453646
vn -0.592288 0.665677 -0.453948
vn -0.592226 0.665954 -0.453623
vn -0.592250 0.665698 -0.453967
vn -0.592286 0.665734 -0.453866
vn -0.592246 0.665704 -0.453964
vn -0.592249 0.665645 -0.454046
vn -0.592314 0.665714 -0.453860
vn -0.592167 0.665674 -0.454110
vn -0.592309 0.665732 -0.453841
vn -0.591787 0.665925 -0.454238
vn -0.592121 0.665831 -0.453941
vn -0.591623 0.666312 -0.453884
vn -0.592046 0.665890 -0.453953
vn -0.592109 0.665900 -0.453855
vn -0.592175 0.665704 -0.454056
vn 0.535771 0.747580 0.392522
vn 0.697112 0.705206 0.129304
vn 0.696232 0.706356 0.127761
vn 0.536736 0.746167 0.393890
vn 0.789678 0.594963 -0.149759
vn 0.787603 0.597413 -0.150929
vn 0.801220 0.429368 -0.416761
vn 0.801742 0.430051 -0.415048
vn 0.737150 0.221253 -0.638480
vn 0.737374 0.220733 -0.638401
vn 0.602429 -0.012577 -0.798073
vn 0.601011 -0.010394 -0.799173
vn 0.406129 -0.242784 -0.880974
vn 0.405703 -0.240549 -0.881783
vn 0.170583 -0.446934 -0.878152
vn 0.170658 -0.447005 -0.878102
vn -0.083098 -0.608769 -0.788983
vn -0.081078 -0.609701 -0.788474
vn -0.323271 -0.714193 -0.620825
vn -0.324718 -0.712840 -0.621624
vn -0.533619 -0.750068 -0.390702
vn -0.536629 -0.746227 -0.393922
vn -0.694268 -0.708571 -0.126174
vn -0.696208 -0.706416 -0.127558
vn -0.786083 -0.598696 0.153742
vn -0.787465 -0.597572 0.151020
vn -0.800920 -0.430152 0.416529
vn -0.801738 -0.430126 0.414979
vn -0.736781 -0.220914 0.639024
vn -0.737472 -0.220609 0.638331
vn -0.598403 0.010269 0.801129
vn -0.600943 0.010425 0.799224
vn -0.403130 0.238580 0.883496
vn -0.405625 0.240375 0.881866
vn -0.168024 0.443503 0.880383
vn -0.170553 0.446902 0.878175
vn 0.082498 0.609775 0.788269
vn 0.081083 0.609775 0.788416
vn 0.323418 0.715297 0.619477
vn 0.324750 0.712934 0.621500
vn 0.536718 0.748036 0.390354
vn 0.324802 0.713427 0.620907
vn 0.324877 0.712757 0.621638
vn 0.536659 0.746141 0.394044
vn 0.082956 0.609331 0.788564
vn 0.081211 0.609660 0.788492
vn -0.171493 0.448095 0.877383
vn -0.170678 0.446870 0.878166
vn -0.408254 0.242041 0.880196
vn -0.405628 0.240299 0.881886
vn -0.604137 0.011832 0.796793
vn -0.600870 0.010314 0.799280
vn -0.738014 -0.222897 0.636909
vn -0.737378 -0.220677 0.638416
vn -0.800682 -0.430301 0.416832
vn -0.801675 -0.430230 0.414993
vn -0.789219 -0.595851 0.148645
vn -0.787489 -0.597530 0.151059
vn -0.696427 -0.705954 -0.128917
vn -0.696270 -0.706330 -0.127694
vn -0.537173 -0.747148 -0.391427
vn -0.536814 -0.746054 -0.393998
vn -0.321476 -0.716429 -0.619179
vn -0.324802 -0.712827 -0.621596
vn -0.076083 -0.615475 -0.784476
vn -0.080950 -0.609762 -0.788440
vn 0.174532 -0.450576 -0.875511
vn 0.170665 -0.446984 -0.878111
vn 0.407050 -0.244660 -0.880029
vn 0.405723 -0.240459 -0.881798
vn 0.602389 -0.011311 -0.798123
vn 0.601010 -0.010423 -0.799173
vn 0.737760 0.222169 -0.637457
vn 0.737363 0.220799 -0.638392
vn 0.801377 0.429813 -0.416000
vn 0.801592 0.430249 -0.415134
vn 0.785410 0.599182 -0.155284
vn 0.787440 0.597573 -0.151148
vn 0.694256 0.709068 0.123415
vn 0.696165 0.706436 0.127682
vn -0.593702 0.663677 -0.455029
vn -0.594638 0.664073 -0.453225
vn -0.592423 0.665597 -0.453890
vn -0.592406 0.665489 -0.454071
vn -0.594449 0.665279 -0.451702
vn -0.592287 0.665737 -0.453861
vn -0.594059 0.665364 -0.452089
vn -0.592310 0.665730 -0.453842
vn -0.592404 0.665593 -0.453920
vn -0.592139 0.665815 -0.453941
vn -0.591502 0.666268 -0.454106
vn -0.591988 0.665790 -0.454173
vn -0.591735 0.666009 -0.454183
vn -0.592149 0.665630 -0.454198
vn -0.591311 0.663831 -0.457907
vn -0.592220 0.665518 -0.454270
vn -0.591748 0.663487 -0.457843
vn -0.592252 0.665514 -0.454235
vn -0.592008 0.665411 -0.454703
vn -0.592204 0.665707 -0.454014
vn -0.590479 0.667822 -0.453154
vn -0.592053 0.666014 -0.453760
vn -0.589465 0.668499 -0.453476
vn -0.592033 0.665957 -0.453870
vn -0.591666 0.665717 -0.454701
vn -0.592217 0.665711 -0.453992
vn -0.595523 0.662947 -0.453711
vn -0.592345 0.665641 -0.453927
vn -0.597610 0.664356 -0.448881
vn -0.592335 0.665707 -0.453843
vn -0.594080 0.666227 -0.450789
vn -0.592268 0.665782 -0.453821
vn -0.591862 0.665064 -0.455401
vn -0.592225 0.665717 -0.453971
vn -0.592866 0.665819 -0.452985
vn -0.592181 0.665687 -0.454073
vn -0.592230 0.666699 -0.452522
vn -0.592203 0.665661 -0.454082
vn -0.592442 0.665285 -0.454322
vn -0.592291 0.665587 -0.454077
vn 0.592178 -0.665714 0.454037
vn 0.592221 -0.665629 0.454106
vn 0.592221 -0.665629 0.454106
vn 0.592178 -0.665714 0.454037
vn 0.592248 -0.665558 0.454176
vn 0.592248 -0.665558 0.454176
vn 0.592221 -0.665702 0.453999
vn 0.592221 -0.665702 0.453999
vn 0.592324 -0.665765 0.453773
vn 0.592324 -0.665765 0.453773
vn 0.592324 -0.665764 0.453773
vn 0.592324 -0.665764 0.453773
vn 0.592239 -0.665789 0.453848
vn 0.592239 -0.665789 0.453848
vn 0.592324 -0.665688 0.453886
vn 0.592324 -0.665688 0.453886
vn 0.592393 -0.665609 0.453912
vn 0.592393 -0.665609 0.453912
vn 0.592417 -0.665550 0.453967
vn 0.592417 -0.665550 0.453967
vn 0.592410 -0.665531 0.454003
vn 0.592410 -0.665531 0.454003
vn 0.592234 -0.665765 0.453889
vn 0.592234 -0.665765 0.453890
vn 0.592198 -0.665868 0.453785
vn 0.592199 -0.665868 0.453785
vn 0.592177 -0.665787 0.453932
vn 0.592177 -0.665787 0.453932
vn 0.592152 -0.665763 0.454000
vn 0.592152 -0.665763 0.454000
vn 0.592383 -0.665714 0.453770
vn 0.592383 -0.665715 0.453770
vn 0.592470 -0.665673 0.453717
vn 0.592470 -0.665673 0.453717
vn 0.592347 -0.665718 0.453811
vn 0.592347 -0.665718 0.453811
vn 0.592216 -0.665818 0.453836
vn 0.592216 -0.665818 0.453836
vn 0.592180 -0.665769 0.453954
vn 0.592180 -0.665770 0.453954
vn -0.535499 -0.747625 -0.392806
vn -0.694174 -0.708898 -0.124843
vn -0.695870 -0.706733 -0.127649
vn -0.537015 -0.746021 -0.393786
vn -0.786203 -0.599013 0.151883
vn -0.787449 -0.597593 0.151018
vn -0.800465 -0.431366 0.416148
vn -0.801774 -0.430117 0.414919
vn -0.735020 -0.222762 0.640409
vn -0.736858 -0.221016 0.638900
vn -0.598859 0.008267 0.800812
vn -0.600115 0.009714 0.799855
vn -0.404955 0.239779 0.882336
vn -0.404905 0.239774 0.882361
vn -0.170856 0.446798 0.878169
vn -0.169791 0.446059 0.878751
vn 0.080954 0.609381 0.788734
vn 0.081589 0.609087 0.788896
vn 0.324558 0.712983 0.621545
vn 0.324552 0.712677 0.621899
vn 0.536350 0.746788 0.393239
vn 0.536681 0.746298 0.393717
vn 0.696119 0.706643 0.126786
vn 0.696062 0.706581 0.127437
vn 0.787515 0.597427 -0.151331
vn 0.787387 0.597591 -0.151347
vn 0.801228 0.430695 -0.415374
vn 0.801412 0.430241 -0.415490
vn 0.735968 0.221982 -0.639590
vn 0.736844 0.221449 -0.638765
vn 0.600068 -0.009020 -0.799898
vn 0.600370 -0.009832 -0.799662
vn 0.405166 -0.239820 -0.882229
vn 0.405491 -0.240449 -0.881908
vn 0.170696 -0.447139 -0.878026
vn 0.170794 -0.447200 -0.877976
vn -0.080746 -0.609734 -0.788482
vn -0.080844 -0.609806 -0.788417
vn -0.325116 -0.712173 -0.622180
vn -0.324920 -0.712553 -0.621848
vn -0.534584 -0.748491 -0.392403
vn -0.323628 -0.713798 -0.621094
vn -0.325096 -0.712335 -0.622006
vn -0.536729 -0.746146 -0.393939
vn -0.082666 -0.607921 -0.789683
vn -0.081663 -0.608845 -0.789074
vn 0.168713 -0.445275 -0.879356
vn 0.170432 -0.446141 -0.878585
vn 0.405956 -0.240414 -0.881703
vn 0.405744 -0.240619 -0.881745
vn 0.601902 -0.011912 -0.798482
vn 0.601296 -0.010612 -0.798956
vn 0.739215 0.218444 -0.637059
vn 0.737579 0.220801 -0.638141
vn 0.803433 0.428684 -0.413189
vn 0.801876 0.430215 -0.414621
vn 0.787645 0.597354 -0.150940
vn 0.787564 0.597522 -0.150701
vn 0.696303 0.706461 0.126786
vn 0.695944 0.706650 0.127706
vn 0.536629 0.746546 0.393317
vn 0.536315 0.746501 0.393831
vn 0.324808 0.712997 0.621397
vn 0.324085 0.713261 0.621472
vn 0.082431 0.607922 0.789706
vn 0.080791 0.610044 0.788238
vn -0.168278 0.445859 0.879143
vn -0.170350 0.446856 0.878237
vn -0.405570 0.240200 0.881939
vn -0.404823 0.240386 0.882232
vn -0.600548 0.009235 0.799536
vn -0.600333 0.009827 0.799690
vn -0.736274 -0.222256 0.639142
vn -0.737299 -0.220699 0.638499
vn -0.800991 -0.430844 0.415677
vn -0.801926 -0.429934 0.414816
vn -0.787714 -0.597075 0.151686
vn -0.787460 -0.597551 0.151132
vn -0.696082 -0.706713 -0.126598
vn -0.695990 -0.706617 -0.127634
vn 0.801684 0.430178 -0.415028
vn 0.787498 0.597501 -0.151130
vn 0.787502 0.597121 -0.152603
vn 0.804359 0.426870 -0.413266
vn 0.737390 0.220751 -0.638376
vn 0.737988 0.219082 -0.638260
vn 0.600913 -0.010303 -0.799248
vn 0.598243 -0.008117 -0.801274
vn 0.405550 -0.240432 -0.881885
vn 0.404734 -0.239211 -0.882592
vn 0.170704 -0.446872 -0.878161
vn 0.171435 -0.448812 -0.877028
vn -0.081039 -0.609610 -0.788548
vn -0.080855 -0.609688 -0.788507
vn -0.324865 -0.712655 -0.621760
vn -0.326567 -0.710705 -0.623098
vn -0.536870 -0.746022 -0.393982
vn -0.536737 -0.745872 -0.394446
vn -0.696257 -0.706337 -0.127730
vn -0.696099 -0.706174 -0.129482
vn -0.787520 -0.597507 0.150993
vn -0.790165 -0.594511 0.148984
vn -0.801733 -0.430165 0.414948
vn -0.802953 -0.429318 0.413465
vn -0.737349 -0.220696 0.638444
vn -0.736330 -0.221724 0.639263
vn -0.600740 0.010367 0.799377
vn -0.600254 0.011714 0.799724
vn -0.405669 0.240293 0.881869
vn -0.406924 0.243508 0.880407
vn -0.170682 0.446873 0.878164
vn -0.170629 0.448501 0.877344
vn 0.081134 0.609693 0.788474
vn 0.080743 0.610881 0.787595
vn 0.324781 0.712825 0.621610
vn 0.322363 0.715669 0.619596
vn 0.536683 0.746189 0.393921
vn 0.533885 0.749200 0.392003
vn 0.696151 0.706446 0.127703
vn 0.694070 0.708905 0.125383
vn -0.325215 -0.712545 -0.621703
vn -0.081206 -0.609931 -0.788283
vn -0.080601 -0.610615 -0.787815
vn -0.324191 -0.713889 -0.620696
vn -0.536782 -0.746058 -0.394034
vn -0.535382 -0.747619 -0.392979
vn -0.695862 -0.706793 -0.127356
vn -0.695052 -0.707541 -0.127628
vn -0.787480 -0.597472 0.151336
vn -0.787604 -0.597250 0.151567
vn -0.802205 -0.429641 0.414579
vn -0.801911 -0.429465 0.415329
vn -0.737779 -0.220119 0.638146
vn -0.737610 -0.219973 0.638391
vn -0.600583 0.010486 0.799494
vn -0.601260 0.010903 0.798979
vn -0.405485 0.239957 0.882045
vn -0.405477 0.240759 0.881830
vn -0.170745 0.446935 0.878121
vn -0.170578 0.445793 0.878733
vn 0.080878 0.610022 0.788246
vn 0.081802 0.608235 0.789531
vn 0.324676 0.713083 0.621368
vn 0.325571 0.712450 0.621625
vn 0.536705 0.746331 0.393621
vn 0.536838 0.746111 0.393857
vn 0.696147 0.706473 0.127572
vn 0.696371 0.706272 0.127465
vn 0.787354 0.597598 -0.151493
vn 0.786779 0.598405 -0.151298
vn 0.800942 0.430595 -0.416028
vn 0.800781 0.431304 -0.415605
vn 0.736455 0.221224 -0.639292
vn 0.736262 0.220988 -0.639596
vn 0.600518 -0.010165 -0.799547
vn 0.600111 -0.009903 -0.799856
vn 0.405624 -0.240221 -0.881909
vn 0.404808 -0.240243 -0.882278
vn 0.170565 -0.447106 -0.878068
vn 0.170821 -0.446996 -0.878074
vn 0.592132 -0.665870 0.453868
vn 0.592191 -0.665873 0.453787
vn 0.592175 -0.665829 0.453873
vn 0.592192 -0.665757 0.453955
vn 0.592260 -0.665737 0.453896
vn 0.592196 -0.665769 0.453935
vn 0.592156 -0.665792 0.453953
vn 0.592236 -0.665756 0.453901
vn 0.592438 -0.665566 0.453914
vn 0.592356 -0.665603 0.453968
vn 0.592259 -0.665692 0.453964
vn 0.592233 -0.665678 0.454019
vn 0.592241 -0.665670 0.454020
vn 0.592256 -0.665680 0.453986
vn 0.592255 -0.665668 0.454004
vn 0.592236 -0.665678 0.454015
vn 0.592071 -0.665736 0.454145
vn 0.592208 -0.665721 0.453989
vn 0.592426 -0.665599 0.453882
vn 0.592309 -0.665646 0.453966
vn 0.591834 -0.666387 0.453499
vn 0.591662 -0.666723 0.453228
vn 0.591957 -0.665878 0.454085
vn 0.592076 -0.665334 0.454728
vn 0.592615 -0.665652 0.453559
vn 0.592818 -0.666168 0.452534
vn 0.591754 -0.666096 0.454029
vn 0.592551 -0.665043 0.454534
vn 0.594191 -0.664136 0.453719
vn 0.593284 -0.664915 0.453765
vn 0.592216 -0.665851 0.453787
vn 0.591931 -0.666216 0.453623
vn 0.592030 -0.666149 0.453591
vn 0.592250 -0.665566 0.454161
vn 0.592839 -0.665240 0.453869
vn 0.592676 -0.665636 0.453502
vn 0.590925 -0.666120 0.455073
vn 0.591454 -0.665934 0.454659
vn 0.593599 -0.664972 0.453269
vn 0.593267 -0.664949 0.453737
vn 0.698358 0.704138 0.128398
vn 0.788653 0.595874 -0.151528
vn 0.801737 0.429191 -0.415948
vn 0.737729 0.221345 -0.637779
vn 0.602003 -0.011199 -0.798416
vn 0.406067 -0.240080 -0.881743
vn 0.169333 -0.445144 -0.879303
vn -0.081859 -0.609724 -0.788376
vn -0.323442 -0.713979 -0.620982
vn -0.535987 -0.747343 -0.392680
vn -0.695710 -0.707099 -0.126489
vn -0.786740 -0.598549 0.150931
vn -0.801908 -0.430415 0.414351
vn -0.738825 -0.219922 0.637003
vn -0.601290 0.011442 0.798949
vn -0.404999 0.241737 0.881782
vn -0.171167 0.448285 0.877349
vn 0.080598 0.610841 0.787640
vn 0.325326 0.712570 0.621616
vn 0.538884 0.744166 0.394742
vn -0.592275 0.665642 -0.454016
vn -0.592439 0.665563 -0.453919
vn -0.592400 0.665635 -0.453864
vn -0.592385 0.665650 -0.453861
vn -0.592348 0.665700 -0.453837
vn -0.592260 0.665759 -0.453866
vn -0.592233 0.665768 -0.453886
vn -0.592335 0.665645 -0.453934
vn -0.592404 0.665524 -0.454021
vn -0.592292 0.665582 -0.454081
vn -0.592313 0.665601 -0.454027
vn -0.592346 0.665603 -0.453982
vn -0.592157 0.665719 -0.454058
vn -0.592065 0.665791 -0.454073
vn -0.592152 0.665749 -0.454021
vn -0.592243 0.665649 -0.454049
vn -0.592299 0.665658 -0.453962
vn -0.592203 0.665782 -0.453905
vn -0.592258 0.665745 -0.453887
vn -0.592273 0.665718 -0.453908
vn -0.593218 0.665344 -0.453221
vn -0.595819 0.662875 -0.453428
vn -0.594749 0.663719 -0.453597
vn -0.592937 0.664678 -0.454564
vn -0.592587 0.665424 -0.453928
vn -0.592478 0.666391 -0.452651
vn -0.592004 0.666982 -0.452401
vn -0.592492 0.665981 -0.453236
vn -0.592992 0.664734 -0.454410
vn -0.592218 0.665583 -0.454178
vn -0.593071 0.664876 -0.454101
vn -0.594230 0.663868 -0.454060
vn -0.591581 0.665445 -0.455208
vn -0.590266 0.666484 -0.455396
vn -0.592651 0.666452 -0.452334
vn -0.593665 0.665619 -0.452233
vn -0.592900 0.666073 -0.452566
vn -0.592118 0.667438 -0.451578
vn -0.591631 0.667213 -0.452548
vn -0.591146 0.667342 -0.452992
vn 0.696161 0.706447 0.127644
vn 0.536823 0.746130 0.393842
vn 0.324825 0.712821 0.621591
vn 0.080935 0.609842 0.788379
vn -0.170809 0.447110 0.878019
vn -0.405669 0.240460 0.881823
vn -0.600985 0.010383 0.799193
vn -0.737532 -0.220563 0.638277
vn -0.801824 -0.430034 0.414908
vn -0.787525 -0.597502 0.150980
vn -0.696188 -0.706423 -0.127629
vn -0.536760 -0.746098 -0.393987
vn -0.324801 -0.712753 -0.621681
vn -0.081166 -0.609772 -0.788410
vn 0.170621 -0.447007 -0.878108
vn 0.405652 -0.240409 -0.881845
vn 0.600904 -0.010297 -0.799255
vn 0.737388 0.220694 -0.638399
vn 0.801712 0.430119 -0.415036
vn 0.787467 0.597562 -0.151048
vn 0.694604 0.708065 0.127164
vn 0.536195 0.746603 0.393800
vn 0.325158 0.712075 0.622271
vn 0.079308 0.612193 0.786721
vn -0.174003 0.450280 0.875769
vn -0.405870 0.239290 0.882049
vn -0.600322 0.007894 0.799720
vn -0.738685 -0.220088 0.637108
vn -0.803262 -0.426946 0.415316
vn -0.787378 -0.597719 0.150889
vn -0.694389 -0.708398 -0.126477
vn -0.536752 -0.746581 -0.393083
vn -0.326301 -0.712011 -0.621746
vn -0.082838 -0.609243 -0.788645
vn 0.170607 -0.446160 -0.878541
vn 0.404350 -0.239234 -0.882761
vn 0.600309 -0.008689 -0.799721
vn 0.738181 0.221602 -0.637167
vn 0.800285 0.430750 -0.417131
vn 0.785726 0.599516 -0.152366
vn -0.592236 0.665707 -0.453972
vn -0.592242 0.665703 -0.453971
vn -0.587893 0.670793 -0.452127
vn -0.589605 0.671613 -0.448667
vn -0.592166 0.665822 -0.453895
vn -0.589884 0.680629 -0.434490
vn -0.592149 0.665830 -0.453906
vn -0.593306 0.675078 -0.438472
vn -0.592249 0.665764 -0.453871
vn -0.592092 0.665630 -0.454273
vn -0.592226 0.665717 -0.453971
vn -0.598083 0.663666 -0.449271
vn -0.592134 0.665735 -0.454064
vn -0.604034 0.661288 -0.444794
vn -0.592168 0.665813 -0.453905
vn -0.595795 0.664175 -0.451553
vn -0.592225 0.665726 -0.453958
vn -0.590304 0.666590 -0.455191
vn -0.592237 0.665749 -0.453910
vn -0.592938 0.664626 -0.454639
vn -0.592193 0.665860 -0.453804
vn -0.593674 0.664644 -0.453652
vn -0.592210 0.665746 -0.453949
vn -0.591672 0.666786 -0.453123
vn -0.592277 0.665658 -0.453991
vn -0.591578 0.665355 -0.455344
vn -0.592303 0.665676 -0.453930
vn -0.593307 0.667773 -0.449518
vn -0.592295 0.665698 -0.453909
vn -0.599651 0.671631 -0.435122
vn -0.592191 0.665764 -0.453947
vn -0.602696 0.666079 -0.439427
vn -0.592227 0.665766 -0.453897
vn -0.599053 0.661617 -0.450997
vn -0.592276 0.665708 -0.453919
vn -0.598361 0.662539 -0.450562
vn -0.592162 0.665768 -0.453979
vn -0.594228 0.665619 -0.451492
vn -0.592172 0.665799 -0.453921
vn -0.586715 0.671293 -0.452914
vn 0.406110 -0.240941 -0.881489
vn 0.170731 -0.446996 -0.878092
vn 0.170629 -0.446444 -0.878392
vn 0.406275 -0.241983 -0.881127
vn 0.601254 -0.010781 -0.798985
vn 0.602724 -0.011769 -0.797863
vn 0.737781 0.220398 -0.638047
vn 0.738869 0.219196 -0.637201
vn 0.801770 0.430062 -0.414984
vn 0.802213 0.429571 -0.414637
vn 0.787148 0.597965 -0.151117
vn 0.786982 0.598077 -0.151537
vn 0.695920 0.706725 0.127418
vn 0.695459 0.707214 0.127224
vn 0.536428 0.746418 0.393833
vn 0.536022 0.747156 0.392987
vn 0.324817 0.712694 0.621741
vn 0.324698 0.712849 0.621626
vn 0.081521 0.608769 0.789148
vn 0.081673 0.608955 0.788989
vn -0.169961 0.446412 0.878539
vn -0.172037 0.447400 0.877631
vn -0.406014 0.240538 0.881643
vn -0.408338 0.241975 0.880175
vn -0.601429 0.010969 0.798851
vn -0.602992 0.011580 0.797664
vn -0.737841 -0.220457 0.637958
vn -0.737667 -0.220679 0.638082
vn -0.801932 -0.429922 0.414816
vn -0.800995 -0.431651 0.414831
vn -0.787562 -0.597450 0.150996
vn -0.786391 -0.598909 0.151318
vn -0.696325 -0.706194 -0.128142
vn -0.695328 -0.707474 -0.126489
vn -0.536642 -0.746105 -0.394135
vn -0.534893 -0.747933 -0.393047
vn -0.324504 -0.713271 -0.621242
vn -0.323587 -0.714204 -0.620648
vn -0.081199 -0.609706 -0.788457
vn -0.081392 -0.609215 -0.788817
s 1
g DHONI_MOTION_POSTER_2:Gopiknath_20210802_1927:Gopiknath_20210801_1428:Gopiknath_20210731_0019:HELMET5 HELMETS DHONI_MOTION_POSTER_2:Gopiknath_20210802_1927:Gopiknath_20210801_1428:Gopiknath_20210731_0019:helemt_group7_helmet_group3_group4_pCylinder57
usemtl DHONI_MOTION_POSTER_2:Gopiknath_20210802_1927:Gopiknath_20210801_1428:Gopiknath_20210731_0019:aiStandardSurface17SG
f 3476/4483/4695 3477/4484/4696 3814/4486/4697 3815/4488/4698
f 3477/4484/4696 3478/4490/4699 3813/4492/4700 3814/4486/4697
f 3478/4490/4699 3479/4494/4701 3812/4496/4702 3813/4492/4700
f 3479/4494/4701 3480/4498/4703 3811/4500/4704 3812/4496/4702
f 3480/4498/4703 3481/4502/4705 3810/4504/4706 3811/4500/4704
f 3481/4502/4705 3482/4506/4707 3809/4508/4708 3810/4504/4706
f 3482/4506/4707 3483/4510/4709 3808/4512/4710 3809/4508/4708
f 3483/4510/4709 3484/4514/4711 3807/4516/4712 3808/4512/4710
f 3484/4514/4711 3485/4518/4713 3806/4520/4714 3807/4516/4712
f 3485/4518/4713 3486/4521/4715 3805/4522/4716 3806/4520/4714
f 3486/4521/4715 3487/4523/4717 3804/4524/4718 3805/4522/4716
f 3487/4523/4717 3488/4525/4719 3803/4526/4720 3804/4524/4718
f 3488/4525/4719 3489/4527/4721 3802/4528/4722 3803/4526/4720
f 3489/4527/4721 3490/4529/4723 3801/4530/4724 3802/4528/4722
f 3490/4529/4723 3491/4531/4725 3800/4532/4726 3801/4530/4724
f 3491/4531/4725 3492/4533/4727 3799/4534/4728 3800/4532/4726
f 3492/4533/4727 3493/4535/4729 3798/4536/4730 3799/4534/4728
f 3493/4535/4729 3494/5168/4731 3797/4537/4732 3798/4536/4730
f 3494/5168/4731 3495/4538/4733 3796/5188/4734 3797/4537/4732
f 3495/4538/4733 3476/5170/4695 3815/5169/4698 3796/5188/4734
s off
f 3637/5009/4735 3636/5028/4736 3638/5027/4737 3639/5026/4738 3640/5025/4739 3641/5024/4740 3642/5023/4741 3643/5022/4742 3644/5021/4743 3645/5020/4744 3646/5019/4745 3647/5018/4746 3648/5017/4747 3649/5016/4748 3650/5015/4749 3651/5014/4750 3652/5013/4751 3653/5012/4752 3654/5011/4753 3655/5010/4754
f 3656/4990/4755 3657/5008/4756 3658/5007/4757 3659/5006/4758 3660/5005/4759 3661/5004/4760 3662/5003/4761 3663/5002/4762 3664/5001/4763 3665/5000/4764 3666/4999/4765 3667/4998/4766 3668/4997/4767 3669/4996/4768 3670/4995/4769 3671/4994/4770 3672/4993/4771 3673/4992/4772 3674/4991/4773 3675/4989/4774
s 2
f 3476/4481/4775 3495/4519/4776 3775/4558/4777 3756/4559/4778
f 3495/4519/4776 3494/4517/4779 3774/4560/4780 3775/4558/4777
f 3494/4517/4779 3493/4515/4781 3773/4561/4782 3774/4560/4780
f 3493/4515/4781 3492/4513/4783 3772/4562/4784 3773/4561/4782
f 3492/4513/4783 3491/4511/4785 3771/4563/4786 3772/4562/4784
f 3491/4511/4785 3490/4509/4787 3770/4564/4788 3771/4563/4786
f 3490/4509/4787 3489/4507/4789 3769/4565/4790 3770/4564/4788
f 3489/4507/4789 3488/4505/4791 3768/4566/4792 3769/4565/4790
f 3488/4505/4791 3487/4503/4793 3767/4567/4794 3768/4566/4792
f 3487/4503/4793 3486/4501/4795 3766/4568/4796 3767/4567/4794
f 3486/4501/4795 3485/4499/4797 3765/4569/4798 3766/4568/4796
f 3485/4499/4797 3484/4497/4799 3764/4570/4800 3765/4569/4798
f 3484/4497/4799 3483/4495/4801 3763/4571/4802 3764/4570/4800
f 3483/4495/4801 3482/4493/4803 3762/4572/4804 3763/4571/4802
f 3482/4493/4803 3481/4491/4805 3761/4573/4806 3762/4572/4804
f 3481/4491/4805 3480/4489/4807 3760/4574/4808 3761/4573/4806
f 3480/4489/4807 3479/4487/4809 3759/4575/4810 3760/4574/4808
f 3479/4487/4809 3478/4485/4811 3758/4576/4812 3759/4575/4810
f 3478/4485/4811 3477/4482/4813 3757/4577/4814 3758/4576/4812
f 3477/4482/4813 3476/4481/4775 3756/4559/4778 3757/4577/4814
s 3
f 3496/5129/4815 3497/5147/4816 3834/4580/4817 3835/4581/4818
f 3497/5147/4816 3498/5146/4819 3833/4583/4820 3834/4580/4817
f 3498/5146/4819 3499/5145/4821 3832/4585/4822 3833/4583/4820
f 3499/5145/4821 3500/5144/4823 3831/4587/4824 3832/4585/4822
f 3500/5144/4823 3501/5143/4825 3830/4589/4826 3831/4587/4824
f 3501/5143/4825 3502/5142/4827 3829/4591/4828 3830/4589/4826
f 3502/5142/4827 3503/5141/4829 3828/4593/4830 3829/4591/4828
f 3503/5141/4829 3504/5140/4831 3827/4595/4832 3828/4593/4830
f 3504/5140/4831 3505/5139/4833 3826/4597/4834 3827/4595/4832
f 3505/5139/4833 3506/5138/4835 3825/4599/4836 3826/4597/4834
f 3506/5138/4835 3507/5137/4837 3824/4601/4838 3825/4599/4836
f 3507/5137/4837 3508/5136/4839 3823/4603/4840 3824/4601/4838
f 3508/5136/4839 3509/5135/4841 3822/4605/4842 3823/4603/4840
f 3509/5135/4841 3510/5134/4843 3821/4607/4844 3822/4605/4842
f 3510/5134/4843 3511/5133/4845 3820/4609/4846 3821/4607/4844
f 3511/5133/4845 3512/5132/4847 3819/4611/4848 3820/4609/4846
f 3512/5132/4847 3513/5131/4849 3818/4613/4850 3819/4611/4848
f 3513/5131/4849 3514/5130/4851 3817/4615/4852 3818/4613/4850
f 3514/5130/4851 3515/5128/4853 3816/4617/4854 3817/4615/4852
f 3515/5128/4853 3496/5129/4815 3835/4581/4818 3816/4617/4854
s 4
f 3517/4539/4855 3516/4540/4856 3856/4541/4857 3857/4542/4858
f 3516/5171/4856 3518/4543/4859 3875/5172/4860 3856/5191/4857
f 3518/4543/4859 3519/4544/4861 3874/4545/4862 3875/5172/4860
f 3519/4544/4861 3520/4546/4863 3873/4547/4864 3874/4545/4862
f 3520/4546/4863 3521/4548/4865 3872/4549/4866 3873/4547/4864
f 3521/4548/4865 3522/4550/4867 3871/4551/4868 3872/4549/4866
f 3522/4550/4867 3523/4552/4869 3870/4553/4870 3871/4551/4868
f 3523/4552/4869 3524/4554/4871 3869/4555/4872 3870/4553/4870
f 3524/4554/4871 3525/4556/4873 3868/4557/4874 3869/4555/4872
f 3525/4556/4873 3526/4578/4875 3867/4579/4876 3868/4557/4874
f 3526/4578/4875 3527/4582/4877 3866/4584/4878 3867/4579/4876
f 3527/4582/4877 3528/4586/4879 3865/4588/4880 3866/4584/4878
f 3528/4586/4879 3529/4590/4881 3864/4592/4882 3865/4588/4880
f 3529/4590/4881 3530/4594/4883 3863/4596/4884 3864/4592/4882
f 3530/4594/4883 3531/4598/4885 3862/4600/4886 3863/4596/4884
f 3531/4598/4885 3532/4602/4887 3861/4604/4888 3862/4600/4886
f 3532/4602/4887 3533/4606/4889 3860/4608/4890 3861/4604/4888
f 3533/4606/4889 3534/4610/4891 3859/4612/4892 3860/4608/4890
f 3534/4610/4891 3535/4614/4893 3858/4616/4894 3859/4612/4892
f 3535/4614/4893 3517/4539/4855 3857/4542/4858 3858/4616/4894
s 5
f 3536/4620/4895 3537/4621/4896 3713/4623/4897 3714/4625/4898
f 3537/4621/4896 3538/4627/4899 3712/4629/4900 3713/4623/4897
f 3538/4627/4899 3539/4631/4901 3711/4633/4902 3712/4629/4900
f 3539/4631/4901 3540/4635/4903 3710/4637/4904 3711/4633/4902
f 3540/4635/4903 3541/4639/4905 3709/4641/4906 3710/4637/4904
f 3541/4639/4905 3542/4643/4907 3708/4645/4908 3709/4641/4906
f 3542/4643/4907 3543/4647/4909 3707/4649/4910 3708/4645/4908
f 3543/4647/4909 3544/4651/4911 3706/4653/4912 3707/4649/4910
f 3544/4651/4911 3545/4655/4913 3705/4657/4914 3706/4653/4912
f 3545/4655/4913 3546/4660/4915 3704/4661/4916 3705/4657/4914
f 3546/4660/4915 3547/4663/4917 3703/4665/4918 3704/4661/4916
f 3547/4663/4917 3548/4667/4919 3702/4669/4920 3703/4665/4918
f 3548/4667/4919 3549/4671/4921 3701/4673/4922 3702/4669/4920
f 3549/4671/4921 3550/4675/4923 3700/4677/4924 3701/4673/4922
f 3550/4675/4923 3551/4679/4925 3699/4681/4926 3700/4677/4924
f 3551/4679/4925 3552/4683/4927 3698/4685/4928 3699/4681/4926
f 3552/4683/4927 3553/4687/4929 3697/4689/4930 3698/4685/4928
f 3553/4687/4929 3554/4691/4931 3696/4693/4932 3697/4689/4930
f 3554/4691/4931 3555/5173/4933 3715/4696/4934 3696/4693/4932
f 3555/5173/4933 3536/5174/4895 3714/5175/4898 3715/4696/4934
s 6
f 3557/5069/4935 3556/5088/4936 3935/4699/4937 3916/4700/4938
f 3556/5088/4936 3558/5087/4939 3934/4702/4940 3935/4699/4937
f 3558/5087/4939 3559/5086/4941 3933/4704/4942 3934/4702/4940
f 3559/5086/4941 3560/5085/4943 3932/4706/4944 3933/4704/4942
f 3560/5085/4943 3561/5084/4945 3931/4707/4946 3932/4706/4944
f 3561/5084/4945 3562/5083/4947 3930/4709/4948 3931/4707/4946
f 3562/5083/4947 3563/5082/4949 3929/4711/4950 3930/4709/4948
f 3563/5082/4949 3564/5081/4951 3928/4713/4952 3929/4711/4950
f 3564/5081/4951 3565/5080/4953 3927/4715/4954 3928/4713/4952
f 3565/5080/4953 3566/5079/4955 3926/4717/4956 3927/4715/4954
f 3566/5079/4955 3567/5078/4957 3925/4719/4958 3926/4717/4956
f 3567/5078/4957 3568/5077/4959 3924/4721/4960 3925/4719/4958
f 3568/5077/4959 3569/5076/4961 3923/4723/4962 3924/4721/4960
f 3569/5076/4961 3570/5075/4963 3922/4725/4964 3923/4723/4962
f 3570/5075/4963 3571/5074/4965 3921/4727/4966 3922/4725/4964
f 3571/5074/4965 3572/5073/4967 3920/4729/4968 3921/4727/4966
f 3572/5073/4967 3573/5072/4969 3919/4731/4970 3920/4729/4968
f 3573/5072/4969 3574/5071/4971 3918/4733/4972 3919/4731/4970
f 3574/5071/4971 3575/5070/4973 3917/4735/4974 3918/4733/4972
f 3575/5070/4973 3557/5069/4935 3916/4700/4938 3917/4735/4974
s 7
f 3576/5050/4975 3577/5068/4976 3617/5048/4977 3616/5030/4978
f 3577/5068/4976 3578/5067/4979 3618/5047/4980 3617/5048/4977
f 3578/5067/4979 3579/5066/4981 3619/5046/4982 3618/5047/4980
f 3579/5066/4981 3580/5065/4983 3620/5045/4984 3619/5046/4982
f 3580/5065/4983 3581/5064/4985 3621/5044/4986 3620/5045/4984
f 3581/5064/4985 3582/5063/4987 3622/5043/4988 3621/5044/4986
f 3582/5063/4987 3583/5062/4989 3623/5042/4990 3622/5043/4988
f 3583/5062/4989 3584/5061/4991 3624/5041/4992 3623/5042/4990
f 3584/5061/4991 3585/5060/4993 3625/5040/4994 3624/5041/4992
f 3585/5060/4993 3586/5059/4995 3626/5039/4996 3625/5040/4994
f 3586/5059/4995 3587/5058/4997 3627/5038/4998 3626/5039/4996
f 3587/5058/4997 3588/5057/4999 3628/5037/5000 3627/5038/4998
f 3588/5057/4999 3589/5056/5001 3629/5036/5002 3628/5037/5000
f 3589/5056/5001 3590/5055/5003 3630/5035/5004 3629/5036/5002
f 3590/5055/5003 3591/5054/5005 3631/5034/5006 3630/5035/5004
f 3591/5054/5005 3592/5053/5007 3632/5033/5008 3631/5034/5006
f 3592/5053/5007 3593/5052/5009 3633/5032/5010 3632/5033/5008
f 3593/5052/5009 3594/5051/5011 3634/5031/5012 3633/5032/5010
f 3594/5051/5011 3595/5049/5013 3635/5029/5014 3634/5031/5012
f 3595/5049/5013 3576/5050/4975 3616/5030/4978 3635/5029/5014
s 8
f 3597/4697/5015 3596/4698/5016 3972/4701/5017 3973/4703/5018
f 3596/5199/5016 3598/4705/5019 3971/5176/5020 3972/5177/5017
f 3598/4705/5019 3599/4708/5021 3970/4710/5022 3971/5176/5020
f 3599/4708/5021 3600/4712/5023 3969/4714/5024 3970/4710/5022
f 3600/4712/5023 3601/4716/5025 3968/4718/5026 3969/4714/5024
f 3601/4716/5025 3602/4720/5027 3967/4722/5028 3968/4718/5026
f 3602/4720/5027 3603/4724/5029 3966/4726/5030 3967/4722/5028
f 3603/4724/5029 3604/4728/5031 3965/4730/5032 3966/4726/5030
f 3604/4728/5031 3605/4732/5033 3964/4734/5034 3965/4730/5032
f 3605/4732/5033 3606/5197/5035 3963/4736/5036 3964/4734/5034
f 3606/5197/5035 3607/5178/5037 3962/5179/5038 3963/4736/5036
f 3607/4737/5037 3608/4739/5039 3961/4740/5040 3962/4738/5038
f 3608/4739/5039 3609/4741/5041 3960/4742/5042 3961/4740/5040
f 3609/4741/5041 3610/4743/5043 3959/4744/5044 3960/4742/5042
f 3610/4743/5043 3611/4745/5045 3958/4746/5046 3959/4744/5044
f 3611/4745/5045 3612/4747/5047 3957/4748/5048 3958/4746/5046
f 3612/4747/5047 3613/4749/5049 3956/4750/5050 3957/4748/5048
f 3613/4749/5049 3614/4751/5051 3975/4752/5052 3956/4750/5050
f 3614/4751/5051 3615/4753/5053 3974/4754/5054 3975/4752/5052
f 3615/4753/5053 3597/4697/5015 3973/4703/5018 3974/4754/5054
s 9
f 3616/4755/5055 3617/4756/5056 3737/4757/5057 3738/4758/5058
f 3617/4756/5056 3618/4759/5059 3736/4760/5060 3737/4757/5057
f 3618/4759/5059 3619/4761/5061 3755/4762/5062 3736/4760/5060
f 3619/4761/5061 3620/4763/5063 3754/4764/5064 3755/4762/5062
f 3620/4763/5063 3621/4765/5065 3753/4766/5066 3754/4764/5064
f 3621/4765/5065 3622/4767/5067 3752/4768/5068 3753/4766/5066
f 3622/4767/5067 3623/4769/5069 3751/4770/5070 3752/4768/5068
f 3623/4769/5069 3624/4771/5071 3750/4772/5072 3751/4770/5070
f 3624/4771/5071 3625/4773/5073 3749/4774/5074 3750/4772/5072
f 3625/4773/5073 3626/4775/5075 3748/4776/5076 3749/4774/5074
f 3626/4775/5075 3627/4777/5077 3747/4778/5078 3748/4776/5076
f 3627/4777/5077 3628/4779/5079 3746/4780/5080 3747/4778/5078
f 3628/4779/5079 3629/4781/5081 3745/4782/5082 3746/4780/5080
f 3629/4781/5081 3630/4783/5083 3744/4784/5084 3745/4782/5082
f 3630/4783/5083 3631/4785/5085 3743/4786/5086 3744/4784/5084
f 3631/4785/5085 3632/4787/5087 3742/4788/5088 3743/4786/5086
f 3632/4787/5087 3633/4789/5089 3741/4790/5090 3742/4788/5088
f 3633/4789/5089 3634/4791/5091 3740/4792/5092 3741/4790/5090
f 3634/4791/5091 3635/4793/5093 3739/4794/5094 3740/4792/5092
f 3635/4793/5093 3616/4755/5055 3738/4758/5058 3739/4794/5094
s 5
f 3677/4795/5095 3676/4796/5096 3594/4797/5097 3593/4798/5098
f 3678/4799/5099 3677/4795/5095 3593/4798/5098 3592/4800/5100
f 3679/4801/5101 3678/4799/5099 3592/4800/5100 3591/4802/5102
f 3680/4803/5103 3679/4801/5101 3591/4802/5102 3590/4804/5104
f 3681/4805/5105 3680/4803/5103 3590/4804/5104 3589/4806/5106
f 3682/4807/5107 3681/4805/5105 3589/4806/5106 3588/4808/5108
f 3683/4809/5109 3682/4807/5107 3588/4808/5108 3587/4810/5110
f 3684/4811/5111 3683/4809/5109 3587/4810/5110 3586/4812/5112
f 3685/4813/5113 3684/4811/5111 3586/4812/5112 3585/4814/5114
f 3686/4815/5115 3685/4813/5113 3585/4814/5114 3584/4816/5116
f 3687/4817/5117 3686/4815/5115 3584/4816/5116 3583/4818/5118
f 3688/4819/5119 3687/4817/5117 3583/4818/5118 3582/4820/5120
f 3689/4821/5121 3688/4819/5119 3582/4820/5120 3581/4822/5122
f 3690/4823/5123 3689/4821/5121 3581/4822/5122 3580/4824/5124
f 3691/4825/5125 3690/4823/5123 3580/4824/5124 3579/4826/5126
f 3692/4827/5127 3691/4825/5125 3579/4826/5126 3578/4828/5128
f 3693/4829/5129 3692/4827/5127 3578/4828/5128 3577/4830/5130
f 3694/4831/5131 3693/4829/5129 3577/4830/5130 3576/4832/5132
f 3695/5183/5133 3694/5180/5131 3576/5181/5132 3595/5182/5134
f 3676/4796/5096 3695/5183/5133 3595/5182/5134 3594/4797/5097
f 3697/4689/4930 3696/4693/4932 3676/4796/5096 3677/4795/5095
f 3698/4685/4928 3697/4689/4930 3677/4795/5095 3678/4799/5099
f 3699/4681/4926 3698/4685/4928 3678/4799/5099 3679/4801/5101
f 3700/4677/4924 3699/4681/4926 3679/4801/5101 3680/4803/5103
f 3701/4673/4922 3700/4677/4924 3680/4803/5103 3681/4805/5105
f 3702/4669/4920 3701/4673/4922 3681/4805/5105 3682/4807/5107
f 3703/4665/4918 3702/4669/4920 3682/4807/5107 3683/4809/5109
f 3704/4661/4916 3703/4665/4918 3683/4809/5109 3684/4811/5111
f 3705/4657/4914 3704/4661/4916 3684/4811/5111 3685/4813/5113
f 3706/4653/4912 3705/4657/4914 3685/4813/5113 3686/4815/5115
f 3707/4649/4910 3706/4653/4912 3686/4815/5115 3687/4817/5117
f 3708/4645/4908 3707/4649/4910 3687/4817/5117 3688/4819/5119
f 3709/4641/4906 3708/4645/4908 3688/4819/5119 3689/4821/5121
f 3710/4637/4904 3709/4641/4906 3689/4821/5121 3690/4823/5123
f 3711/4633/4902 3710/4637/4904 3690/4823/5123 3691/4825/5125
f 3712/4629/4900 3711/4633/4902 3691/4825/5125 3692/4827/5127
f 3713/4623/4897 3712/4629/4900 3692/4827/5127 3693/4829/5129
f 3714/4625/4898 3713/4623/4897 3693/4829/5129 3694/4831/5131
f 3715/4696/4934 3714/5175/4898 3694/5180/5131 3695/5183/5133
f 3696/4693/4932 3715/4696/4934 3695/5183/5133 3676/4796/5096
s 9
f 3717/4833/5135 3716/4834/5136 3658/4835/5137 3657/4836/5138
f 3718/4837/5139 3717/4833/5135 3657/4836/5138 3656/4838/5140
f 3719/5187/5141 3718/5184/5139 3656/5185/5140 3675/5186/5142
f 3720/4839/5143 3719/5187/5141 3675/5186/5142 3674/4840/5144
f 3721/4841/5145 3720/4839/5143 3674/4840/5144 3673/4842/5146
f 3722/4843/5147 3721/4841/5145 3673/4842/5146 3672/4844/5148
f 3723/4845/5149 3722/4843/5147 3672/4844/5148 3671/4846/5150
f 3724/4847/5151 3723/4845/5149 3671/4846/5150 3670/4848/5152
f 3725/4849/5153 3724/4847/5151 3670/4848/5152 3669/4850/5154
f 3726/4851/5155 3725/4849/5153 3669/4850/5154 3668/4852/5156
f 3727/4853/5157 3726/4851/5155 3668/4852/5156 3667/4854/5158
f 3728/4855/5159 3727/4853/5157 3667/4854/5158 3666/4856/5160
f 3729/4857/5161 3728/4855/5159 3666/4856/5160 3665/4858/5162
f 3730/4859/5163 3729/4857/5161 3665/4858/5162 3664/4860/5164
f 3731/4861/5165 3730/4859/5163 3664/4860/5164 3663/4862/5166
f 3732/4863/5167 3731/4861/5165 3663/4862/5166 3662/4864/5168
f 3733/4865/5169 3732/4863/5167 3662/4864/5168 3661/4866/5170
f 3734/4867/5171 3733/4865/5169 3661/4866/5170 3660/4868/5172
f 3735/4869/5173 3734/4867/5171 3660/4868/5172 3659/4870/5174
f 3716/4834/5136 3735/4869/5173 3659/4870/5174 3658/4835/5137
f 3737/4757/5057 3736/4760/5060 3716/4834/5136 3717/4833/5135
f 3738/4758/5058 3737/4757/5057 3717/4833/5135 3718/4837/5139
f 3739/4794/5094 3738/4758/5058 3718/5184/5139 3719/5187/5141
f 3740/4792/5092 3739/4794/5094 3719/5187/5141 3720/4839/5143
f 3741/4790/5090 3740/4792/5092 3720/4839/5143 3721/4841/5145
f 3742/4788/5088 3741/4790/5090 3721/4841/5145 3722/4843/5147
f 3743/4786/5086 3742/4788/5088 3722/4843/5147 3723/4845/5149
f 3744/4784/5084 3743/4786/5086 3723/4845/5149 3724/4847/5151
f 3745/4782/5082 3744/4784/5084 3724/4847/5151 3725/4849/5153
f 3746/4780/5080 3745/4782/5082 3725/4849/5153 3726/4851/5155
f 3747/4778/5078 3746/4780/5080 3726/4851/5155 3727/4853/5157
f 3748/4776/5076 3747/4778/5078 3727/4853/5157 3728/4855/5159
f 3749/4774/5074 3748/4776/5076 3728/4855/5159 3729/4857/5161
f 3750/4772/5072 3749/4774/5074 3729/4857/5161 3730/4859/5163
f 3751/4770/5070 3750/4772/5072 3730/4859/5163 3731/4861/5165
f 3752/4768/5068 3751/4770/5070 3731/4861/5165 3732/4863/5167
f 3753/4766/5066 3752/4768/5068 3732/4863/5167 3733/4865/5169
f 3754/4764/5064 3753/4766/5066 3733/4865/5169 3734/4867/5171
f 3755/4762/5062 3754/4764/5064 3734/4867/5171 3735/4869/5173
f 3736/4760/5060 3755/4762/5062 3735/4869/5173 3716/4834/5136
s 2
f 3757/4577/4814 3756/4559/4778 3776/4871/5175 3777/4872/5176
f 3758/4576/4812 3757/4577/4814 3777/4872/5176 3778/4873/5177
f 3759/4575/4810 3758/4576/4812 3778/4873/5177 3779/4874/5178
f 3760/4574/4808 3759/4575/4810 3779/4874/5178 3780/4875/5179
f 3761/4573/4806 3760/4574/4808 3780/4875/5179 3781/4876/5180
f 3762/4572/4804 3761/4573/4806 3781/4876/5180 3782/4877/5181
f 3763/4571/4802 3762/4572/4804 3782/4877/5181 3783/4878/5182
f 3764/4570/4800 3763/4571/4802 3783/4878/5182 3784/4879/5183
f 3765/4569/4798 3764/4570/4800 3784/4879/5183 3785/4880/5184
f 3766/4568/4796 3765/4569/4798 3785/4880/5184 3786/4881/5185
f 3767/4567/4794 3766/4568/4796 3786/4881/5185 3787/4882/5186
f 3768/4566/4792 3767/4567/4794 3787/4882/5186 3788/4883/5187
f 3769/4565/4790 3768/4566/4792 3788/4883/5187 3789/4884/5188
f 3770/4564/4788 3769/4565/4790 3789/4884/5188 3790/4885/5189
f 3771/4563/4786 3770/4564/4788 3790/4885/5189 3791/4886/5190
f 3772/4562/4784 3771/4563/4786 3791/4886/5190 3792/4887/5191
f 3773/4561/4782 3772/4562/4784 3792/4887/5191 3793/4888/5192
f 3774/4560/4780 3773/4561/4782 3793/4888/5192 3794/4889/5193
f 3775/4558/4777 3774/4560/4780 3794/4889/5193 3795/4890/5194
f 3756/4559/4778 3775/4558/4777 3795/4890/5194 3776/4871/5175
f 3777/4872/5176 3776/4871/5175 3517/4618/5195 3535/4656/5196
f 3778/4873/5177 3777/4872/5176 3535/4656/5196 3534/4654/5197
f 3779/4874/5178 3778/4873/5177 3534/4654/5197 3533/4652/5198
f 3780/4875/5179 3779/4874/5178 3533/4652/5198 3532/4650/5199
f 3781/4876/5180 3780/4875/5179 3532/4650/5199 3531/4648/5200
f 3782/4877/5181 3781/4876/5180 3531/4648/5200 3530/4646/5201
f 3783/4878/5182 3782/4877/5181 3530/4646/5201 3529/4644/5202
f 3784/4879/5183 3783/4878/5182 3529/4644/5202 3528/4642/5203
f 3785/4880/5184 3784/4879/5183 3528/4642/5203 3527/4640/5204
f 3786/4881/5185 3785/4880/5184 3527/4640/5204 3526/4638/5205
f 3787/4882/5186 3786/4881/5185 3526/4638/5205 3525/4636/5206
f 3788/4883/5187 3787/4882/5186 3525/4636/5206 3524/4634/5207
f 3789/4884/5188 3788/4883/5187 3524/4634/5207 3523/4632/5208
f 3790/4885/5189 3789/4884/5188 3523/4632/5208 3522/4630/5209
f 3791/4886/5190 3790/4885/5189 3522/4630/5209 3521/4628/5210
f 3792/4887/5191 3791/4886/5190 3521/4628/5210 3520/4626/5211
f 3793/4888/5192 3792/4887/5191 3520/4626/5211 3519/4624/5212
f 3794/4889/5193 3793/4888/5192 3519/4624/5212 3518/4622/5213
f 3795/4890/5194 3794/4889/5193 3518/4622/5213 3516/4619/5214
f 3776/4871/5175 3795/4890/5194 3516/4619/5214 3517/4618/5195
s 1
f 3797/4537/4732 3796/5188/4734 3515/5190/5215 3514/4911/5216
f 3798/4536/4730 3797/4537/4732 3514/4911/5216 3513/4912/5217
f 3799/4534/4728 3798/4536/4730 3513/4912/5217 3512/4913/5218
f 3800/4532/4726 3799/4534/4728 3512/4913/5218 3511/4914/5219
f 3801/4530/4724 3800/4532/4726 3511/4914/5219 3510/4915/5220
f 3802/4528/4722 3801/4530/4724 3510/4915/5220 3509/4916/5221
f 3803/4526/4720 3802/4528/4722 3509/4916/5221 3508/4917/5222
f 3804/4524/4718 3803/4526/4720 3508/4917/5222 3507/4918/5223
f 3805/4522/4716 3804/4524/4718 3507/4918/5223 3506/4919/5224
f 3806/4520/4714 3805/4522/4716 3506/4919/5224 3505/4920/5225
f 3807/4516/4712 3806/4520/4714 3505/4920/5225 3504/4921/5226
f 3808/4512/4710 3807/4516/4712 3504/4921/5226 3503/4922/5227
f 3809/4508/4708 3808/4512/4710 3503/4922/5227 3502/4923/5228
f 3810/4504/4706 3809/4508/4708 3502/4923/5228 3501/4924/5229
f 3811/4500/4704 3810/4504/4706 3501/4924/5229 3500/4925/5230
f 3812/4496/4702 3811/4500/4704 3500/4925/5230 3499/4926/5231
f 3813/4492/4700 3812/4496/4702 3499/4926/5231 3498/4927/5232
f 3814/4486/4697 3813/4492/4700 3498/4927/5232 3497/4928/5233
f 3815/4488/4698 3814/4486/4697 3497/4928/5233 3496/4929/5234
f 3796/5188/4734 3815/5169/4698 3496/5189/5234 3515/5190/5215
s 3
f 3817/4615/4852 3816/4617/4854 3836/4891/5235 3837/4892/5236
f 3818/4613/4850 3817/4615/4852 3837/4892/5236 3838/4893/5237
f 3819/4611/4848 3818/4613/4850 3838/4893/5237 3839/4894/5238
f 3820/4609/4846 3819/4611/4848 3839/4894/5238 3840/4895/5239
f 3821/4607/4844 3820/4609/4846 3840/4895/5239 3841/4896/5240
f 3822/4605/4842 3821/4607/4844 3841/4896/5240 3842/4897/5241
f 3823/4603/4840 3822/4605/4842 3842/4897/5241 3843/4898/5242
f 3824/4601/4838 3823/4603/4840 3843/4898/5242 3844/4899/5243
f 3825/4599/4836 3824/4601/4838 3844/4899/5243 3845/4900/5244
f 3826/4597/4834 3825/4599/4836 3845/4900/5244 3846/4901/5245
f 3827/4595/4832 3826/4597/4834 3846/4901/5245 3847/4902/5246
f 3828/4593/4830 3827/4595/4832 3847/4902/5246 3848/4903/5247
f 3829/4591/4828 3828/4593/4830 3848/4903/5247 3849/4904/5248
f 3830/4589/4826 3829/4591/4828 3849/4904/5248 3850/4905/5249
f 3831/4587/4824 3830/4589/4826 3850/4905/5249 3851/4906/5250
f 3832/4585/4822 3831/4587/4824 3851/4906/5250 3852/4907/5251
f 3833/4583/4820 3832/4585/4822 3852/4907/5251 3853/4908/5252
f 3834/4580/4817 3833/4583/4820 3853/4908/5252 3854/4909/5253
f 3835/4581/4818 3834/4580/4817 3854/4909/5253 3855/4910/5254
f 3816/4617/4854 3835/4581/4818 3855/4910/5254 3836/4891/5235
f 3837/4892/5236 3836/4891/5235 3555/4695/5255 3554/4694/5256
f 3838/4893/5237 3837/4892/5236 3554/4694/5256 3553/4692/5257
f 3839/4894/5238 3838/4893/5237 3553/4692/5257 3552/4690/5258
f 3840/4895/5239 3839/4894/5238 3552/4690/5258 3551/4688/5259
f 3841/4896/5240 3840/4895/5239 3551/4688/5259 3550/4686/5260
f 3842/4897/5241 3841/4896/5240 3550/4686/5260 3549/4684/5261
f 3843/4898/5242 3842/4897/5241 3549/4684/5261 3548/4682/5262
f 3844/4899/5243 3843/4898/5242 3548/4682/5262 3547/4680/5263
f 3845/4900/5244 3844/4899/5243 3547/4680/5263 3546/4678/5264
f 3846/4901/5245 3845/4900/5244 3546/4678/5264 3545/4676/5265
f 3847/4902/5246 3846/4901/5245 3545/4676/5265 3544/4674/5266
f 3848/4903/5247 3847/4902/5246 3544/4674/5266 3543/4672/5267
f 3849/4904/5248 3848/4903/5247 3543/4672/5267 3542/4670/5268
f 3850/4905/5249 3849/4904/5248 3542/4670/5268 3541/4668/5269
f 3851/4906/5250 3850/4905/5249 3541/4668/5269 3540/4666/5270
f 3852/4907/5251 3851/4906/5250 3540/4666/5270 3539/4664/5271
f 3853/4908/5252 3852/4907/5251 3539/4664/5271 3538/4662/5272
f 3854/4909/5253 3853/4908/5252 3538/4662/5272 3537/4659/5273
f 3855/4910/5254 3854/4909/5253 3537/4659/5273 3536/4658/5274
f 3836/4891/5235 3855/4910/5254 3536/4658/5274 3555/4695/5255
s 4
f 3857/4542/4858 3856/4541/4857 3876/4950/5275 3877/4951/5276
f 3858/4616/4894 3857/4542/4858 3877/4951/5276 3878/4952/5277
f 3859/4612/4892 3858/4616/4894 3878/4952/5277 3879/4953/5278
f 3860/4608/4890 3859/4612/4892 3879/4953/5278 3880/4954/5279
f 3861/4604/4888 3860/4608/4890 3880/4954/5279 3881/4955/5280
f 3862/4600/4886 3861/4604/4888 3881/4955/5280 3882/4956/5281
f 3863/4596/4884 3862/4600/4886 3882/4956/5281 3883/4957/5282
f 3864/4592/4882 3863/4596/4884 3883/4957/5282 3884/4958/5283
f 3865/4588/4880 3864/4592/4882 3884/4958/5283 3885/4959/5284
f 3866/4584/4878 3865/4588/4880 3885/4959/5284 3886/4960/5285
f 3867/4579/4876 3866/4584/4878 3886/4960/5285 3887/4961/5286
f 3868/4557/4874 3867/4579/4876 3887/4961/5286 3888/4962/5287
f 3869/4555/4872 3868/4557/4874 3888/4962/5287 3889/4963/5288
f 3870/4553/4870 3869/4555/4872 3889/4963/5288 3890/4964/5289
f 3871/4551/4868 3870/4553/4870 3890/4964/5289 3891/4965/5290
f 3872/4549/4866 3871/4551/4868 3891/4965/5290 3892/4966/5291
f 3873/4547/4864 3872/4549/4866 3892/4966/5291 3893/4967/5292
f 3874/4545/4862 3873/4547/4864 3893/4967/5292 3894/4968/5293
f 3875/5172/4860 3874/4545/4862 3894/4968/5293 3895/5192/5294
f 3856/5191/4857 3875/5172/4860 3895/5192/5294 3876/5193/5275
f 3877/4951/5276 3876/4950/5275 3556/4969/5295 3557/4970/5296
f 3878/4952/5277 3877/4951/5276 3557/4970/5296 3575/4971/5297
f 3879/4953/5278 3878/4952/5277 3575/4971/5297 3574/4972/5298
f 3880/4954/5279 3879/4953/5278 3574/4972/5298 3573/4973/5299
f 3881/4955/5280 3880/4954/5279 3573/4973/5299 3572/4974/5300
f 3882/4956/5281 3881/4955/5280 3572/4974/5300 3571/4975/5301
f 3883/4957/5282 3882/4956/5281 3571/4975/5301 3570/4976/5302
f 3884/4958/5283 3883/4957/5282 3570/4976/5302 3569/4977/5303
f 3885/4959/5284 3884/4958/5283 3569/4977/5303 3568/4978/5304
f 3886/4960/5285 3885/4959/5284 3568/4978/5304 3567/4979/5305
f 3887/4961/5286 3886/4960/5285 3567/4979/5305 3566/4980/5306
f 3888/4962/5287 3887/4961/5286 3566/4980/5306 3565/4981/5307
f 3889/4963/5288 3888/4962/5287 3565/4981/5307 3564/4982/5308
f 3890/4964/5289 3889/4963/5288 3564/4982/5308 3563/4983/5309
f 3891/4965/5290 3890/4964/5289 3563/4983/5309 3562/4984/5310
f 3892/4966/5291 3891/4965/5290 3562/4984/5310 3561/4985/5311
f 3893/4967/5292 3892/4966/5291 3561/4985/5311 3560/4986/5312
f 3894/4968/5293 3893/4967/5292 3560/4986/5312 3559/4987/5313
f 3895/5192/5294 3894/4968/5293 3559/4987/5313 3558/4988/5314
f 3876/5193/5275 3895/5192/5294 3558/4988/5314 3556/5194/5295
s 6
f 3897/5089/5315 3896/5090/5316 3597/4697/5317 3615/4753/5318
f 3898/5091/5319 3897/5089/5315 3615/4753/5318 3614/4751/5320
f 3899/5092/5321 3898/5091/5319 3614/4751/5320 3613/4749/5322
f 3900/5093/5323 3899/5092/5321 3613/4749/5322 3612/4747/5324
f 3901/5094/5325 3900/5093/5323 3612/4747/5324 3611/4745/5326
f 3902/5095/5327 3901/5094/5325 3611/4745/5326 3610/4743/5328
f 3903/5096/5329 3902/5095/5327 3610/4743/5328 3609/4741/5330
f 3904/5097/5331 3903/5096/5329 3609/4741/5330 3608/4739/5332
f 3905/5098/5333 3904/5097/5331 3608/4739/5332 3607/4737/5334
f 3906/5195/5335 3905/5196/5333 3607/5178/5334 3606/5197/5336
f 3907/5099/5337 3906/5195/5335 3606/5197/5336 3605/4732/5338
f 3908/5100/5339 3907/5099/5337 3605/4732/5338 3604/4728/5340
f 3909/5101/5341 3908/5100/5339 3604/4728/5340 3603/4724/5342
f 3910/5102/5343 3909/5101/5341 3603/4724/5342 3602/4720/5344
f 3911/5103/5345 3910/5102/5343 3602/4720/5344 3601/4716/5346
f 3912/5104/5347 3911/5103/5345 3601/4716/5346 3600/4712/5348
f 3913/5105/5349 3912/5104/5347 3600/4712/5348 3599/4708/5350
f 3914/5106/5351 3913/5105/5349 3599/4708/5350 3598/4705/5352
f 3915/5198/5353 3914/5106/5351 3598/4705/5352 3596/5199/5354
f 3896/5090/5316 3915/5107/5353 3596/4698/5354 3597/4697/5317
f 3917/4735/4974 3916/4700/4938 3896/4931/5316 3897/4930/5315
f 3918/4733/4972 3917/4735/4974 3897/4930/5315 3898/4932/5319
f 3919/4731/4970 3918/4733/4972 3898/4932/5319 3899/4933/5321
f 3920/4729/4968 3919/4731/4970 3899/4933/5321 3900/4934/5323
f 3921/4727/4966 3920/4729/4968 3900/4934/5323 3901/4935/5325
f 3922/4725/4964 3921/4727/4966 3901/4935/5325 3902/4936/5327
f 3923/4723/4962 3922/4725/4964 3902/4936/5327 3903/4937/5329
f 3924/4721/4960 3923/4723/4962 3903/4937/5329 3904/4938/5331
f 3925/4719/4958 3924/4721/4960 3904/4938/5331 3905/4939/5333
f 3926/4717/4956 3925/4719/4958 3905/4939/5333 3906/4940/5335
f 3927/4715/4954 3926/4717/4956 3906/4940/5335 3907/4941/5337
f 3928/4713/4952 3927/4715/4954 3907/4941/5337 3908/4942/5339
f 3929/4711/4950 3928/4713/4952 3908/4942/5339 3909/4943/5341
f 3930/4709/4948 3929/4711/4950 3909/4943/5341 3910/4944/5343
f 3931/4707/4946 3930/4709/4948 3910/4944/5343 3911/4945/5345
f 3932/4706/4944 3931/4707/4946 3911/4945/5345 3912/4946/5347
f 3933/4704/4942 3932/4706/4944 3912/4946/5347 3913/4947/5349
f 3934/4702/4940 3933/4704/4942 3913/4947/5349 3914/4948/5351
f 3935/4699/4937 3934/4702/4940 3914/4948/5351 3915/4949/5353
f 3916/4700/4938 3935/4699/4937 3915/4949/5353 3896/4931/5316
s 8
f 3937/5108/5355 3936/5109/5356 3653/5110/5357 3652/5111/5358
f 3938/5112/5359 3937/5108/5355 3652/5111/5358 3651/5113/5360
f 3939/5114/5361 3938/5112/5359 3651/5113/5360 3650/5115/5362
f 3940/5116/5363 3939/5114/5361 3650/5115/5362 3649/5117/5364
f 3941/5118/5365 3940/5116/5363 3649/5117/5364 3648/5119/5366
f 3942/5120/5367 3941/5118/5365 3648/5119/5366 3647/5121/5368
f 3943/5122/5369 3942/5120/5367 3647/5121/5368 3646/5123/5370
f 3944/5124/5371 3943/5122/5369 3646/5123/5370 3645/5125/5372
f 3945/5126/5373 3944/5124/5371 3645/5125/5372 3644/5127/5374
f 3946/5148/5375 3945/5126/5373 3644/5127/5374 3643/5149/5376
f 3947/5150/5377 3946/5148/5375 3643/5149/5376 3642/5151/5378
f 3948/5152/5379 3947/5150/5377 3642/5151/5378 3641/5153/5380
f 3949/5154/5381 3948/5152/5379 3641/5153/5380 3640/5155/5382
f 3950/5156/5383 3949/5154/5381 3640/5155/5382 3639/5157/5384
f 3951/5158/5385 3950/5156/5383 3639/5157/5384 3638/5159/5386
f 3952/5203/5387 3951/5158/5385 3638/5159/5386 3636/5200/5388
f 3953/5162/5389 3952/5160/5387 3636/5161/5388 3637/5163/5390
f 3954/5164/5391 3953/5162/5389 3637/5163/5390 3655/5165/5392
f 3955/5166/5393 3954/5164/5391 3655/5165/5392 3654/5167/5394
f 3936/5109/5356 3955/5166/5393 3654/5167/5394 3653/5110/5357
f 3957/4748/5048 3956/4750/5050 3936/5109/5356 3937/5108/5355
f 3958/4746/5046 3957/4748/5048 3937/5108/5355 3938/5112/5359
f 3959/4744/5044 3958/4746/5046 3938/5112/5359 3939/5114/5361
f 3960/4742/5042 3959/4744/5044 3939/5114/5361 3940/5116/5363
f 3961/4740/5040 3960/4742/5042 3940/5116/5363 3941/5118/5365
f 3962/4738/5038 3961/4740/5040 3941/5118/5365 3942/5120/5367
f 3963/4736/5036 3962/5179/5038 3942/5201/5367 3943/5202/5369
f 3964/4734/5034 3963/4736/5036 3943/5122/5369 3944/5124/5371
f 3965/4730/5032 3964/4734/5034 3944/5124/5371 3945/5126/5373
f 3966/4726/5030 3965/4730/5032 3945/5126/5373 3946/5148/5375
f 3967/4722/5028 3966/4726/5030 3946/5148/5375 3947/5150/5377
f 3968/4718/5026 3967/4722/5028 3947/5150/5377 3948/5152/5379
f 3969/4714/5024 3968/4718/5026 3948/5152/5379 3949/5154/5381
f 3970/4710/5022 3969/4714/5024 3949/5154/5381 3950/5156/5383
f 3971/5176/5020 3970/4710/5022 3950/5156/5383 3951/5158/5385
f 3972/5177/5017 3971/5176/5020 3951/5158/5385 3952/5203/5387
f 3973/4703/5018 3972/4701/5017 3952/5160/5387 3953/5162/5389
f 3974/4754/5054 3973/4703/5018 3953/5162/5389 3954/5164/5391
f 3975/4752/5052 3974/4754/5054 3954/5164/5391 3955/5166/5393
f 3956/4750/5050 3975/4752/5052 3955/5166/5393 3936/5109/5356
s 10
f 3976//5395 3977//5396 4314//5397 4315//5398
f 3977//5396 3978//5399 4313//5400 4314//5397
f 3978//5399 3979//5401 4312//5402 4313//5400
f 3979//5401 3980//5403 4311//5404 4312//5402
f 3980//5403 3981//5405 4310//5406 4311//5404
f 3981//5405 3982//5407 4309//5408 4310//5406
f 3982//5407 3983//5409 4308//5410 4309//5408
f 3983//5409 3984//5411 4307//5412 4308//5410
f 3984//5411 3985//5413 4306//5414 4307//5412
f 3985//5413 3986//5415 4305//5416 4306//5414
f 3986//5415 3987//5417 4304//5418 4305//5416
f 3987//5417 3988//5419 4303//5420 4304//5418
f 3988//5419 3989//5421 4302//5422 4303//5420
f 3989//5421 3990//5423 4301//5424 4302//5422
f 3990//5423 3991//5425 4300//5426 4301//5424
f 3991//5425 3992//5427 4299//5428 4300//5426
f 3992//5427 3993//5429 4298//5430 4299//5428
f 3993//5429 3994//5431 4297//5432 4298//5430
f 3994//5431 3995//5433 4296//5434 4297//5432
f 3995//5433 3976//5395 4315//5398 4296//5434
s off
f 4137//5435 4136//5436 4138//5437 4139//5438 4140//5439 4141//5440 4142//5441 4143//5442 4144//5443 4145//5444 4146//5445 4147//5446 4148//5447 4149//5448 4150//5449 4151//5450 4152//5451 4153//5452 4154//5453 4155//5454
f 4156//5455 4157//5456 4158//5457 4159//5458 4160//5459 4161//5460 4162//5461 4163//5462 4164//5463 4165//5464 4166//5465 4167//5466 4168//5467 4169//5468 4170//5469 4171//5470 4172//5471 4173//5472 4174//5473 4175//5474
s 11
f 3976//5475 3995//5476 4275//5477 4256//5478
f 3995//5476 3994//5479 4274//5480 4275//5477
f 3994//5479 3993//5481 4273//5482 4274//5480
f 3993//5481 3992//5483 4272//5484 4273//5482
f 3992//5483 3991//5485 4271//5486 4272//5484
f 3991//5485 3990//5487 4270//5488 4271//5486
f 3990//5487 3989//5489 4269//5490 4270//5488
f 3989//5489 3988//5491 4268//5492 4269//5490
f 3988//5491 3987//5493 4267//5494 4268//5492
f 3987//5493 3986//5495 4266//5496 4267//5494
f 3986//5495 3985//5497 4265//5498 4266//5496
f 3985//5497 3984//5499 4264//5500 4265//5498
f 3984//5499 3983//5501 4263//5502 4264//5500
f 3983//5501 3982//5503 4262//5504 4263//5502
f 3982//5503 3981//5505 4261//5506 4262//5504
f 3981//5505 3980//5507 4260//5508 4261//5506
f 3980//5507 3979//5509 4259//5510 4260//5508
f 3979//5509 3978//5511 4258//5512 4259//5510
f 3978//5511 3977//5513 4257//5514 4258//5512
f 3977//5513 3976//5475 4256//5478 4257//5514
s 12
f 3996//5515 3997//5516 4334//5517 4335//5518
f 3997//5516 3998//5519 4333//5520 4334//5517
f 3998//5519 3999//5521 4332//5522 4333//5520
f 3999//5521 4000//5523 4331//5524 4332//5522
f 4000//5523 4001//5525 4330//5526 4331//5524
f 4001//5525 4002//5527 4329//5528 4330//5526
f 4002//5527 4003//5529 4328//5530 4329//5528
f 4003//5529 4004//5531 4327//5532 4328//5530
f 4004//5531 4005//5533 4326//5534 4327//5532
f 4005//5533 4006//5535 4325//5536 4326//5534
f 4006//5535 4007//5537 4324//5538 4325//5536
f 4007//5537 4008//5539 4323//5540 4324//5538
f 4008//5539 4009//5541 4322//5542 4323//5540
f 4009//5541 4010//5543 4321//5544 4322//5542
f 4010//5543 4011//5545 4320//5546 4321//5544
f 4011//5545 4012//5547 4319//5548 4320//5546
f 4012//5547 4013//5549 4318//5550 4319//5548
f 4013//5549 4014//5551 4317//5552 4318//5550
f 4014//5551 4015//5553 4316//5554 4317//5552
f 4015//5553 3996//5515 4335//5518 4316//5554
s 13
f 4017//5555 4016//5556 4356//5557 4357//5558
f 4016//5556 4018//5559 4375//5560 4356//5557
f 4018//5559 4019//5561 4374//5562 4375//5560
f 4019//5561 4020//5563 4373//5564 4374//5562
f 4020//5563 4021//5565 4372//5566 4373//5564
f 4021//5565 4022//5567 4371//5568 4372//5566
f 4022//5567 4023//5569 4370//5570 4371//5568
f 4023//5569 4024//5571 4369//5572 4370//5570
f 4024//5571 4025//5573 4368//5574 4369//5572
f 4025//5573 4026//5575 4367//5576 4368//5574
f 4026//5575 4027//5577 4366//5578 4367//5576
f 4027//5577 4028//5579 4365//5580 4366//5578
f 4028//5579 4029//5581 4364//5582 4365//5580
f 4029//5581 4030//5583 4363//5584 4364//5582
f 4030//5583 4031//5585 4362//5586 4363//5584
f 4031//5585 4032//5587 4361//5588 4362//5586
f 4032//5587 4033//5589 4360//5590 4361//5588
f 4033//5589 4034//5591 4359//5592 4360//5590
f 4034//5591 4035//5593 4358//5594 4359//5592
f 4035//5593 4017//5555 4357//5558 4358//5594
s 14
f 4036//5595 4037//5596 4213//5597 4214//5598
f 4037//5596 4038//5599 4212//5600 4213//5597
f 4038//5599 4039//5601 4211//5602 4212//5600
f 4039//5601 4040//5603 4210//5604 4211//5602
f 4040//5603 4041//5605 4209//5606 4210//5604
f 4041//5605 4042//5607 4208//5608 4209//5606
f 4042//5607 4043//5609 4207//5610 4208//5608
f 4043//5609 4044//5611 4206//5612 4207//5610
f 4044//5611 4045//5613 4205//5614 4206//5612
f 4045//5613 4046//5615 4204//5616 4205//5614
f 4046//5615 4047//5617 4203//5618 4204//5616
f 4047//5617 4048//5619 4202//5620 4203//5618
f 4048//5619 4049//5621 4201//5622 4202//5620
f 4049//5621 4050//5623 4200//5624 4201//5622
f 4050//5623 4051//5625 4199//5626 4200//5624
f 4051//5625 4052//5627 4198//5628 4199//5626
f 4052//5627 4053//5629 4197//5630 4198//5628
f 4053//5629 4054//5631 4196//5632 4197//5630
f 4054//5631 4055//5633 4215//5634 4196//5632
f 4055//5633 4036//5595 4214//5598 4215//5634
s 15
f 4057//5635 4056//5636 4435//5637 4416//5638
f 4056//5636 4058//5639 4434//5640 4435//5637
f 4058//5639 4059//5641 4433//5642 4434//5640
f 4059//5641 4060//5643 4432//5644 4433//5642
f 4060//5643 4061//5645 4431//5646 4432//5644
f 4061//5645 4062//5647 4430//5648 4431//5646
f 4062//5647 4063//5649 4429//5650 4430//5648
f 4063//5649 4064//5651 4428//5652 4429//5650
f 4064//5651 4065//5653 4427//5654 4428//5652
f 4065//5653 4066//5655 4426//5656 4427//5654
f 4066//5655 4067//5657 4425//5658 4426//5656
f 4067//5657 4068//5659 4424//5660 4425//5658
f 4068//5659 4069//5661 4423//5662 4424//5660
f 4069//5661 4070//5663 4422//5664 4423//5662
f 4070//5663 4071//5665 4421//5666 4422//5664
f 4071//5665 4072//5667 4420//5668 4421//5666
f 4072//5667 4073//5669 4419//5670 4420//5668
f 4073//5669 4074//5671 4418//5672 4419//5670
f 4074//5671 4075//5673 4417//5674 4418//5672
f 4075//5673 4057//5635 4416//5638 4417//5674
s 16
f 4076//5675 4077//5676 4117//5677 4116//5678
f 4077//5676 4078//5679 4118//5680 4117//5677
f 4078//5679 4079//5681 4119//5682 4118//5680
f 4079//5681 4080//5683 4120//5684 4119//5682
f 4080//5683 4081//5685 4121//5686 4120//5684
f 4081//5685 4082//5687 4122//5688 4121//5686
f 4082//5687 4083//5689 4123//5690 4122//5688
f 4083//5689 4084//5691 4124//5692 4123//5690
f 4084//5691 4085//5693 4125//5694 4124//5692
f 4085//5693 4086//5695 4126//5696 4125//5694
f 4086//5695 4087//5697 4127//5698 4126//5696
f 4087//5697 4088//5699 4128//5700 4127//5698
f 4088//5699 4089//5701 4129//5702 4128//5700
f 4089//5701 4090//5703 4130//5704 4129//5702
f 4090//5703 4091//5705 4131//5706 4130//5704
f 4091//5705 4092//5707 4132//5708 4131//5706
f 4092//5707 4093//5709 4133//5710 4132//5708
f 4093//5709 4094//5711 4134//5712 4133//5710
f 4094//5711 4095//5713 4135//5714 4134//5712
f 4095//5713 4076//5675 4116//5678 4135//5714
s 17
f 4097//5715 4096//5716 4472//5717 4473//5718
f 4096//5716 4098//5719 4471//5720 4472//5717
f 4098//5719 4099//5721 4470//5722 4471//5720
f 4099//5721 4100//5723 4469//5724 4470//5722
f 4100//5723 4101//5725 4468//5726 4469//5724
f 4101//5725 4102//5727 4467//5728 4468//5726
f 4102//5727 4103//5729 4466//5730 4467//5728
f 4103//5729 4104//5731 4465//5732 4466//5730
f 4104//5731 4105//5733 4464//5734 4465//5732
f 4105//5733 4106//5735 4463//5736 4464//5734
f 4106//5735 4107//5737 4462//5738 4463//5736
f 4107//5737 4108//5739 4461//5740 4462//5738
f 4108//5739 4109//5741 4460//5742 4461//5740
f 4109//5741 4110//5743 4459//5744 4460//5742
f 4110//5743 4111//5745 4458//5746 4459//5744
f 4111//5745 4112//5747 4457//5748 4458//5746
f 4112//5747 4113//5749 4456//5750 4457//5748
f 4113//5749 4114//5751 4475//5752 4456//5750
f 4114//5751 4115//5753 4474//5754 4475//5752
f 4115//5753 4097//5715 4473//5718 4474//5754
s 18
f 4116//5755 4117//5756 4237//5757 4238//5758
f 4117//5756 4118//5759 4236//5760 4237//5757
f 4118//5759 4119//5761 4255//5762 4236//5760
f 4119//5761 4120//5763 4254//5764 4255//5762
f 4120//5763 4121//5765 4253//5766 4254//5764
f 4121//5765 4122//5767 4252//5768 4253//5766
f 4122//5767 4123//5769 4251//5770 4252//5768
f 4123//5769 4124//5771 4250//5772 4251//5770
f 4124//5771 4125//5773 4249//5774 4250//5772
f 4125//5773 4126//5775 4248//5776 4249//5774
f 4126//5775 4127//5777 4247//5778 4248//5776
f 4127//5777 4128//5779 4246//5780 4247//5778
f 4128//5779 4129//5781 4245//5782 4246//5780
f 4129//5781 4130//5783 4244//5784 4245//5782
f 4130//5783 4131//5785 4243//5786 4244//5784
f 4131//5785 4132//5787 4242//5788 4243//5786
f 4132//5787 4133//5789 4241//5790 4242//5788
f 4133//5789 4134//5791 4240//5792 4241//5790
f 4134//5791 4135//5793 4239//5794 4240//5792
f 4135//5793 4116//5755 4238//5758 4239//5794
s 14
f 4177//5795 4176//5796 4094//5797 4093//5798
f 4178//5799 4177//5795 4093//5798 4092//5800
f 4179//5801 4178//5799 4092//5800 4091//5802
f 4180//5803 4179//5801 4091//5802 4090//5804
f 4181//5805 4180//5803 4090//5804 4089//5806
f 4182//5807 4181//5805 4089//5806 4088//5808
f 4183//5809 4182//5807 4088//5808 4087//5810
f 4184//5811 4183//5809 4087//5810 4086//5812
f 4185//5813 4184//5811 4086//5812 4085//5814
f 4186//5815 4185//5813 4085//5814 4084//5816
f 4187//5817 4186//5815 4084//5816 4083//5818
f 4188//5819 4187//5817 4083//5818 4082//5820
f 4189//5821 4188//5819 4082//5820 4081//5822
f 4190//5823 4189//5821 4081//5822 4080//5824
f 4191//5825 4190//5823 4080//5824 4079//5826
f 4192//5827 4191//5825 4079//5826 4078//5828
f 4193//5829 4192//5827 4078//5828 4077//5830
f 4194//5831 4193//5829 4077//5830 4076//5832
f 4195//5833 4194//5831 4076//5832 4095//5834
f 4176//5796 4195//5833 4095//5834 4094//5797
f 4197//5630 4196//5632 4176//5796 4177//5795
f 4198//5628 4197//5630 4177//5795 4178//5799
f 4199//5626 4198//5628 4178//5799 4179//5801
f 4200//5624 4199//5626 4179//5801 4180//5803
f 4201//5622 4200//5624 4180//5803 4181//5805
f 4202//5620 4201//5622 4181//5805 4182//5807
f 4203//5618 4202//5620 4182//5807 4183//5809
f 4204//5616 4203//5618 4183//5809 4184//5811
f 4205//5614 4204//5616 4184//5811 4185//5813
f 4206//5612 4205//5614 4185//5813 4186//5815
f 4207//5610 4206//5612 4186//5815 4187//5817
f 4208//5608 4207//5610 4187//5817 4188//5819
f 4209//5606 4208//5608 4188//5819 4189//5821
f 4210//5604 4209//5606 4189//5821 4190//5823
f 4211//5602 4210//5604 4190//5823 4191//5825
f 4212//5600 4211//5602 4191//5825 4192//5827
f 4213//5597 4212//5600 4192//5827 4193//5829
f 4214//5598 4213//5597 4193//5829 4194//5831
f 4215//5634 4214//5598 4194//5831 4195//5833
f 4196//5632 4215//5634 4195//5833 4176//5796
s 18
f 4217//5835 4216//5836 4158//5837 4157//5838
f 4218//5839 4217//5835 4157//5838 4156//5840
f 4219//5841 4218//5839 4156//5840 4175//5842
f 4220//5843 4219//5841 4175//5842 4174//5844
f 4221//5845 4220//5843 4174//5844 4173//5846
f 4222//5847 4221//5845 4173//5846 4172//5848
f 4223//5849 4222//5847 4172//5848 4171//5850
f 4224//5851 4223//5849 4171//5850 4170//5852
f 4225//5853 4224//5851 4170//5852 4169//5854
f 4226//5855 4225//5853 4169//5854 4168//5856
f 4227//5857 4226//5855 4168//5856 4167//5858
f 4228//5859 4227//5857 4167//5858 4166//5860
f 4229//5861 4228//5859 4166//5860 4165//5862
f 4230//5863 4229//5861 4165//5862 4164//5864
f 4231//5865 4230//5863 4164//5864 4163//5866
f 4232//5867 4231//5865 4163//5866 4162//5868
f 4233//5869 4232//5867 4162//5868 4161//5870
f 4234//5871 4233//5869 4161//5870 4160//5872
f 4235//5873 4234//5871 4160//5872 4159//5874
f 4216//5836 4235//5873 4159//5874 4158//5837
f 4237//5757 4236//5760 4216//5836 4217//5835
f 4238//5758 4237//5757 4217//5835 4218//5839
f 4239//5794 4238//5758 4218//5839 4219//5841
f 4240//5792 4239//5794 4219//5841 4220//5843
f 4241//5790 4240//5792 4220//5843 4221//5845
f 4242//5788 4241//5790 4221//5845 4222//5847
f 4243//5786 4242//5788 4222//5847 4223//5849
f 4244//5784 4243//5786 4223//5849 4224//5851
f 4245//5782 4244//5784 4224//5851 4225//5853
f 4246//5780 4245//5782 4225//5853 4226//5855
f 4247//5778 4246//5780 4226//5855 4227//5857
f 4248//5776 4247//5778 4227//5857 4228//5859
f 4249//5774 4248//5776 4228//5859 4229//5861
f 4250//5772 4249//5774 4229//5861 4230//5863
f 4251//5770 4250//5772 4230//5863 4231//5865
f 4252//5768 4251//5770 4231//5865 4232//5867
f 4253//5766 4252//5768 4232//5867 4233//5869
f 4254//5764 4253//5766 4233//5869 4234//5871
f 4255//5762 4254//5764 4234//5871 4235//5873
f 4236//5760 4255//5762 4235//5873 4216//5836
s 11
f 4257//5514 4256//5478 4276//5875 4277//5876
f 4258//5512 4257//5514 4277//5876 4278//5877
f 4259//5510 4258//5512 4278//5877 4279//5878
f 4260//5508 4259//5510 4279//5878 4280//5879
f 4261//5506 4260//5508 4280//5879 4281//5880
f 4262//5504 4261//5506 4281//5880 4282//5881
f 4263//5502 4262//5504 4282//5881 4283//5882
f 4264//5500 4263//5502 4283//5882 4284//5883
f 4265//5498 4264//5500 4284//5883 4285//5884
f 4266//5496 4265//5498 4285//5884 4286//5885
f 4267//5494 4266//5496 4286//5885 4287//5886
f 4268//5492 4267//5494 4287//5886 4288//5887
f 4269//5490 4268//5492 4288//5887 4289//5888
f 4270//5488 4269//5490 4289//5888 4290//5889
f 4271//5486 4270//5488 4290//5889 4291//5890
f 4272//5484 4271//5486 4291//5890 4292//5891
f 4273//5482 4272//5484 4292//5891 4293//5892
f 4274//5480 4273//5482 4293//5892 4294//5893
f 4275//5477 4274//5480 4294//5893 4295//5894
f 4256//5478 4275//5477 4295//5894 4276//5875
f 4277//5876 4276//5875 4017//5895 4035//5896
f 4278//5877 4277//5876 4035//5896 4034//5897
f 4279//5878 4278//5877 4034//5897 4033//5898
f 4280//5879 4279//5878 4033//5898 4032//5899
f 4281//5880 4280//5879 4032//5899 4031//5900
f 4282//5881 4281//5880 4031//5900 4030//5901
f 4283//5882 4282//5881 4030//5901 4029//5902
f 4284//5883 4283//5882 4029//5902 4028//5903
f 4285//5884 4284//5883 4028//5903 4027//5904
f 4286//5885 4285//5884 4027//5904 4026//5905
f 4287//5886 4286//5885 4026//5905 4025//5906
f 4288//5887 4287//5886 4025//5906 4024//5907
f 4289//5888 4288//5887 4024//5907 4023//5908
f 4290//5889 4289//5888 4023//5908 4022//5909
f 4291//5890 4290//5889 4022//5909 4021//5910
f 4292//5891 4291//5890 4021//5910 4020//5911
f 4293//5892 4292//5891 4020//5911 4019//5912
f 4294//5893 4293//5892 4019//5912 4018//5913
f 4295//5894 4294//5893 4018//5913 4016//5914
f 4276//5875 4295//5894 4016//5914 4017//5895
s 10
f 4297//5432 4296//5434 4015//5915 4014//5916
f 4298//5430 4297//5432 4014//5916 4013//5917
f 4299//5428 4298//5430 4013//5917 4012//5918
f 4300//5426 4299//5428 4012//5918 4011//5919
f 4301//5424 4300//5426 4011//5919 4010//5920
f 4302//5422 4301//5424 4010//5920 4009//5921
f 4303//5420 4302//5422 4009//5921 4008//5922
f 4304//5418 4303//5420 4008//5922 4007//5923
f 4305//5416 4304//5418 4007//5923 4006//5924
f 4306//5414 4305//5416 4006//5924 4005//5925
f 4307//5412 4306//5414 4005//5925 4004//5926
f 4308//5410 4307//5412 4004//5926 4003//5927
f 4309//5408 4308//5410 4003//5927 4002//5928
f 4310//5406 4309//5408 4002//5928 4001//5929
f 4311//5404 4310//5406 4001//5929 4000//5930
f 4312//5402 4311//5404 4000//5930 3999//5931
f 4313//5400 4312//5402 3999//5931 3998//5932
f 4314//5397 4313//5400 3998//5932 3997//5933
f 4315//5398 4314//5397 3997//5933 3996//5934
f 4296//5434 4315//5398 3996//5934 4015//5915
s 12
f 4317//5552 4316//5554 4336//5935 4337//5936
f 4318//5550 4317//5552 4337//5936 4338//5937
f 4319//5548 4318//5550 4338//5937 4339//5938
f 4320//5546 4319//5548 4339//5938 4340//5939
f 4321//5544 4320//5546 4340//5939 4341//5940
f 4322//5542 4321//5544 4341//5940 4342//5941
f 4323//5540 4322//5542 4342//5941 4343//5942
f 4324//5538 4323//5540 4343//5942 4344//5943
f 4325//5536 4324//5538 4344//5943 4345//5944
f 4326//5534 4325//5536 4345//5944 4346//5945
f 4327//5532 4326//5534 4346//5945 4347//5946
f 4328//5530 4327//5532 4347//5946 4348//5947
f 4329//5528 4328//5530 4348//5947 4349//5948
f 4330//5526 4329//5528 4349//5948 4350//5949
f 4331//5524 4330//5526 4350//5949 4351//5950
f 4332//5522 4331//5524 4351//5950 4352//5951
f 4333//5520 4332//5522 4352//5951 4353//5952
f 4334//5517 4333//5520 4353//5952 4354//5953
f 4335//5518 4334//5517 4354//5953 4355//5954
f 4316//5554 4335//5518 4355//5954 4336//5935
f 4337//5936 4336//5935 4055//5955 4054//5956
f 4338//5937 4337//5936 4054//5956 4053//5957
f 4339//5938 4338//5937 4053//5957 4052//5958
f 4340//5939 4339//5938 4052//5958 4051//5959
f 4341//5940 4340//5939 4051//5959 4050//5960
f 4342//5941 4341//5940 4050//5960 4049//5961
f 4343//5942 4342//5941 4049//5961 4048//5962
f 4344//5943 4343//5942 4048//5962 4047//5963
f 4345//5944 4344//5943 4047//5963 4046//5964
f 4346//5945 4345//5944 4046//5964 4045//5965
f 4347//5946 4346//5945 4045//5965 4044//5966
f 4348//5947 4347//5946 4044//5966 4043//5967
f 4349//5948 4348//5947 4043//5967 4042//5968
f 4350//5949 4349//5948 4042//5968 4041//5969
f 4351//5950 4350//5949 4041//5969 4040//5970
f 4352//5951 4351//5950 4040//5970 4039//5971
f 4353//5952 4352//5951 4039//5971 4038//5972
f 4354//5953 4353//5952 4038//5972 4037//5973
f 4355//5954 4354//5953 4037//5973 4036//5974
f 4336//5935 4355//5954 4036//5974 4055//5955
s 13
f 4357//5558 4356//5557 4376//5975 4377//5976
f 4358//5594 4357//5558 4377//5976 4378//5977
f 4359//5592 4358//5594 4378//5977 4379//5978
f 4360//5590 4359//5592 4379//5978 4380//5979
f 4361//5588 4360//5590 4380//5979 4381//5980
f 4362//5586 4361//5588 4381//5980 4382//5981
f 4363//5584 4362//5586 4382//5981 4383//5982
f 4364//5582 4363//5584 4383//5982 4384//5983
f 4365//5580 4364//5582 4384//5983 4385//5984
f 4366//5578 4365//5580 4385//5984 4386//5985
f 4367//5576 4366//5578 4386//5985 4387//5986
f 4368//5574 4367//5576 4387//5986 4388//5987
f 4369//5572 4368//5574 4388//5987 4389//5988
f 4370//5570 4369//5572 4389//5988 4390//5989
f 4371//5568 4370//5570 4390//5989 4391//5990
f 4372//5566 4371//5568 4391//5990 4392//5991
f 4373//5564 4372//5566 4392//5991 4393//5992
f 4374//5562 4373//5564 4393//5992 4394//5993
f 4375//5560 4374//5562 4394//5993 4395//5994
f 4356//5557 4375//5560 4395//5994 4376//5975
f 4377//5976 4376//5975 4056//5995 4057//5996
f 4378//5977 4377//5976 4057//5996 4075//5997
f 4379//5978 4378//5977 4075//5997 4074//5998
f 4380//5979 4379//5978 4074//5998 4073//5999
f 4381//5980 4380//5979 4073//5999 4072//6000
f 4382//5981 4381//5980 4072//6000 4071//6001
f 4383//5982 4382//5981 4071//6001 4070//6002
f 4384//5983 4383//5982 4070//6002 4069//6003
f 4385//5984 4384//5983 4069//6003 4068//6004
f 4386//5985 4385//5984 4068//6004 4067//6005
f 4387//5986 4386//5985 4067//6005 4066//6006
f 4388//5987 4387//5986 4066//6006 4065//6007
f 4389//5988 4388//5987 4065//6007 4064//6008
f 4390//5989 4389//5988 4064//6008 4063//6009
f 4391//5990 4390//5989 4063//6009 4062//6010
f 4392//5991 4391//5990 4062//6010 4061//6011
f 4393//5992 4392//5991 4061//6011 4060//6012
f 4394//5993 4393//5992 4060//6012 4059//6013
f 4395//5994 4394//5993 4059//6013 4058//6014
f 4376//5975 4395//5994 4058//6014 4056//5995
s 15
f 4397//6015 4396//6016 4097//6017 4115//6018
f 4398//6019 4397//6015 4115//6018 4114//6020
f 4399//6021 4398//6019 4114//6020 4113//6022
f 4400//6023 4399//6021 4113//6022 4112//6024
f 4401//6025 4400//6023 4112//6024 4111//6026
f 4402//6027 4401//6025 4111//6026 4110//6028
f 4403//6029 4402//6027 4110//6028 4109//6030
f 4404//6031 4403//6029 4109//6030 4108//6032
f 4405//6033 4404//6031 4108//6032 4107//6034
f 4406//6035 4405//6033 4107//6034 4106//6036
f 4407//6037 4406//6035 4106//6036 4105//6038
f 4408//6039 4407//6037 4105//6038 4104//6040
f 4409//6041 4408//6039 4104//6040 4103//6042
f 4410//6043 4409//6041 4103//6042 4102//6044
f 4411//6045 4410//6043 4102//6044 4101//6046
f 4412//6047 4411//6045 4101//6046 4100//6048
f 4413//6049 4412//6047 4100//6048 4099//6050
f 4414//6051 4413//6049 4099//6050 4098//6052
f 4415//6053 4414//6051 4098//6052 4096//6054
f 4396//6016 4415//6053 4096//6054 4097//6017
f 4417//5674 4416//5638 4396//6016 4397//6015
f 4418//5672 4417//5674 4397//6015 4398//6019
f 4419//5670 4418//5672 4398//6019 4399//6021
f 4420//5668 4419//5670 4399//6021 4400//6023
f 4421//5666 4420//5668 4400//6023 4401//6025
f 4422//5664 4421//5666 4401//6025 4402//6027
f 4423//5662 4422//5664 4402//6027 4403//6029
f 4424//5660 4423//5662 4403//6029 4404//6031
f 4425//5658 4424//5660 4404//6031 4405//6033
f 4426//5656 4425//5658 4405//6033 4406//6035
f 4427//5654 4426//5656 4406//6035 4407//6037
f 4428//5652 4427//5654 4407//6037 4408//6039
f 4429//5650 4428//5652 4408//6039 4409//6041
f 4430//5648 4429//5650 4409//6041 4410//6043
f 4431//5646 4430//5648 4410//6043 4411//6045
f 4432//5644 4431//5646 4411//6045 4412//6047
f 4433//5642 4432//5644 4412//6047 4413//6049
f 4434//5640 4433//5642 4413//6049 4414//6051
f 4435//5637 4434//5640 4414//6051 4415//6053
f 4416//5638 4435//5637 4415//6053 4396//6016
s 17
f 4437//6055 4436//6056 4153//6057 4152//6058
f 4438//6059 4437//6055 4152//6058 4151//6060
f 4439//6061 4438//6059 4151//6060 4150//6062
f 4440//6063 4439//6061 4150//6062 4149//6064
f 4441//6065 4440//6063 4149//6064 4148//6066
f 4442//6067 4441//6065 4148//6066 4147//6068
f 4443//6069 4442//6067 4147//6068 4146//6070
f 4444//6071 4443//6069 4146//6070 4145//6072
f 4445//6073 4444//6071 4145//6072 4144//6074
f 4446//6075 4445//6073 4144//6074 4143//6076
f 4447//6077 4446//6075 4143//6076 4142//6078
f 4448//6079 4447//6077 4142//6078 4141//6080
f 4449//6081 4448//6079 4141//6080 4140//6082
f 4450//6083 4449//6081 4140//6082 4139//6084
f 4451//6085 4450//6083 4139//6084 4138//6086
f 4452//6087 4451//6085 4138//6086 4136//6088
f 4453//6089 4452//6087 4136//6088 4137//6090
f 4454//6091 4453//6089 4137//6090 4155//6092
f 4455//6093 4454//6091 4155//6092 4154//6094
f 4436//6056 4455//6093 4154//6094 4153//6057
f 4457//5748 4456//5750 4436//6056 4437//6055
f 4458//5746 4457//5748 4437//6055 4438//6059
f 4459//5744 4458//5746 4438//6059 4439//6061
f 4460//5742 4459//5744 4439//6061 4440//6063
f 4461//5740 4460//5742 4440//6063 4441//6065
f 4462//5738 4461//5740 4441//6065 4442//6067
f 4463//5736 4462//5738 4442//6067 4443//6069
f 4464//5734 4463//5736 4443//6069 4444//6071
f 4465//5732 4464//5734 4444//6071 4445//6073
f 4466//5730 4465//5732 4445//6073 4446//6075
f 4467//5728 4466//5730 4446//6075 4447//6077
f 4468//5726 4467//5728 4447//6077 4448//6079
f 4469//5724 4468//5726 4448//6079 4449//6081
f 4470//5722 4469//5724 4449//6081 4450//6083
f 4471//5720 4470//5722 4450//6083 4451//6085
f 4472//5717 4471//5720 4451//6085 4452//6087
f 4473//5718 4472//5717 4452//6087 4453//6089
f 4474//5754 4473//5718 4453//6089 4454//6091
f 4475//5752 4474//5754 4454//6091 4455//6093
f 4456//5750 4475//5752 4455//6093 4436//6056
